"cohort","age","period","window_end_period","loans_at_risk","defaults_3m","rd3m","q","y_logit","mu","residual_after_mean","age_effect","residual_after_age","cohort_effect","residual_after_cohort","period_effect","residual_after_period","fitted_logit","fitted_rd3m","reconstructed_q","risk_base","risk_after_age","risk_after_cohort","risk_after_period","contribution_age","contribution_cohort","contribution_period","contribution_residual","reconstructed_rd3m"
"2018-01-01",1,"2018-02-01","2018-04-01",1202,3,0.00249584026622296,0.0029093931837074,-5.83689711378438,-3.80673473380674,-2.03016237997764,-1.7073653881347,-0.322796991842942,-0.903694064077654,0.580897072234713,0.580897072234713,0,-5.83689711378438,0.0029093931837074,0.0029093931837074,0.0217375941071289,0.00401337969127483,0.0016295928053264,0.0029093931837074,-0.0177242144158541,-0.00238378688594843,0.001279800378381,-0.000413552917484436,0.00249584026622296
"2018-01-01",2,"2018-03-01","2018-05-01",1168,6,0.00513698630136986,0.00556030795551754,-5.18652596055992,-3.80673473380674,-1.37979122675318,-0.802500335743768,-0.577290891009411,-0.903694064077654,0.326403173068243,-0.396507150136696,0.722910323204939,-5.90943628376486,0.00270637189686295,0.00556030795551753,0.0217375941071289,0.00986122148763851,0.00401806317023154,0.00270637189686295,-0.0118763726194904,-0.00584315831740697,-0.00131169127336859,0.00243061440450691,0.00513698630136986
"2018-01-01",3,"2018-04-01","2018-06-01",1110,9,0.00810810810810811,0.00855085508550855,-4.7531363676359,-3.80673473380674,-0.946401633829161,-0.337459829206784,-0.608941804622378,-0.903694064077654,0.294752259455277,0.27505240061418,0.0196998588410964,-4.772836226477,0.00838545154440016,0.00855085508550855,0.0217375941071289,0.0156087071675435,0.00638189011947489,0.00838545154440016,-0.00612888693958539,-0.00922681704806866,0.00200356142492527,-0.000277343436292052,0.00810810810810811
"2018-01-01",4,"2018-05-01","2018-07-01",1066,7,0.00656660412757974,0.007029053420806,-4.95064935716609,-3.80673473380674,-1.14391462335935,-0.182480278425218,-0.96143434493413,-0.903694064077654,-0.0577402808564754,-0.0687089727953612,0.0109686919388857,-4.96161804910497,0.00695290833454481,0.007029053420806,0.0217375941071289,0.0181776956171205,0.00744374893302957,0.00695290833454481,-0.00355989849000843,-0.0107339466840909,-0.00049084059848476,-0.000386304206965075,0.00656660412757974
"2018-01-01",5,"2018-06-01","2018-08-01",1013,4,0.00394866732477789,0.00443786982248521,-5.41313304097662,-3.80673473380674,-1.60639830716988,-0.110329660461367,-1.49606864670851,-0.903694064077654,-0.592374582630855,-0.438695231395139,-0.153679351235716,-5.2594536897409,0.00517126277516049,0.00443786982248521,0.0217375941071289,0.019511164970081,0.00799621626706322,0.00517126277516049,-0.00222642913704798,-0.0115149487030177,-0.00282495349190272,-0.00122259545038261,0.00394866732477789
"2018-01-01",6,"2018-07-01","2018-09-01",961,2,0.00208116545265349,0.0025987525987526,-5.9501215835736,-3.80673473380674,-2.14338684976686,-0.00462210480800024,-2.13876474495886,-0.903694064077654,-1.2350706808812,-0.410162795844821,-0.824907885036383,-5.12521369853722,0.00590981326883712,0.0025987525987526,0.0217375941071289,0.0216395216911312,0.00887985176450785,0.00590981326883712,-9.8072415997727e-05,-0.0127596699266234,-0.00297003849567073,-0.00382864781618364,0.00208116545265349
"2018-01-01",7,"2018-08-01","2018-10-01",927,2,0.00215749730312837,0.00269396551724138,-5.9140434001394,-3.80673473380674,-2.10730866633266,0.0795860484344686,-2.18689471476712,-0.903694064077654,-1.28320065068947,-0.298646245234361,-0.98455440545511,-4.92948899468429,0.0071782965087134,0.00269396551724138,0.0217375941071289,0.0234959992497771,0.0096524636080249,0.0071782965087134,0.00175840514264819,-0.0138435356417522,-0.0024741670993115,-0.00502079920558502,0.00215749730312837
"2018-01-01",8,"2018-09-01","2018-11-01",904,3,0.00331858407079646,0.00386740331491713,-5.551297074148,-3.80673473380674,-1.74456234034126,0.14017796756865,-1.88474030790991,-0.903694064077654,-0.981046243832259,-0.4410899632397,-0.539956280592559,-5.01134079355545,0.00661787693118587,0.00386740331491713,0.0217375941071289,0.0249270977186229,0.0102492274926932,0.00661787693118587,0.00318950361149392,-0.0146778702259297,-0.00363135056150734,-0.00329929286038941,0.00331858407079646
"2018-01-01",9,"2018-10-01","2018-12-01",866,4,0.0046189376443418,0.00519031141868512,-5.25575775212924,-3.80673473380674,-1.4490230183225,0.188722894148899,-1.6377459124714,-0.903694064077654,-0.734051848393744,-0.178129695122228,-0.555922153271516,-4.69983559885773,0.00901476721210377,0.00519031141868512,0.0217375941071289,0.026134629384257,0.0107535676092608,0.00901476721210377,0.00439703527712805,-0.0153810617749961,-0.00173880039715708,-0.00439582956776196,0.0046189376443418
"2018-01-01",10,"2018-11-01","2019-01-01",842,8,0.00950118764845606,0.0100830367734282,-4.58676657960562,-3.80673473380674,-0.780031845798877,0.249100324734697,-1.02913217053357,-0.903694064077654,-0.12543810645592,-0.0438615305362023,-0.0815765759197181,-4.5051900036859,0.0109306897532061,0.0100830367734282,0.0217375941071289,0.0277160988991316,0.0114152017118345,0.0109306897532061,0.00597850479200264,-0.0163008971872971,-0.000484511958628357,-0.00142950210475006,0.00950118764845606
"2018-01-01",11,"2018-12-01","2019-02-01",813,10,0.01230012300123,0.0128992628992629,-4.33760192801409,-3.80673473380674,-0.530867194207349,0.289264109856582,-0.820131304063931,-0.903694064077654,0.0835627600137235,0.112416524094737,-0.0288537640810139,-4.30874816393308,0.0132718651403433,0.0128992628992629,0.0217375941071289,0.0288192054610655,0.0118774546483037,0.0132718651403433,0.00708161135393656,-0.0169417508127618,0.00139441049203966,-0.000971742139113311,0.01230012300123
"2018-01-01",12,"2019-01-01","2019-03-01",781,11,0.0140845070422535,0.0147058823529412,-4.20469261939097,-3.80673473380674,-0.397957885584225,0.294297372332265,-0.69225525791649,-0.903694064077654,0.211438806161164,0.225471639234264,-0.0140328330731,-4.19065978631787,0.0149106035654512,0.0147058823529412,0.0217375941071289,0.0289604143169464,0.0119366722967759,0.0149106035654512,0.00722282020981744,-0.0170237420201705,0.00297393126867526,-0.000826096523197629,0.0140845070422535
"2018-01-01",13,"2019-02-01","2019-04-01",751,8,0.0106524633821571,0.0113031914893617,-4.47130260240394,-3.80673473380674,-0.664567868597198,0.303514845354915,-0.968082713952112,-0.903694064077654,-0.064388649874458,0.0940197986978563,-0.158408448572314,-4.31289415383162,0.0132176798281132,0.0113031914893617,0.0217375941071289,0.0292207539062206,0.0120458754078996,0.0132176798281132,0.0074831597990917,-0.0171748784983211,0.00117180442021369,-0.00256521644595612,0.0106524633821571
"2018-01-01",14,"2019-03-01","2019-05-01",732,6,0.00819672131147541,0.00886766712141883,-4.71643630610875,-3.80673473380674,-0.909701572302005,0.282992614882479,-1.19269418718448,-0.903694064077654,-0.28900012310683,0.099039815618788,-0.388039938725618,-4.32839636738313,0.0130170032440968,0.00886766712141882,0.0217375941071289,0.028644192466134,0.0118040748705583,0.0130170032440968,0.0069065983590051,-0.0168401175955757,0.00121292837353849,-0.00482028193262138,0.00819672131147541
"2018-01-01",15,"2019-04-01","2019-06-01",703,5,0.00711237553342817,0.0078125,-4.84418708645859,-3.80673473380674,-1.03745235265185,0.290285959980498,-1.32773831263235,-0.903694064077654,-0.424044248554693,0.13539683365246,-0.559441082207153,-4.28474600425144,0.0135898908444543,0.0078125,0.0217375941071289,0.0288478194500509,0.0118894534542134,0.0135898908444543,0.00711022534292199,-0.0169583659958375,0.00170043739024089,-0.00647751531102614,0.00711237553342817
"2018-01-01",16,"2019-05-01","2019-07-01",680,5,0.00735294117647059,0.00807635829662261,-4.81070506516183,-3.80673473380674,-1.00397033135509,0.255943184868061,-1.25991351622315,-0.903694064077654,-0.356219452145494,0.125605706799516,-0.48182515894501,-4.32887990621682,0.0130107924121155,0.00807635829662261,0.0217375941071289,0.02790109687394,0.0114926814060121,0.0130107924121155,0.00616350276681102,-0.0164084154679279,0.0015181110061034,-0.00565785123564491,0.00735294117647059
"2018-01-01",17,"2019-06-01","2019-08-01",658,7,0.0106382978723404,0.0113808801213961,-4.46437437602263,-3.80673473380674,-0.657639642215893,0.264080020949498,-0.921719663165392,-0.903694064077654,-0.0180255990877374,0.311937835130062,-0.329963434217799,-4.13441094180484,0.0157597478375645,0.0113808801213961,0.0217375941071289,0.028122639040942,0.0115854891331482,0.0157597478375645,0.00638504493381307,-0.0165371499077938,0.00417425870441633,-0.00512144996522411,0.0106382978723404
"2018-01-01",18,"2019-07-01","2019-09-01",643,10,0.015552099533437,0.016304347826087,-4.09988474259772,-3.80673473380674,-0.293150008790975,0.253616829857505,-0.54676683864848,-0.903694064077654,0.356927225429174,0.379299877568343,-0.0223726521391686,-4.07751209045855,0.0166670821865871,0.016304347826087,0.0217375941071289,0.0278380692675519,0.0114662826305916,0.0166670821865871,0.00610047516042296,-0.0163717866369603,0.00520079955599553,-0.00111498265315013,0.015552099533437
"2018-01-01",19,"2019-08-01","2019-10-01",627,11,0.0175438596491228,0.018312101910828,-3.98171128723519,-3.80673473380674,-0.174976553428453,0.241048700025503,-0.416025253453956,-0.903694064077654,0.487668810623698,0.331113081031449,0.156555729592249,-4.13826701682744,0.0157000463521514,0.018312101910828,0.0217375941071289,0.0274999475031061,0.0113246965008872,0.0157000463521514,0.00576235339597715,-0.0161752510022189,0.00437534985126422,0.00184381329697144,0.0175438596491228
"2018-01-01",20,"2019-09-01","2019-11-01",607,12,0.0197693574958814,0.0205592105263158,-3.8636727444871,-3.80673473380674,-0.0569380106803581,0.19016434378928,-0.247102354469638,-0.903694064077654,0.656591709608016,0.279939824453181,0.376651885154835,-4.24032462964194,0.0141984168727787,0.0205592105263158,0.0217375941071289,0.0261713416691865,0.0107689124662232,0.0141984168727787,0.00443374756205756,-0.0154024292029633,0.00342950440655557,0.00557094062310266,0.0197693574958814
"2018-01-01",21,"2019-10-01","2019-12-01",583,8,0.0137221269296741,0.0145547945205479,-4.21517306466567,-3.80673473380674,-0.408438330858925,0.159736706239509,-0.568175037098435,-0.903694064077654,0.33551902697922,0.327238288421553,0.00828073855766642,-4.22345380322333,0.0144365004805831,0.014554794520548,0.0217375941071289,0.0254069305137959,0.0104495473338582,0.0144365004805831,0.00366933640666691,-0.0149573831799376,0.00398695314672491,-0.000714373550909038,0.0137221269296741
"2018-01-01",22,"2019-11-01","2020-01-01",569,6,0.0105448154657293,0.0114035087719298,-4.46236515657824,-3.80673473380674,-0.655630422771498,0.116545108534489,-0.772175531305988,-0.903694064077654,0.131518532771666,0.340221937540722,-0.208703404769056,-4.25366175180918,0.0140129440141938,0.0114035087719298,0.0217375941071289,0.0243590873272493,0.0100122454074824,0.0140129440141938,0.00262149322012033,-0.0143468419197669,0.0040006986067114,-0.00346812854846441,0.0105448154657293
"2018-01-01",23,"2019-12-01","2020-02-01",546,6,0.010989010989011,0.0118829981718464,-4.42069246017767,-3.80673473380674,-0.613957726370931,0.134096448024832,-0.748054174395762,-0.903694064077654,0.155639889681892,0.398743386412819,-0.243103496730927,-4.17758896344675,0.0151038137402463,0.0118829981718464,0.0217375941071289,0.0247797081878399,0.010187718847429,0.0151038137402463,0.00304211408071098,-0.0145919893404109,0.00491609489281726,-0.00411480275123531,0.010989010989011
"2018-01-01",24,"2020-01-01","2020-03-01",533,8,0.0150093808630394,0.0159176029962547,-4.12428402682074,-3.80673473380674,-0.317549293013994,0.136933913842919,-0.454483206856913,-0.903694064077654,0.449210857220741,0.267163533020558,0.182047324200182,-4.30633135102092,0.0133035523113186,0.0159176029962547,0.0217375941071289,0.024848370001482,0.0102163714548406,0.0133035523113186,0.00311077589435308,-0.0146319985466414,0.00308718085647803,0.00170582855172078,0.0150093808630394
"2018-01-01",25,"2020-02-01","2020-04-01",517,9,0.0174081237911025,0.0183397683397683,-3.98017341688212,-3.80673473380674,-0.173438683075378,0.153144376103385,-0.326583059178763,-0.903694064077654,0.577111004898892,0.020954849412792,0.5561561554861,-4.53632957236822,0.0105991099017517,0.0183397683397683,0.0217375941071289,0.025244204774237,0.0103815998361797,0.0105991099017517,0.00350661066710802,-0.0148626049380573,0.000217510065572041,0.00680901388935081,0.0174081237911025
"2018-01-01",26,"2020-03-01","2020-05-01",506,8,0.0158102766798419,0.0167652859960552,-4.07153742590562,-3.80673473380674,-0.264802692098881,0.150824454081345,-0.415627146180226,-0.903694064077654,0.488066917897428,-0.109104323685269,0.597171241582697,-4.66870866748832,0.00929713223862978,0.0167652859960552,0.0217375941071289,0.0251871814349458,0.010357792422718,0.00929713223862978,0.00344958732781681,-0.0148293890122278,-0.00106066018408822,0.00651314444121212,0.0158102766798419
"2018-01-01",27,"2020-04-01","2020-06-01",496,6,0.0120967741935484,0.0130784708249497,-4.32362310210383,-3.80673473380674,-0.516888368297085,0.182987039848669,-0.699875408145754,-0.903694064077654,0.2038186559319,-0.0839574631687652,0.287776119100665,-4.61139922120449,0.00984011315751226,0.0130784708249497,0.0217375941071289,0.0259890387722965,0.0106927209195591,0.00984011315751226,0.00425144466516755,-0.0152963178527374,-0.000852607762046809,0.00225666103603613,0.0120967741935484
"2018-01-01",28,"2020-05-01","2020-07-01",483,8,0.0165631469979296,0.0175619834710744,-4.02430071848917,-3.80673473380674,-0.217565984682433,0.161161887237147,-0.37872787191958,-0.903694064077654,0.524966192158074,0.147768516703317,0.377197675454757,-4.40149839394393,0.012110495340561,0.0175619834710744,0.0217375941071289,0.0254422438960924,0.0104642944968775,0.012110495340561,0.00370464978896346,-0.0149779493992149,0.00164620084368356,0.00445265165736859,0.0165631469979296
"2018-01-01",29,"2020-06-01","2020-08-01",469,5,0.0106609808102345,0.0117021276595745,-4.43621346601547,-3.80673473380674,-0.629478732208727,0.142171123824215,-0.771649856032943,-0.903694064077654,0.132044208044712,0.304798858195984,-0.172754650151272,-4.2634588158642,0.0138782245909716,0.0117021276595745,0.0217375941071289,0.024975588751243,0.0102694661794593,0.0138782245909716,0.00323799464411409,-0.0147061225717837,0.00360875841151223,-0.00321724378073702,0.0106609808102345
"2018-01-01",30,"2020-07-01","2020-09-01",458,7,0.0152838427947598,0.0163398692810458,-4.09767235231477,-3.80673473380674,-0.290937618508034,0.125435575789942,-0.416373194297976,-0.903694064077654,0.487320869779678,0.275080610897249,0.212240258882429,-4.3099126111972,0.0132566245014791,0.0163398692810458,0.0217375941071289,0.0245712715617039,0.0101007526962837,0.0132566245014791,0.00283367745457492,-0.0144705188654201,0.00315587180519534,0.00202721829328076,0.0152838427947598
"2018-01-01",31,"2020-08-01","2020-10-01",447,3,0.00671140939597315,0.0078125,-4.84418708645859,-3.80673473380674,-1.03745235265185,0.116476719657313,-1.15392907230916,-0.903694064077654,-0.250235008231509,0.214259832349531,-0.464494840581041,-4.37969224587755,0.0123741752558665,0.00781249999999999,0.0217375941071289,0.0243574620690612,0.0100115675596226,0.0123741752558665,0.00261986796193227,-0.0143458945094386,0.00236260769624383,-0.00566276585989332,0.00671140939597315
"2018-01-01",32,"2020-09-01","2020-11-01",440,9,0.0204545454545455,0.0215419501133787,-3.81597571191699,-3.80673473380674,-0.00924097811024627,0.132416258675008,-0.141657236785254,-0.903694064077654,0.7620368272924,0.143894773994937,0.618142053297463,-4.43411776521445,0.0117263896521068,0.0215419501133787,0.0217375941071289,0.0247391376828066,0.0101707898730744,0.0117263896521068,0.00300154357567763,-0.0145683478097322,0.00155559977903241,0.00872815580243866,0.0204545454545455
"2018-01-01",33,"2020-10-01","2020-12-01",424,10,0.0235849056603774,0.0247058823529412,-3.67569771741187,-3.80673473380674,0.131037016394869,0.139526428591446,-0.00848941219657656,-0.903694064077654,0.895204651881078,0.200544233240718,0.694660418640359,-4.37035813605223,0.0124887686718213,0.0247058823529412,0.0217375941071289,0.0249112664840387,0.0102426202720347,0.0124887686718213,0.0031736723769098,-0.014668646212004,0.00224614839978651,0.0110961369885561,0.0235849056603774
"2018-01-01",34,"2020-11-01","2021-01-01",414,14,0.0338164251207729,0.0349397590361446,-3.31856511708189,-3.80673473380674,0.488169616724856,0.131428628410337,0.35674098831452,-0.903694064077654,1.26043505239217,0.302336275571726,0.958098776820447,-4.27666389390233,0.0136986602004807,0.0349397590361446,0.0217375941071289,0.0247153201974912,0.0101608518670784,0.0136986602004807,0.00297772609036222,-0.0145544683304128,0.00353780833340226,0.0201177649202923,0.0338164251207729
"2018-02-01",1,"2018-03-01","2018-05-01",986,0,0,0.000506585612968592,-7.58731050602262,-3.80673473380674,-3.78057577221587,-1.7073653881347,-2.07321038408118,-0.82035510260232,-1.25285528147886,-0.396507150136696,-0.856348131342159,-6.73096237468046,0.00119196145521988,0.000506585612968592,0.0217375941071289,0.00401337969127483,0.00177097016854886,0.00119196145521988,-0.0177242144158541,-0.00224240952272597,-0.000579008713328977,-0.00119196145521988,1.51788304147971e-18
"2018-02-01",2,"2018-04-01","2018-06-01",963,5,0.00519210799584631,0.00570539419087137,-5.16062147024727,-3.80673473380674,-1.35388673644053,-0.802500335743768,-0.551386400696765,-0.82035510260232,0.268968701905555,0.27505240061418,-0.00608369870862541,-5.15453777153865,0.00574001004441887,0.00570539419087137,0.0217375941071289,0.00986122148763851,0.00436574914490652,0.00574001004441887,-0.0118763726194904,-0.00549547234273198,0.00137426089951235,-0.000547902048572559,0.00519210799584631
"2018-02-01",3,"2018-05-01","2018-07-01",911,6,0.00658616904500549,0.00712719298245614,-4.93668510042188,-3.80673473380674,-1.12995036661514,-0.337459829206784,-0.792490537408352,-0.82035510260232,0.0278645651939681,-0.0687089727953612,0.0965735379893292,-5.03325863841121,0.00647533439490552,0.00712719298245613,0.0217375941071289,0.0156087071675435,0.0069326960264684,0.00647533439490552,-0.00612888693958539,-0.00867601114107515,-0.000457361631562881,0.00011083465009997,0.00658616904500549
"2018-02-01",4,"2018-06-01","2018-08-01",874,7,0.0080091533180778,0.00857142857142857,-4.75071249127875,-3.80673473380674,-0.943977757472008,-0.182480278425218,-0.76149747904679,-0.82035510260232,0.0588576235555299,-0.438695231395139,0.497552854950669,-5.24826534622942,0.00522914127101452,0.00857142857142858,0.0217375941071289,0.0181776956171205,0.00808545561020699,0.00522914127101452,-0.00355989849000843,-0.0100922400069135,-0.00285631433919248,0.00278001204706329,0.0080091533180778
"2018-02-01",5,"2018-07-01","2018-09-01",834,3,0.00359712230215827,0.00419161676646707,-5.47046833013761,-3.80673473380674,-1.66373359633087,-0.110329660461367,-1.55340393586951,-0.82035510260232,-0.733048833267186,-0.410162795844821,-0.322886037422365,-5.14758229271525,0.00577984217048367,0.00419161676646707,0.0217375941071289,0.019511164970081,0.00868513300171206,0.00577984217048367,-0.00222642913704798,-0.0108260319683689,-0.00290529083122839,-0.00218271986832539,0.00359712230215827
"2018-02-01",6,"2018-08-01","2018-10-01",808,6,0.00742574257425743,0.00803461063040791,-4.81592967810258,-3.80673473380674,-1.00919494429584,-0.00462210480800024,-1.00457283948784,-0.82035510260232,-0.184217736885518,-0.298646245234361,0.114428508348843,-4.93035818645142,0.00717210463286837,0.00803461063040791,0.0217375941071289,0.0216395216911312,0.00964415828906787,0.00717210463286837,-9.8072415997727e-05,-0.0119953634020633,-0.00247205365619949,0.000253637941389053,0.00742574257425743
"2018-02-01",7,"2018-09-01","2018-11-01",790,8,0.010126582278481,0.0107458912768647,-4.52242775891804,-3.80673473380674,-0.715693025111296,0.0795860484344686,-0.795279073545765,-0.82035510260232,0.0250760290565551,-0.4410899632397,0.466165992296255,-4.98859375121429,0.00676910857115183,0.0107458912768647,0.0217375941071289,0.0234959992497771,0.0104825670337559,0.00676910857115183,0.00175840514264819,-0.0130134322160213,-0.00371345846260405,0.00335747370732919,0.010126582278481
"2018-02-01",8,"2018-10-01","2018-12-01",768,8,0.0104166666666667,0.0110533159947984,-4.49390994820308,-3.80673473380674,-0.687175214396335,0.14017796756865,-0.827353181964986,-0.82035510260232,-0.00699807936266583,-0.178129695122228,0.171131615759563,-4.66504156396264,0.00933096966394484,0.0110533159947984,0.0217375941071289,0.0249270977186229,0.0111300753146034,0.00933096966394484,0.00318950361149392,-0.0137970224040195,-0.00179910565065854,0.00108569700272183,0.0104166666666667
"2018-02-01",9,"2018-11-01","2019-01-01",749,8,0.0106809078771696,0.0113333333333333,-4.46860899808172,-3.80673473380674,-0.661874264274974,0.188722894148899,-0.850597158423873,-0.82035510260232,-0.0302420558215534,-0.0438615305362023,0.0136194747146489,-4.48222847279636,0.0111817398881652,0.0113333333333333,0.0217375941071289,0.026134629384257,0.0116772484732569,0.0111817398881652,0.00439703527712805,-0.0144573809110001,-0.00049550858509172,-0.000500832010995655,0.0106809078771696
"2018-02-01",10,"2018-12-01","2019-02-01",729,7,0.00960219478737997,0.0102739726027397,-4.56781439944432,-3.80673473380674,-0.761079665637581,0.249100324734697,-1.01017999037228,-0.82035510260232,-0.189824887769959,0.112416524094737,-0.302241411864696,-4.26557298757963,0.0138493205581119,0.0102739726027397,0.0217375941071289,0.0277160988991316,0.012395001751435,0.0138493205581119,0.00597850479200264,-0.0153210971476965,0.00145431880667687,-0.00424712577073193,0.00960219478737997
"2018-02-01",11,"2019-01-01","2019-03-01",704,8,0.0113636363636364,0.0120567375886525,-4.40600162972359,-3.80673473380674,-0.599266895916848,0.289264109856582,-0.88853100577343,-0.82035510260232,-0.0681759031711106,0.225471639234264,-0.293647542405375,-4.11235408731821,0.0161055595811558,0.0120567375886525,0.0217375941071289,0.0288192054610655,0.0128964136117583,0.0161055595811558,0.00708161135393656,-0.0159227918493072,0.00320914596939754,-0.00474192321751945,0.0113636363636364
"2018-02-01",12,"2019-02-01","2019-04-01",678,7,0.0103244837758112,0.0110456553755523,-4.49461099542103,-3.80673473380674,-0.687876261614286,0.294297372332265,-0.982173633946551,-0.82035510260232,-0.161818531344231,0.0940197986978563,-0.255838330042088,-4.23877266537894,0.0142201558257045,0.0110456553755523,0.0217375941071289,0.0289604143169464,0.0129606448683779,0.0142201558257045,0.00722282020981744,-0.0159997694485685,0.0012595109573266,-0.00389567204989325,0.0103244837758112
"2018-02-01",13,"2019-03-01","2019-05-01",660,8,0.0121212121212121,0.0128593040847201,-4.34074497570058,-3.80673473380674,-0.534010241893837,0.303514845354915,-0.837525087248751,-0.82035510260232,-0.0171699846464316,0.099039815618788,-0.11620980026522,-4.22453517543536,0.0144211226976465,0.0128593040847201,0.0217375941071289,0.0292207539062206,0.0130790918292352,0.0144211226976465,0.0074831597990917,-0.0161416620769854,0.00134203086841133,-0.00229991057643442,0.0121212121212121
"2018-02-01",14,"2019-04-01","2019-06-01",638,10,0.0156739811912226,0.0164319248826291,-4.09196077086682,-3.80673473380674,-0.285226037060084,0.282992614882479,-0.568218651942563,-0.82035510260232,0.252136450659757,0.13539683365246,0.116739617007297,-4.20870038787412,0.0146479241163143,0.0164319248826291,0.0217375941071289,0.028644192466134,0.0128168202858314,0.0146479241163143,0.0069065983590051,-0.0158273721803027,0.00183110383048287,0.00102605707490831,0.0156739811912226
"2018-02-01",15,"2019-05-01","2019-07-01",620,8,0.0129032258064516,0.0136876006441224,-4.27748277892261,-3.80673473380674,-0.47074804511587,0.290285959980498,-0.761034005096367,-0.82035510260232,0.0593210975059525,0.125605706799516,-0.0662846092935639,-4.21119816962905,0.0146119163979668,0.0136876006441224,0.0217375941071289,0.0288478194500509,0.012909428338971,0.0146119163979668,0.00711022534292199,-0.01593839111108,0.00170248805899583,-0.00170869059151518,0.0129032258064516
"2018-02-01",16,"2019-06-01","2019-08-01",605,9,0.0148760330578512,0.0156765676567657,-4.13978744293148,-3.80673473380674,-0.333052709124734,0.255943184868061,-0.588995893992795,-0.82035510260232,0.231359208609525,0.311937835130062,-0.080578626520537,-4.05920881641094,0.0169697287999485,0.0156765676567657,0.0217375941071289,0.02790109687394,0.0124790478058339,0.0169697287999485,0.00616350276681102,-0.0154220490681061,0.0044906809941146,-0.00209369574209722,0.0148760330578512
"2018-02-01",17,"2019-07-01","2019-09-01",571,10,0.0175131348511384,0.0183566433566434,-3.97923651701502,-3.80673473380674,-0.172501783208279,0.264080020949498,-0.436581804157777,-0.82035510260232,0.383773298444543,0.379299877568343,0.00447342087619979,-3.98370993789122,0.0182762071987193,0.0183566433566434,0.0217375941071289,0.028122639040942,0.0125797194468731,0.0182762071987193,0.00638504493381307,-0.0155429195940689,0.00569648775184613,-0.000763072347580909,0.0175131348511384
"2018-02-01",18,"2019-08-01","2019-10-01",557,11,0.0197486535008977,0.0206093189964158,-3.86118727224739,-3.80673473380674,-0.0544525384406476,0.253616829857505,-0.308069368298153,-0.82035510260232,0.512285734304167,0.331113081031449,0.181172653272718,-4.04235992552011,0.0172530974039015,0.0206093189964158,0.0217375941071289,0.0278380692675519,0.0124504118761423,0.0172530974039015,0.00610047516042296,-0.0153876573914096,0.00480268552775915,0.00249555609699618,0.0197486535008977
"2018-02-01",19,"2019-09-01","2019-11-01",537,9,0.0167597765363128,0.0176579925650558,-4.0187510067038,-3.80673473380674,-0.212016272897055,0.241048700025503,-0.453064972922558,-0.82035510260232,0.367290129679762,0.279939824453181,0.0873503052265805,-4.10610131193038,0.0162049425036926,0.0176579925650558,0.0217375941071289,0.0274999475031061,0.0122968248431809,0.0162049425036926,0.00576235339597715,-0.0152031226599252,0.00390811766051171,0.000554834032620227,0.0167597765363128
"2018-02-01",20,"2019-10-01","2019-12-01",516,5,0.00968992248062015,0.0106382978723404,-4.53259949315326,-3.80673473380674,-0.725864759346515,0.19016434378928,-0.916029103135795,-0.82035510260232,-0.095674000533475,0.327238288421553,-0.422912288955028,-4.10968720419823,0.0161478740471757,0.0106382978723404,0.0217375941071289,0.0261713416691865,0.0116938958005381,0.0161478740471757,0.00443374756205756,-0.0144774458686484,0.00445397824663757,-0.00645795156655551,0.00968992248062015
"2018-02-01",21,"2019-11-01","2020-01-01",498,9,0.0180722891566265,0.0190380761523046,-3.94209266336407,-3.80673473380674,-0.135357929557329,0.159736706239509,-0.295094635796838,-0.82035510260232,0.525260466805482,0.340221937540722,0.185038529264759,-4.12713119262883,0.0158730657420293,0.0190380761523046,0.0217375941071289,0.0254069305137959,0.0113474138331114,0.0158730657420293,0.00366933640666691,-0.0140595166806845,0.00452565190891787,0.00219922341459724,0.0180722891566265
"2018-02-01",22,"2019-12-01","2020-02-01",488,8,0.0163934426229508,0.0173824130879346,-4.03476106491408,-3.80673473380674,-0.228026331107335,0.116545108534489,-0.344571439641825,-0.82035510260232,0.475783662960495,0.398743386412819,0.0770402765476766,-4.11180134146175,0.0161143208294117,0.0173824130879346,0.0217375941071289,0.0243590873272493,0.0108729500552074,0.0161143208294117,0.00262149322012033,-0.0134861372720418,0.00524137077420425,0.000279121793539127,0.0163934426229508
"2018-02-01",23,"2020-01-01","2020-03-01",474,9,0.0189873417721519,0.02,-3.89182029811063,-3.80673473380674,-0.0850855643038853,0.134096448024832,-0.219182012328717,-0.82035510260232,0.601173090273603,0.267163533020558,0.334009557253045,-4.22582985536367,0.0144027327762975,0.02,0.0217375941071289,0.0247797081878399,0.0110633395300146,0.0144027327762975,0.00304211408071098,-0.0137163686578253,0.00333939324628289,0.00458460899585437,0.0189873417721519
"2018-02-01",24,"2020-02-01","2020-04-01",456,3,0.00657894736842105,0.00765864332603939,-4.86423230105982,-3.80673473380674,-1.05749756725308,0.136933913842919,-1.194431481096,-0.82035510260232,-0.374076378493682,0.020954849412792,-0.395031227906474,-4.46920107315335,0.0113267011170171,0.00765864332603939,0.0217375941071289,0.024848370001482,0.0110944271874207,0.0113267011170171,0.00311077589435308,-0.0137539428140614,0.00023227392959646,-0.00474775374859607,0.00657894736842105
"2018-02-01",25,"2020-03-01","2020-05-01",446,2,0.00448430493273543,0.00559284116331096,-5.1806593230798,-3.80673473380674,-1.37392458927306,0.153144376103385,-1.52706896537645,-0.82035510260232,-0.706713862774128,-0.109104323685269,-0.597609539088859,-4.58304978399095,0.0101202031166835,0.00559284116331096,0.0217375941071289,0.025244204774237,0.0112736945317428,0.0101202031166835,0.00350661066710802,-0.0139705102424941,-0.00115349141505928,-0.00563589818394811,0.00448430493273543
"2018-02-01",26,"2020-04-01","2020-06-01",437,1,0.0022883295194508,0.00342465753424658,-5.67332326717149,-3.80673473380674,-1.86658853336475,0.150824454081345,-2.0174129874461,-0.82035510260232,-1.19705788484378,-0.0839574631687652,-1.11310042167501,-4.56022284549648,0.0103514543854578,0.00342465753424657,0.0217375941071289,0.0251871814349458,0.0112478645905261,0.0103514543854578,0.00344958732781681,-0.0139393168444196,-0.000896410205068322,-0.00806312486600701,0.0022883295194508
"2018-02-01",27,"2020-05-01","2020-07-01",432,3,0.00694444444444444,0.00808314087759815,-4.80985877292894,-3.80673473380674,-1.0031240391222,0.182987039848669,-1.18611107897087,-0.82035510260232,-0.36575597636855,0.147768516703317,-0.513524493071867,-4.29633427985708,0.013435420053216,0.00808314087759815,0.0217375941071289,0.0259890387722965,0.0116112366843447,0.013435420053216,0.00425144466516755,-0.0143778020879518,0.00182418336887133,-0.00649097560877158,0.00694444444444444
"2018-02-01",28,"2020-06-01","2020-08-01",427,6,0.0140515222482436,0.0151869158878505,-4.17201760054032,-3.80673473380674,-0.365282866733578,0.161161887237147,-0.526444753970725,-0.82035510260232,0.293910348631595,0.304798858195984,-0.0108885095643891,-4.16112909097593,0.0153506300263688,0.0151869158878504,0.0217375941071289,0.0254422438960924,0.0113634135797662,0.0153506300263688,0.00370464978896346,-0.0140788303163262,0.00398721644660254,-0.00129910777812521,0.0140515222482436
"2018-02-01",29,"2020-07-01","2020-09-01",416,7,0.0168269230769231,0.0179856115107914,-4.00003388275086,-3.80673473380674,-0.193299148944118,0.142171123824215,-0.335470272768333,-0.82035510260232,0.484884829833986,0.275080610897249,0.209804218936737,-4.2098381016876,0.0146315121448224,0.0179856115107914,0.0217375941071289,0.024975588751243,0.0111520337734062,0.0146315121448224,0.00323799464411409,-0.0138235549778369,0.00347947837141619,0.00219541093210071,0.0168269230769231
"2018-02-01",30,"2020-08-01","2020-10-01",406,5,0.0123152709359606,0.0135135135135135,-4.29045944114839,-3.80673473380674,-0.48372470734165,0.125435575789942,-0.609160283131592,-0.82035510260232,0.211194819470728,0.214259832349531,-0.00306501287880326,-4.28739442826959,0.013554433872793,0.0135135135135135,0.0217375941071289,0.0245712715617039,0.010968981588457,0.013554433872793,0.00283367745457492,-0.0136022899732469,0.002585452284336,-0.00123916293683242,0.0123152709359606
"2018-02-01",31,"2020-09-01","2020-11-01",392,6,0.0153061224489796,0.0165394402035623,-4.08532969112589,-3.80673473380674,-0.278594957319144,0.116476719657313,-0.395071676976457,-0.82035510260232,0.425283425625862,0.143894773994937,0.281388651630926,-4.36671834275681,0.0125337372565471,0.0165394402035623,0.0217375941071289,0.0243574620690612,0.0108722145759687,0.0125337372565471,0.00261986796193227,-0.0134852474930926,0.00166152268057846,0.00277238519243248,0.0153061224489796
"2018-02-01",32,"2020-10-01","2020-12-01",384,6,0.015625,0.0168831168831169,-4.06441389597591,-3.80673473380674,-0.257679162169171,0.132416258675008,-0.390095420844179,-0.82035510260232,0.430259681758141,0.200544233240718,0.229715448517423,-4.29412934449334,0.013464677648973,0.0168831168831169,0.0217375941071289,0.0247391376828066,0.0110449717692576,0.013464677648973,0.00300154357567763,-0.0136941659135489,0.00241970587971535,0.00216032235102701,0.015625
"2018-02-01",33,"2020-11-01","2021-01-01",374,10,0.0267379679144385,0.028,-3.54715129428524,-3.80673473380674,0.259583439521506,0.139526428591446,0.12005701093006,-0.82035510260232,0.94041211353238,0.302336275571726,0.638075837960654,-4.18522713224589,0.0149906105432857,0.028,0.0217375941071289,0.0249112664840387,0.0111229066320444,0.0149906105432857,0.0031736723769098,-0.0137883598519944,0.00386770391124128,0.0117473573711528,0.0267379679144385
"2018-02-01",34,"2020-12-01","2021-02-01",362,8,0.0220994475138122,0.0234159779614325,-3.73064218247591,-3.80673473380674,0.0760925513308299,0.131428628410337,-0.0553360770795067,-0.82035510260232,0.765019025522813,0.160050155148238,0.604968870374575,-4.33561105285049,0.0129246370561007,0.0234159779614325,0.0217375941071289,0.0247153201974912,0.0110341891111611,0.0129246370561007,0.00297772609036222,-0.01368113108633,0.00189044794493957,0.00917481045771145,0.0220994475138122
"2018-03-01",1,"2018-04-01","2018-06-01",1063,2,0.00188146754468485,0.00234962406015038,-6.05114754926916,-3.80673473380674,-2.24441281546241,-1.7073653881347,-0.537047427327716,-0.797040334567286,0.25999290723957,0.27505240061418,-0.0150594933746103,-6.03608805589455,0.00238519094764382,0.00234962406015038,0.0217375941071289,0.00401337969127483,0.00181266929641612,0.00238519094764382,-0.0177242144158541,-0.00220071039485871,0.000572521651227699,-0.000503723402958967,0.00188146754468486
"2018-03-01",2,"2018-05-01","2018-07-01",1023,3,0.00293255131964809,0.00341796875,-5.67528501375453,-3.80673473380674,-1.86855027994779,-0.802500335743768,-1.06604994420402,-0.797040334567286,-0.269009609636737,-0.0687089727953612,-0.200300636841376,-5.47498437691316,0.00417280871939868,0.00341796875,0.0217375941071289,0.00986122148763851,0.00446827125978371,0.00417280871939868,-0.0118763726194904,-0.0053929502278548,-0.000295462540385022,-0.00124025739975059,0.00293255131964809
"2018-03-01",3,"2018-06-01","2018-08-01",982,4,0.00407331975560081,0.00457782299084435,-5.38194339005986,-3.80673473380674,-1.57520865625312,-0.337459829206784,-1.23774882704633,-0.797040334567286,-0.440708492479046,-0.438695231395139,-0.00201326108390715,-5.37993012897595,0.0045870063093591,0.00457782299084435,0.0217375941071289,0.0156087071675435,0.00709506890830282,0.0045870063093591,-0.00612888693958539,-0.00851363825924073,-0.00250806259894371,-0.000513686553758288,0.00407331975560081
"2018-03-01",4,"2018-07-01","2018-09-01",950,3,0.00315789473684211,0.00368033648790747,-5.60106396846121,-3.80673473380674,-1.79432923465447,-0.182480278425218,-1.61184895622925,-0.797040334567286,-0.814808621661968,-0.410162795844821,-0.404645825817148,-5.19641814264407,0.00550587688460582,0.00368033648790747,0.0217375941071289,0.0181776956171205,0.00827460267456791,0.00550587688460582,-0.00355989849000843,-0.00990309294255261,-0.00276872578996209,-0.00234798214776372,0.00315789473684211
"2018-03-01",5,"2018-08-01","2018-10-01",922,3,0.00325379609544469,0.0037919826652221,-5.57106707554901,-3.80673473380674,-1.76433234174227,-0.110329660461367,-1.6540026812809,-0.797040334567286,-0.856962346713614,-0.298646245234361,-0.558316101479253,-5.01275097406976,0.00660861273794379,0.0037919826652221,0.0217375941071289,0.019511164970081,0.00888818291135844,0.00660861273794379,-0.00222642913704798,-0.0106229820587225,-0.00227957017341465,-0.0033548166424991,0.00325379609544469
"2018-03-01",6,"2018-09-01","2018-11-01",894,2,0.00223713646532438,0.00279329608938547,-5.87773578177964,-3.80673473380674,-2.0710010479729,-0.00462210480800024,-2.0663789431649,-0.797040334567286,-1.26933860859761,-0.4410899632397,-0.828248645357911,-5.04948713642173,0.00637176170750612,0.00279329608938548,0.0217375941071289,0.0216395216911312,0.00986940604997999,0.00637176170750612,-9.8072415997727e-05,-0.0117701156411512,-0.00349764434247387,-0.00413462524218174,0.00223713646532438
"2018-03-01",7,"2018-10-01","2018-12-01",865,4,0.0046242774566474,0.00519630484988453,-5.25459765919171,-3.80673473380674,-1.44786292538497,0.0795860484344686,-1.52744897381944,-0.797040334567286,-0.730408639252152,-0.178129695122228,-0.552278944129924,-4.70231871506179,0.00899261131381998,0.00519630484988452,0.0217375941071289,0.0234959992497771,0.0107271844621647,0.00899261131381998,0.00175840514264819,-0.0127688147876124,-0.00173457314834475,-0.00436833385717259,0.0046242774566474
"2018-03-01",8,"2018-11-01","2019-01-01",838,5,0.00596658711217184,0.0065554231227652,-5.02088560995242,-3.80673473380674,-1.21415087614568,0.14017796756865,-1.35432884371433,-0.797040334567286,-0.557288509147047,-0.0438615305362023,-0.513426978610845,-4.50745863134158,0.0109061903367259,0.0065554231227652,0.0217375941071289,0.0249270977186229,0.0113896288435839,0.0109061903367259,0.00318950361149392,-0.013537468875039,-0.000483438506857928,-0.0049396032245541,0.00596658711217184
"2018-03-01",9,"2018-12-01","2019-02-01",815,6,0.00736196319018405,0.0079656862745098,-4.8246145962161,-3.80673473380674,-1.01787986240936,0.188722894148899,-1.20660275655826,-0.797040334567286,-0.40956242199097,0.112416524094737,-0.521978946085707,-4.30263565013039,0.0133521515390158,0.00796568627450981,0.0217375941071289,0.026134629384257,0.0119494078971411,0.0133521515390158,0.00439703527712805,-0.0141852214871159,0.00140274364187469,-0.00599018834883178,0.00736196319018405
"2018-03-01",10,"2019-01-01","2019-03-01",796,9,0.0113065326633166,0.0119196988707654,-4.41757157209329,-3.80673473380674,-0.610836838286552,0.249100324734697,-0.859937163021249,-0.797040334567286,-0.0628968284539635,0.225471639234264,-0.288368467688228,-4.12920310440507,0.015840732620996,0.0119196988707654,0.0217375941071289,0.0277160988991316,0.0126836750290515,0.015840732620996,0.00597850479200264,-0.0150324238700801,0.00315705759194455,-0.00453419995767942,0.0113065326633166
"2018-03-01",11,"2019-02-01","2019-04-01",757,13,0.0171730515191546,0.0178100263852243,-4.01002316667968,-3.80673473380674,-0.203288432872939,0.289264109856582,-0.492552542729521,-0.797040334567286,0.304487791837765,0.0940197986978563,0.210467993139908,-4.22049115981959,0.0144787139267898,0.0178100263852243,0.0217375941071289,0.0288192054610655,0.0131966084770412,0.0144787139267898,0.00708161135393656,-0.0156225969840243,0.00128210544974869,0.00269433759236471,0.0171730515191546
"2018-03-01",12,"2019-03-01","2019-05-01",741,15,0.0202429149797571,0.0208894878706199,-3.84739845908514,-3.80673473380674,-0.0406637252783955,0.294297372332265,-0.334961097610661,-0.797040334567286,0.462079236956625,0.099039815618788,0.363039421337837,-4.21043788042297,0.0146228673931563,0.0208894878706199,0.0217375941071289,0.0289604143169464,0.0132623147817222,0.0146228673931563,0.00722282020981744,-0.0156980995352242,0.0013605526114341,0.00562004758660083,0.0202429149797571
"2018-03-01",13,"2019-04-01","2019-06-01",714,12,0.0168067226890756,0.0174825174825175,-4.02891675689964,-3.80673473380674,-0.222182023092904,0.303514845354915,-0.525696868447818,-0.797040334567286,0.271343466119468,0.13539683365246,0.135946632467008,-4.16486338936665,0.0152942881846847,0.0174825174825175,0.0217375941071289,0.0292207539062206,0.0133834813131242,0.0152942881846847,0.0074831597990917,-0.0158372725930964,0.00191080687156052,0.00151243450439088,0.0168067226890756
"2018-03-01",14,"2019-05-01","2019-07-01",691,7,0.0101302460202605,0.0108381502890173,-4.51378562418624,-3.80673473380674,-0.707050890379498,0.282992614882479,-0.990043505261977,-0.797040334567286,-0.193003170694691,0.125605706799516,-0.318608877494207,-4.19517674669203,0.0148444023661334,0.0108381502890173,0.0217375941071289,0.028644192466134,0.013115187042423,0.0148444023661334,0.0069065983590051,-0.0155290054237111,0.00172921532371037,-0.00471415634587286,0.0101302460202605
"2018-03-01",15,"2019-06-01","2019-08-01",674,8,0.0118694362017804,0.0125925925925926,-4.36197397612249,-3.80673473380674,-0.555239242315752,0.290285959980498,-0.845525202296249,-0.797040334567286,-0.0484848677289635,0.311937835130062,-0.360422702859025,-4.00155127326347,0.0179588307560664,0.0125925925925926,0.0217375941071289,0.0288478194500509,0.0132099220989349,0.0179588307560664,0.00711022534292199,-0.015637897351116,0.00474890865713151,-0.00608939455428602,0.0118694362017804
"2018-03-01",16,"2019-07-01","2019-09-01",659,12,0.0182094081942337,0.0189393939393939,-3.94739014926544,-3.80673473380674,-0.140655415458696,0.255943184868061,-0.396598600326757,-0.797040334567286,0.400441734240529,0.379299877568343,0.021141856672186,-3.96853200593762,0.0185505329850301,0.0189393939393939,0.0217375941071289,0.02790109687394,0.0127696531643572,0.0185505329850301,0.00616350276681102,-0.0151314437095827,0.00578087982067289,-0.000341124790796447,0.0182094081942337
"2018-03-01",17,"2019-08-01","2019-10-01",632,11,0.0174050632911392,0.0181674565560821,-3.98978887558156,-3.80673473380674,-0.18305414177482,0.264080020949498,-0.447134162724318,-0.797040334567286,0.349906171842968,0.331113081031449,0.0187930908115185,-4.00858196639308,0.0178352545834141,0.0181674565560822,0.0217375941071289,0.028122639040942,0.0128726386326629,0.0178352545834141,0.00638504493381307,-0.0152500004082791,0.00496261595075117,-0.000430191292274847,0.0174050632911392
"2018-03-01",18,"2019-09-01","2019-11-01",614,10,0.0162866449511401,0.0170731707317073,-4.05302641289137,-3.80673473380674,-0.246291679084629,0.253616829857505,-0.499908508942134,-0.797040334567286,0.297131825625152,0.279939824453181,0.0171920011719707,-4.07021841406334,0.016787042730235,0.0170731707317073,0.0217375941071289,0.0278380692675519,0.0127403589798993,0.016787042730235,0.00610047516042296,-0.0150977102876526,0.00404668375033576,-0.000500397779094965,0.0162866449511401
"2018-03-01",19,"2019-10-01","2019-12-01",588,5,0.00850340136054422,0.00933786078098472,-4.66429635948819,-3.80673473380674,-0.857561625681444,0.241048700025503,-1.09861032570695,-0.797040334567286,-0.301569991139661,0.327238288421553,-0.628808279561214,-4.03548807992697,0.0173699998349861,0.00933786078098472,0.0217375941071289,0.0274999475031061,0.0125832407631634,0.0173699998349861,0.00576235339597715,-0.0149167067399427,0.00478675907182275,-0.00886659847444191,0.00850340136054422
"2018-03-01",20,"2019-11-01","2020-01-01",571,9,0.0157618213660245,0.0166083916083916,-4.08109933547208,-3.80673473380674,-0.274364601665339,0.19016434378928,-0.464528945454619,-0.797040334567286,0.332511389112667,0.340221937540722,-0.00771054842805546,-4.07338878704403,0.0167347950552609,0.0166083916083916,0.0217375941071289,0.0261713416691865,0.011966438522745,0.0167347950552609,0.00443374756205756,-0.0142049031464415,0.0047683565325159,-0.00097297368923641,0.0157618213660245
"2018-03-01",21,"2019-12-01","2020-02-01",553,12,0.0216998191681736,0.0225631768953069,-3.76861442213279,-3.80673473380674,0.0381203116739512,0.159736706239509,-0.121616394565558,-0.797040334567286,0.675423940001728,0.398743386412819,0.276680553588909,-4.0452949757217,0.0172034028186888,0.0225631768953069,0.0217375941071289,0.0254069305137959,0.0116119761838833,0.0172034028186888,0.00366933640666691,-0.0137949543299126,0.00559142663480553,0.00449641634948481,0.0216998191681736
"2018-03-01",22,"2020-01-01","2020-03-01",539,12,0.0222634508348794,0.0231481481481481,-3.74242022104197,-3.80673473380674,0.0643145127647751,0.116545108534489,-0.0522305957697144,-0.797040334567286,0.744809738797571,0.267163533020558,0.477646205777013,-4.22006642681898,0.0144847757262356,0.0231481481481481,0.0217375941071289,0.0243590873272493,0.0111265748868503,0.0144847757262356,0.00262149322012033,-0.0132325124403989,0.00335820083938525,0.00777867510864382,0.0222634508348794
"2018-03-01",23,"2020-02-01","2020-04-01",522,12,0.0229885057471264,0.0239005736137667,-3.70966199329646,-3.80673473380674,0.0970727405102765,0.134096448024832,-0.0370237075145551,-0.797040334567286,0.760016627052731,0.020954849412792,0.739061777639939,-4.4487237709364,0.0115583239699553,0.0239005736137667,0.0217375941071289,0.0247797081878399,0.0113213545969659,0.0115583239699553,0.00304211408071098,-0.013458353590874,0.00023696937298937,0.0114301817771711,0.0229885057471264
"2018-03-01",24,"2020-03-01","2020-05-01",505,7,0.0138613861386139,0.0148221343873518,-4.19670056885963,-3.80673473380674,-0.389965835052887,0.136933913842919,-0.526899748895807,-0.797040334567286,0.270140585671479,-0.109104323685269,0.379244909356748,-4.57594547821638,0.0101916207730456,0.0148221343873518,0.0217375941071289,0.024848370001482,0.0113531589458008,0.0101916207730456,0.00311077589435308,-0.0134952110556812,-0.00116153817275523,0.00366976536556831,0.0138613861386139
"2018-03-01",25,"2020-04-01","2020-06-01",500,8,0.016,0.0169660678642715,-4.05942829711587,-3.80673473380674,-0.252693563309132,0.153144376103385,-0.405837939412516,-0.797040334567286,0.39120239515477,-0.0839574631687652,0.475159858323535,-4.53458815543941,0.0106173873107392,0.0169660678642714,0.0217375941071289,0.025244204774237,0.0115365581899395,0.0106173873107392,0.00350661066710802,-0.0137076465842974,-0.000919170879200314,0.00538261268926078,0.016
"2018-03-01",26,"2020-05-01","2020-07-01",482,7,0.0145228215767635,0.015527950310559,-4.14946386144318,-3.80673473380674,-0.342729127636439,0.150824454081345,-0.493553581717785,-0.797040334567286,0.303486752849501,0.147768516703317,0.155718236146184,-4.30518209758937,0.013318646505504,0.015527950310559,0.0217375941071289,0.0251871814349458,0.0115101329948098,0.013318646505504,0.00344958732781681,-0.013677048440136,0.00180851351069427,0.00120417507125947,0.0145228215767635
"2018-03-01",27,"2020-06-01","2020-08-01",471,7,0.0148619957537155,0.0158898305084746,-4.12605853771163,-3.80673473380674,-0.319323803904887,0.182987039848669,-0.502310843753556,-0.797040334567286,0.294729490813729,0.304798858195984,-0.0100693673822543,-4.11598917032937,0.0160480586431277,0.0158898305084746,0.0217375941071289,0.0259890387722965,0.0118818760804806,0.0160480586431277,0.00425144466516755,-0.0141071626918159,0.00416618256264707,-0.00118606288941217,0.0148619957537155
"2018-03-01",28,"2020-07-01","2020-09-01",463,5,0.0107991360691145,0.0118534482758621,-4.42321219945809,-3.80673473380674,-0.616477465651353,0.161161887237147,-0.7776393528885,-0.797040334567286,0.0194009816787859,0.275080610897249,-0.255679629218463,-4.16753257023963,0.0152541412898824,0.0118534482758621,0.0217375941071289,0.0254422438960924,0.0116283445734483,0.0152541412898824,0.00370464978896346,-0.0138138993226441,0.00362579671643406,-0.00445500522076788,0.0107991360691145
"2018-03-01",29,"2020-08-01","2020-10-01",453,6,0.0132450331125828,0.0143171806167401,-4.23187436081332,-3.80673473380674,-0.425139627006577,0.142171123824215,-0.567310750830792,-0.797040334567286,0.229729583736493,0.214259832349531,0.0154697513869622,-4.24734411220028,0.0141005007295802,0.0143171806167401,0.0217375941071289,0.024975588751243,0.0114120934644035,0.0141005007295802,0.00323799464411409,-0.0135634952868396,0.00268840726517671,-0.000855467616997417,0.0132450331125828
"2018-03-01",30,"2020-09-01","2020-11-01",442,9,0.0203619909502262,0.0214446952595937,-3.8205999976141,-3.80673473380674,-0.01386526380736,0.125435575789942,-0.139300839597302,-0.797040334567286,0.657739494969984,0.143894773994937,0.513844720975047,-4.33444471858915,0.0129395251274748,0.0214446952595937,0.0217375941071289,0.0245712715617039,0.0112248210522419,0.0129395251274748,0.00283367745457492,-0.0133464505094619,0.00171470407523288,0.00742246582275144,0.0203619909502262
"2018-03-01",31,"2020-10-01","2020-12-01",434,9,0.0207373271889401,0.0218390804597701,-3.80197314940693,-3.80673473380674,0.00476158439980745,0.116476719657313,-0.111715135257506,-0.797040334567286,0.68532519930978,0.200544233240718,0.484780966069062,-4.286754115476,0.0135629979774625,0.0218390804597701,0.0217375941071289,0.0243574620690612,0.0111258224446328,0.0135629979774625,0.00261986796193227,-0.0132316396244284,0.00243717553282966,0.00717432921147762,0.0207373271889401
"2018-03-01",32,"2020-11-01","2021-01-01",423,10,0.0236406619385343,0.0247641509433962,-3.67328225730027,-3.80673473380674,0.133452476506473,0.132416258675008,0.00103621783146515,-0.797040334567286,0.798076552398751,0.302336275571726,0.495740276827025,-4.16902253412729,0.0152317760257068,0.0247641509433962,0.0217375941071289,0.0247391376828066,0.0113025633659602,0.0152317760257068,0.00300154357567763,-0.0134365743168464,0.00392921265974665,0.00840888591282747,0.0236406619385343
"2018-03-01",33,"2020-12-01","2021-02-01",410,8,0.0195121951219512,0.0206812652068127,-3.85762893336235,-3.80673473380674,-0.0508941995556058,0.139526428591446,-0.190420628147051,-0.797040334567286,0.606619706420234,0.160050155148238,0.446569551271997,-4.30419848463434,0.0133315786088774,0.0206812652068126,0.0217375941071289,0.0249112664840387,0.0113822949114747,0.0133315786088774,0.0031736723769098,-0.0135289715725641,0.00194928369740269,0.00618061651307385,0.0195121951219512
"2018-03-01",34,"2021-01-01","2021-03-01",399,8,0.0200501253132832,0.02125,-3.82991935193459,-3.80673473380674,-0.0231846181278459,0.131428628410337,-0.154613246538183,-0.797040334567286,0.642427088029103,-0.0170523393881472,0.659479427417251,-4.48939877935184,0.011102737139425,0.02125,0.0217375941071289,0.0247153201974912,0.0112915321052029,0.011102737139425,0.00297772609036222,-0.0134237880922882,-0.000188794965777891,0.00894738817385816,0.0200501253132832
"2018-04-01",1,"2018-05-01","2018-07-01",1191,2,0.00167926112510495,0.00209731543624161,-6.16499759786886,-3.80673473380674,-2.35826286406212,-1.7073653881347,-0.650897475927417,-0.670548228382767,0.0196507524553492,-0.0687089727953612,0.0883597252507104,-6.25335732311957,0.00192028923995465,0.00209731543624161,0.0217375941071289,0.00401337969127483,0.00205658784413165,0.00192028923995465,-0.0177242144158541,-0.00195679184714318,-0.000136298604176996,-0.0002410281148497,0.00167926112510496
"2018-04-01",2,"2018-06-01","2018-08-01",1157,10,0.00864304235090752,0.00906735751295337,-4.69396568477122,-3.80673473380674,-0.887230950964481,-0.802500335743768,-0.0847306152207135,-0.670548228382767,0.585817613162053,-0.438695231395139,1.02451284455719,-5.71847852932841,0.00327395072299989,0.00906735751295337,0.0217375941071289,0.00986122148763851,0.00506772183678337,0.00327395072299989,-0.0118763726194904,-0.00479349965085514,-0.00179377111378348,0.00536909162790763,0.00864304235090752
"2018-04-01",3,"2018-07-01","2018-09-01",1102,11,0.00998185117967332,0.0104261106074343,-4.55296114062079,-3.80673473380674,-0.746226406814053,-0.337459829206784,-0.408766577607269,-0.670548228382767,0.261781650775498,-0.410162795844821,0.671944446620318,-5.22490558724111,0.00535206918095128,0.0104261106074343,0.0217375941071289,0.0156087071675435,0.00804407570913833,0.00535206918095128,-0.00612888693958539,-0.00756463145840522,-0.00269200652818705,0.00462978199872204,0.00998185117967332
"2018-04-01",4,"2018-08-01","2018-10-01",1067,11,0.0103092783505155,0.0107677902621723,-4.52036980168691,-3.80673473380674,-0.713635067880166,-0.182480278425218,-0.531154789454947,-0.670548228382767,0.139393438927819,-0.298646245234361,0.43803968416218,-4.95840948584909,0.00697509715245595,0.0107677902621723,0.0217375941071289,0.0181776956171205,0.00937988855316325,0.00697509715245595,-0.00355989849000843,-0.00879780706395726,-0.0024047914007073,0.00333418119805951,0.0103092783505155
"2018-04-01",5,"2018-09-01","2018-11-01",1018,5,0.00491159135559921,0.00539744847890088,-5.21641687365363,-3.80673473380674,-1.40968213984689,-0.110329660461367,-1.29935247938552,-0.670548228382767,-0.628804251002754,-0.4410899632397,-0.187714287763054,-5.02870258589058,0.00650471132734792,0.00539744847890088,0.0217375941071289,0.019511164970081,0.0100745956047734,0.00650471132734792,-0.00222642913704798,-0.00943656936530759,-0.00356988427742546,-0.0015931199717487,0.00491159135559921
"2018-04-01",6,"2018-10-01","2018-12-01",1001,7,0.00699300699300699,0.00748502994011976,-4.88733707775176,-3.80673473380674,-1.08060234394502,-0.00462210480800024,-1.07598023913702,-0.670548228382767,-0.405432010754254,-0.178129695122228,-0.227302315632026,-4.66003476211974,0.00937736593685857,0.00748502994011976,0.0217375941071289,0.0216395216911312,0.0111853162571817,0.00937736593685857,-9.8072415997727e-05,-0.0104542054339495,-0.00180795032032315,-0.00238435894385158,0.00699300699300699
"2018-04-01",7,"2018-11-01","2019-01-01",965,7,0.00725388601036269,0.0077639751552795,-4.85046654194343,-3.80673473380674,-1.04373180813669,0.0795860484344686,-1.12331785657116,-0.670548228382767,-0.452769628188395,-0.0438615305362023,-0.408908097652193,-4.44155844429124,0.0116404730433915,0.00776397515527951,0.0217375941071289,0.0234959992497771,0.0121560600621362,0.0116404730433915,0.00175840514264819,-0.0113399391876409,-0.000515587018744677,-0.00438658703302882,0.00725388601036269
"2018-04-01",8,"2018-12-01","2019-02-01",944,8,0.00847457627118644,0.00899470899470899,-4.70208335838787,-3.80673473380674,-0.895348624581131,0.14017796756865,-1.03552659214978,-0.670548228382767,-0.364978363767015,0.112416524094737,-0.477394887861752,-4.22468847052612,0.0144189440531024,0.008994708994709,0.0217375941071289,0.0249270977186229,0.0129055918203367,0.0144189440531024,0.00318950361149392,-0.0120215058982862,0.00151335223276573,-0.00594436778191598,0.00847457627118644
"2018-04-01",9,"2019-01-01","2019-03-01",918,9,0.00980392156862745,0.0103373231773667,-4.56160319935168,-3.80673473380674,-0.75486846554494,0.188722894148899,-0.943591359693839,-0.670548228382767,-0.273043131311073,0.225471639234264,-0.498514770545337,-4.06308842880634,0.016905131183343,0.0103373231773667,0.0217375941071289,0.026134629384257,0.0135388572740684,0.016905131183343,0.00439703527712805,-0.0125957721101886,0.0033662739092746,-0.00710120961471555,0.00980392156862745
"2018-04-01",10,"2019-02-01","2019-04-01",880,10,0.0113636363636364,0.0119182746878547,-4.41769250204477,-3.80673473380674,-0.610957768238025,0.249100324734697,-0.860058092972722,-0.670548228382767,-0.189509864589956,0.0940197986978563,-0.283529663287812,-4.13416283875695,0.01576359672016,0.0119182746878547,0.0217375941071289,0.0277160988991316,0.0143693724723315,0.01576359672016,0.00597850479200264,-0.0133467264268001,0.00139422424782846,-0.00439996035652361,0.0113636363636364
"2018-04-01",11,"2019-03-01","2019-05-01",845,10,0.0118343195266272,0.0124113475177305,-4.37665509087197,-3.80673473380674,-0.56992035706523,0.289264109856582,-0.859184466921812,-0.670548228382767,-0.188636238539045,0.099039815618788,-0.287676054157833,-4.08897903671414,0.0164801849707951,0.0124113475177305,0.0217375941071289,0.0288192054610655,0.0149494440721676,0.0164801849707951,0.00708161135393656,-0.0138697613888979,0.00153074089862755,-0.0046458654441679,0.0118343195266272
"2018-04-01",12,"2019-04-01","2019-06-01",818,12,0.0146699266503667,0.0152625152625153,-4.16697525325701,-3.80673473380674,-0.360240519450267,0.294297372332265,-0.654537891782532,-0.670548228382767,0.0160103366002343,0.13539683365246,-0.119386497052225,-4.04758875620478,0.0171646637673584,0.0152625152625153,0.0217375941071289,0.0289604143169464,0.0150237449252237,0.0171646637673584,0.00722282020981744,-0.0139366693917227,0.00214091884213466,-0.00249473711699163,0.0146699266503667
"2018-04-01",13,"2019-05-01","2019-07-01",795,14,0.0176100628930818,0.01821608040201,-3.987066500435,-3.80673473380674,-0.180331766628262,0.303514845354915,-0.483846611983176,-0.670548228382767,0.18670161639959,0.125605706799516,0.061095909600074,-4.04816241003508,0.0171549888854111,0.01821608040201,0.0217375941071289,0.0292207539062206,0.0151607568945498,0.0171549888854111,0.0074831597990917,-0.0140599970116709,0.00199423199086128,0.000455074007670704,0.0176100628930818
"2018-04-01",14,"2019-06-01","2019-08-01",774,14,0.0180878552971576,0.0187096774193548,-3.95982746227282,-3.80673473380674,-0.153092728466078,0.282992614882479,-0.436085343348557,-0.670548228382767,0.23446288503421,0.311937835130062,-0.0774749500958517,-3.88235251217697,0.0201864143788908,0.0187096774193548,0.0217375941071289,0.028644192466134,0.0148573706876579,0.0201864143788908,0.0069065983590051,-0.0137868217784762,0.00532904369123297,-0.00209855908173322,0.0180878552971576
"2018-04-01",15,"2019-07-01","2019-09-01",742,13,0.0175202156334232,0.0181695827725437,-3.98966968251846,-3.80673473380674,-0.182934948711715,0.290285959980498,-0.473220908692213,-0.670548228382767,0.197327319690554,0.379299877568343,-0.181972557877789,-3.80769712464067,0.0217171382145324,0.0181695827725438,0.0217375941071289,0.0288478194500509,0.0149644992551489,0.0217171382145324,0.00711022534292199,-0.013883320194902,0.0067526389593835,-0.00419692258110923,0.0175202156334232
"2018-04-01",16,"2019-08-01","2019-10-01",714,12,0.0168067226890756,0.0174825174825175,-4.02891675689964,-3.80673473380674,-0.222182023092904,0.255943184868061,-0.478125207960965,-0.670548228382767,0.192423020421802,0.331113081031449,-0.138690060609647,-3.89022669629,0.020031258499598,0.0174825174825175,0.0217375941071289,0.02790109687394,0.0144666099229537,0.020031258499598,0.00616350276681102,-0.0134344869509862,0.00556464857664424,-0.00322453581052234,0.0168067226890756
"2018-04-01",17,"2019-09-01","2019-11-01",694,12,0.0172910662824208,0.0179856115107914,-4.00003388275086,-3.80673473380674,-0.193299148944118,0.264080020949498,-0.457379169893616,-0.670548228382767,0.21316905848915,0.279939824453181,-0.0667707659640309,-3.93326311678683,0.019203675649407,0.0179856115107914,0.0217375941071289,0.028122639040942,0.0145830789489262,0.019203675649407,0.00638504493381307,-0.0135395600920158,0.00462059670048078,-0.00191260936698625,0.0172910662824208
"2018-04-01",18,"2019-10-01","2019-12-01",667,11,0.0164917541229385,0.0172155688622754,-4.04457565837365,-3.80673473380674,-0.237840924566905,0.253616829857505,-0.49145775442441,-0.670548228382767,0.179090473958356,0.327238288421553,-0.148147814463197,-3.89642784391045,0.0199098915475707,0.0172155688622755,0.0217375941071289,0.0278380692675519,0.0144334797547999,0.0199098915475707,0.00610047516042296,-0.013404589512752,0.00547641179277081,-0.00341813742463216,0.0164917541229385
"2018-04-01",19,"2019-11-01","2020-01-01",644,9,0.0139751552795031,0.0147286821705426,-4.20312029202301,-3.80673473380674,-0.396385558216273,0.241048700025503,-0.637434258241775,-0.670548228382767,0.0331139701409912,0.340221937540722,-0.307107967399731,-3.89601232462328,0.0199180013957876,0.0147286821705426,0.0217375941071289,0.0274999475031061,0.0142557829301017,0.0199180013957876,0.00576235339597715,-0.0132441645730044,0.00566221846568586,-0.00594284611628449,0.0139751552795031
"2018-04-01",20,"2019-12-01","2020-02-01",626,7,0.0111821086261981,0.0119617224880383,-4.41400968052693,-3.80673473380674,-0.607274946720191,0.19016434378928,-0.797439290509471,-0.670548228382767,-0.126891062126705,0.398743386412819,-0.525634448539523,-3.88837523198741,0.020067635072624,0.0119617224880383,0.0217375941071289,0.0261713416691865,0.0135581221417197,0.020067635072624,0.00443374756205756,-0.0126132195274668,0.00650951293090434,-0.00888552644642596,0.0111821086261981
"2018-04-01",21,"2020-01-01","2020-03-01",608,6,0.00986842105263158,0.0106732348111658,-4.52928548846322,-3.80673473380674,-0.722550754656477,0.159736706239509,-0.882287460895986,-0.670548228382767,-0.211739232513219,0.267163533020558,-0.478902765533778,-4.05038272292944,0.0171175929726449,0.0106732348111659,0.0217375941071289,0.0254069305137959,0.0131571397926602,0.0171175929726449,0.00366933640666691,-0.0122497907211356,0.00396045317998465,-0.00724917192001328,0.00986842105263158
"2018-04-01",22,"2020-02-01","2020-04-01",593,4,0.00674536256323777,0.00757575757575758,-4.87519732320115,-3.80673473380674,-1.06846258939441,0.116545108534489,-1.1850076979289,-0.670548228382767,-0.514459469546133,0.020954849412792,-0.535414318958925,-4.33978300424223,0.0128715210190887,0.00757575757575758,0.0217375941071289,0.0243590873272493,0.0126079718270495,0.0128715210190887,0.00262149322012033,-0.0117511155001997,0.000263549192039199,-0.00612615845585095,0.00674536256323777
"2018-04-01",23,"2020-03-01","2020-05-01",581,4,0.00688468158347676,0.0077319587628866,-4.85463104561967,-3.80673473380674,-1.04789631181293,0.134096448024832,-1.18199275983777,-0.670548228382767,-0.511444531454999,-0.109104323685269,-0.402340207769729,-4.45229083784995,0.0115176421200178,0.0077319587628866,0.0217375941071289,0.0247797081878399,0.0128283481696299,0.0115176421200178,0.00304211408071098,-0.01195136001821,-0.00131070604961209,-0.00463296053654108,0.00688468158347676
"2018-04-01",24,"2020-04-01","2020-06-01",571,4,0.00700525394045534,0.00786713286713287,-4.83716335257928,-3.80673473380674,-1.03042861877254,0.136933913842919,-1.16736253261546,-0.670548228382767,-0.496814304232695,-0.0839574631687652,-0.41285684106393,-4.42430651151535,0.0118406375045692,0.00786713286713286,0.0217375941071289,0.024848370001482,0.0128643309332139,0.0118406375045692,0.00311077589435308,-0.0119840390682681,-0.00102369342864471,-0.00483538356411383,0.00700525394045534
"2018-04-01",25,"2020-05-01","2020-07-01",565,4,0.00707964601769911,0.00795053003533569,-4.82653437740222,-3.80673473380674,-1.01979964359548,0.153144376103385,-1.17294401969887,-0.670548228382767,-0.502395791316101,0.147768516703317,-0.650164308019417,-4.17637006938281,0.0151219563494264,0.00795053003533569,0.0217375941071289,0.025244204774237,0.0130718189241815,0.0151219563494264,0.00350661066710802,-0.0121723858500554,0.00205013742524489,-0.0080423103317273,0.00707964601769911
"2018-04-01",26,"2020-06-01","2020-08-01",560,8,0.0142857142857143,0.0151515151515152,-4.17438726989564,-3.80673473380674,-0.367652536088896,0.150824454081345,-0.518476990170241,-0.670548228382767,0.152071238212526,0.304798858195984,-0.152727619983458,-4.02165964991218,0.0176076094146411,0.0151515151515152,0.0217375941071289,0.0251871814349458,0.0130419235186677,0.0176076094146411,0.00344958732781681,-0.012145257916278,0.00456568589597335,-0.00332189512892682,0.0142857142857143
"2018-04-01",27,"2020-07-01","2020-09-01",546,8,0.0146520146520147,0.0155393053016453,-4.14872133310017,-3.80673473380674,-0.341986599293431,0.182987039848669,-0.5249736391421,-0.670548228382767,0.145574589240666,0.275080610897249,-0.129506021656583,-4.01921531144359,0.0176499404512585,0.0155393053016453,0.0217375941071289,0.0259890387722965,0.01346246511143,0.0176499404512585,0.00425144466516755,-0.0125265736608665,0.00418747533982852,-0.00299792579924388,0.0146520146520147
"2018-04-01",28,"2020-08-01","2020-10-01",529,9,0.0170132325141777,0.0179245283018868,-4.00349808944853,-3.80673473380674,-0.196763355641787,0.161161887237147,-0.357925242878934,-0.670548228382767,0.312622985503832,0.214259832349531,0.0983631531543012,-4.10186124260283,0.0162726779864477,0.0179245283018868,0.0217375941071289,0.0254422438960924,0.013175657229716,0.0162726779864477,0.00370464978896346,-0.0122665866663764,0.00309702075673175,0.000740554527729961,0.0170132325141777
"2018-04-01",29,"2020-09-01","2020-11-01",514,8,0.0155642023346304,0.016504854368932,-4.08745816019247,-3.80673473380674,-0.280723426385726,0.142171123824215,-0.422894550209941,-0.670548228382767,0.247653678172825,0.143894773994937,0.103758904177889,-4.19121706437036,0.014902420323175,0.016504854368932,0.0217375941071289,0.024975588751243,0.0129310073790748,0.014902420323175,0.00323799464411409,-0.0120445813721682,0.0019714129441002,0.000661782011455312,0.0155642023346304
"2018-04-01",30,"2020-10-01","2020-12-01",499,9,0.0180360721442886,0.019,-3.94413348039892,-3.80673473380674,-0.137398746592182,0.125435575789942,-0.262834322382124,-0.670548228382767,0.407713906000643,0.200544233240718,0.207169672759924,-4.15130315315885,0.015499858405342,0.019,0.0217375941071289,0.0245712715617039,0.0127191302838906,0.015499858405342,0.00283367745457492,-0.0118521412778132,0.0027807281214514,0.00253621373894654,0.0180360721442886
"2018-04-01",31,"2020-11-01","2021-01-01",488,11,0.0225409836065574,0.0235173824130879,-3.72621712455158,-3.80673473380674,0.0805176092551609,0.116476719657313,-0.0359591104021525,-0.670548228382767,0.634589117980614,0.302336275571726,0.332252842408888,-4.05846996696047,0.0169820585067648,0.0235173824130879,0.0217375941071289,0.0243574620690612,0.0126071204815515,0.0169820585067648,0.00261986796193227,-0.0117503415875097,0.00437493802521333,0.00555892509979257,0.0225409836065574
"2018-04-01",32,"2020-12-01","2021-02-01",473,12,0.025369978858351,0.0263713080168776,-3.60875340963465,-3.80673473380674,0.19798132417209,0.132416258675008,0.0655650654970821,-0.670548228382767,0.736113293879849,0.160050155148238,0.576063138731611,-4.18481654836626,0.0149966743880171,0.0263713080168776,0.0217375941071289,0.0247391376828066,0.0128070880258611,0.0149966743880171,0.00300154357567763,-0.0119320496569455,0.00218958636215598,0.0103733044703339,0.025369978858351
"2018-04-01",33,"2021-01-01","2021-03-01",452,9,0.0199115044247788,0.0209713024282561,-3.84340600314314,-3.80673473380674,-0.0366712693363977,0.139526428591446,-0.176197697927843,-0.670548228382767,0.494350530454923,-0.0170523393881472,0.51140286984307,-4.35480887298621,0.0126819954639292,0.0209713024282561,0.0217375941071289,0.0249112664840387,0.0128972944744077,0.0126819954639292,0.0031736723769098,-0.012013972009631,-0.000215299010478507,0.00722950896084955,0.0199115044247788
"2018-04-01",34,"2021-02-01","2021-04-01",435,8,0.0183908045977011,0.0194954128440367,-3.91788812488054,-3.80673473380674,-0.111153391073803,0.131428628410337,-0.24258201948414,-0.670548228382767,0.427966208898627,-0.271661745630415,0.699627954529042,-4.61751607940959,0.00978069320316085,0.0194954128440367,0.0217375941071289,0.0247153201974912,0.0127946073570193,0.00978069320316085,0.00297772609036222,-0.0119207128404718,-0.00301391415385848,0.00861011139454029,0.0183908045977011
"2018-05-01",1,"2018-06-01","2018-08-01",1196,0,0,0.000417710944026733,-7.78030308790837,-3.80673473380674,-3.97356835410163,-1.7073653881347,-2.26620296596693,-0.604624497788033,-1.6615784681789,-0.438695231395139,-1.22288323678376,-6.55741985112461,0.00141753137559571,0.000417710944026734,0.0217375941071289,0.00401337969127483,0.00219642670934775,0.00141753137559571,-0.0177242144158541,-0.00181695298192708,-0.000778895333752047,-0.00141753137559571,1.73472347597681e-18
"2018-05-01",2,"2018-07-01","2018-09-01",1170,8,0.00683760683760684,0.00725875320239112,-4.91826197396524,-3.80673473380674,-1.1115272401585,-0.802500335743768,-0.309026904414731,-0.604624497788033,0.295597593373301,-0.410162795844821,0.705760389218122,-5.62402236318336,0.0035971048938376,0.00725875320239112,0.0217375941071289,0.00986122148763851,0.00541119428627912,0.0035971048938376,-0.0118763726194904,-0.00445002720135939,-0.00181408939244152,0.00324050194376924,0.00683760683760684
"2018-05-01",3,"2018-08-01","2018-10-01",1120,10,0.00892857142857143,0.00936663693131133,-4.661190386171,-3.80673473380674,-0.854455652364263,-0.337459829206784,-0.516995823157479,-0.604624497788033,0.0876286746305537,-0.298646245234361,0.386274919864915,-5.04746530603592,0.0063845750276896,0.00936663693131133,0.0217375941071289,0.0156087071675435,0.00858753384726034,0.0063845750276896,-0.00612888693958539,-0.00702117332028321,-0.00220295881957074,0.00254399640088183,0.00892857142857143
"2018-05-01",4,"2018-09-01","2018-11-01",1087,11,0.0101195952161914,0.0105698529411765,-4.53912328143521,-3.80673473380674,-0.732388547628472,-0.182480278425218,-0.549908269203254,-0.604624497788033,0.0547162285847791,-0.4410899632397,0.495806191824479,-5.03492947325969,0.00646459409750245,0.0105698529411765,0.0217375941071289,0.0181776956171205,0.0100126833224955,0.00646459409750245,-0.00355989849000843,-0.00816501229462499,-0.00354808922499308,0.00365500111868891,0.0101195952161914
"2018-05-01",5,"2018-10-01","2018-12-01",1046,7,0.00669216061185468,0.00716332378223496,-4.9315920867558,-3.80673473380674,-1.12485735294906,-0.110329660461367,-1.01452769248769,-0.604624497788033,-0.409903194699661,-0.178129695122228,-0.231773499577433,-4.69981858717837,0.0090149191872308,0.00716332378223496,0.0217375941071289,0.019511164970081,0.0107537485797939,0.0090149191872308,-0.00222642913704798,-0.00875741639028709,-0.00173882939256307,-0.00232275857537612,0.00669216061185468
"2018-05-01",6,"2018-11-01","2019-01-01",1016,11,0.0108267716535433,0.0113077679449361,-4.4708931738435,-3.80673473380674,-0.664158440036761,-0.00462210480800024,-0.659536335228761,-0.604624497788033,-0.0549118374407285,-0.0438615305362023,-0.0110503069045262,-4.45984286693898,0.0114319787962288,0.0113077679449361,0.0217375941071289,0.0216395216911312,0.01193844260612,0.0114319787962288,-9.8072415997727e-05,-0.0097010790850112,-0.000506463809891266,-0.000605207142685447,0.0108267716535433
"2018-05-01",7,"2018-12-01","2019-02-01",994,12,0.0120724346076459,0.0125628140703518,-4.36437169943516,-3.80673473380674,-0.557636965628419,0.0795860484344686,-0.637223014062888,-0.604624497788033,-0.0325985162748554,0.112416524094737,-0.145015040369593,-4.21935665906557,0.0144949111297575,0.0125628140703518,0.0217375941071289,0.0234959992497771,0.0129736906644604,0.0144949111297575,0.00175840514264819,-0.0105223085853168,0.00152122046529716,-0.00242247652211165,0.0120724346076459
"2018-05-01",8,"2019-01-01","2019-03-01",956,14,0.0146443514644351,0.0151515151515152,-4.17438726989564,-3.80673473380674,-0.367652536088896,0.14017796756865,-0.507830503657546,-0.604624497788033,0.0967939941304866,0.225471639234264,-0.128677645103778,-4.04570962479186,0.0171963935653207,0.0151515151515152,0.0217375941071289,0.0249270977186229,0.0137729338938508,0.0171963935653207,0.00318950361149392,-0.0111541638247721,0.0034234596714699,-0.00255204210088557,0.0146443514644351
"2018-05-01",9,"2019-02-01","2019-04-01",927,14,0.0151024811218986,0.015625,-4.14313472639153,-3.80673473380674,-0.336399992584791,0.188722894148899,-0.52512288673369,-0.604624497788033,0.0795016110543425,0.0940197986978563,-0.0145181876435138,-4.12861653874802,0.0158498796619285,0.015625,0.0217375941071289,0.026134629384257,0.0144481360734341,0.0158498796619285,0.00439703527712805,-0.0116864933108229,0.00140174358849443,-0.000747398540029911,0.0151024811218986
"2018-05-01",10,"2019-03-01","2019-05-01",900,20,0.0222222222222222,0.0227524972253052,-3.7600650417919,-3.80673473380674,0.0466696920148428,0.249100324734697,-0.202430632719854,-0.604624497788033,0.402193865068178,0.099039815618788,0.30315404944939,-4.06321909124129,0.0169029597959685,0.0227524972253052,0.0217375941071289,0.0277160988991316,0.0153335622201709,0.0169029597959685,0.00597850479200264,-0.0123825366789607,0.00156939757579758,0.00531926242625372,0.0222222222222222
"2018-05-01",11,"2019-04-01","2019-06-01",862,18,0.0208816705336427,0.0214368482039397,-3.82097400416358,-3.80673473380674,-0.0142392703568346,0.289264109856582,-0.303503380213417,-0.604624497788033,0.301121117574616,0.13539683365246,0.165724283922156,-3.98669828808573,0.0182226667738311,0.0214368482039397,0.0217375941071289,0.0288192054610655,0.0159519268715191,0.0182226667738311,0.00708161135393656,-0.0128672785895464,0.00227073990231194,0.00265900375981162,0.0208816705336427
"2018-05-01",12,"2019-05-01","2019-07-01",829,14,0.0168878166465621,0.0174698795180723,-4.02965277263454,-3.80673473380674,-0.222918038827799,0.294297372332265,-0.517215411160064,-0.604624497788033,0.0874090866279686,0.125605706799516,-0.0381966201715477,-3.99145615246299,0.0181377405504918,0.0174698795180723,0.0217375941071289,0.0289604143169464,0.0160311291189759,0.0181377405504918,0.00722282020981744,-0.0129292851979705,0.00210661143151593,-0.00124992390392967,0.0168878166465621
"2018-05-01",13,"2019-06-01","2019-08-01",800,12,0.015,0.015605493133583,-4.14440376209484,-3.80673473380674,-0.337669028288096,0.303514845354915,-0.641183873643011,-0.604624497788033,-0.0365593758549783,0.311937835130062,-0.34849721098504,-3.7959065511098,0.0219690525775602,0.015605493133583,0.0217375941071289,0.0292207539062206,0.0161771772375447,0.0219690525775602,0.0074831597990917,-0.0130435766686759,0.00579187534001541,-0.00696905257756015,0.015
"2018-05-01",14,"2019-07-01","2019-09-01",777,14,0.018018018018018,0.0186375321336761,-3.96376447523216,-3.80673473380674,-0.157029741425417,0.282992614882479,-0.440022356307896,-0.604624497788033,0.164602141480136,0.379299877568343,-0.214697736088206,-3.74906673914395,0.0229983303957815,0.0186375321336761,0.0217375941071289,0.028644192466134,0.0158537785827826,0.0229983303957815,0.0069065983590051,-0.0127904138833514,0.00714455181299885,-0.00498031237776347,0.018018018018018
"2018-05-01",15,"2019-08-01","2019-10-01",758,13,0.0171503957783641,0.0177865612648221,-4.01136544876041,-3.80673473380674,-0.204630714953668,0.290285959980498,-0.494916674934165,-0.604624497788033,0.109707822853867,0.331113081031449,-0.221405258177582,-3.78996019058283,0.0220971823745959,0.0177865612648221,0.0217375941071289,0.0288478194500509,0.0159679752624615,0.0220971823745959,0.00711022534292199,-0.0128798441875894,0.00612920711213439,-0.00494678659623179,0.0171503957783641
"2018-05-01",16,"2019-09-01","2019-11-01",739,9,0.0121786197564276,0.0128378378378378,-4.34243743258426,-3.80673473380674,-0.535702698777518,0.255943184868061,-0.791645883645579,-0.604624497788033,-0.187021385857546,0.279939824453181,-0.466961210310728,-3.87547622227353,0.0203228696621199,0.0128378378378378,0.0217375941071289,0.02790109687394,0.0154372221454455,0.0203228696621199,0.00616350276681102,-0.0124638747284944,0.00488564751667441,-0.00814424990569233,0.0121786197564276
"2018-05-01",17,"2019-10-01","2019-12-01",698,8,0.0114613180515759,0.0121602288984263,-4.39734980935308,-3.80673473380674,-0.590615075546335,0.264080020949498,-0.854695096495833,-0.604624497788033,-0.250070598707801,0.327238288421553,-0.577308887129354,-3.82004092222372,0.0214564304956367,0.0121602288984263,0.0217375941071289,0.028122639040942,0.0155613820735787,0.0214564304956367,0.00638504493381307,-0.0125612569673633,0.00589504842205795,-0.00999511244406076,0.0114613180515759
"2018-05-01",18,"2019-11-01","2020-01-01",681,12,0.0176211453744493,0.0183284457478006,-3.98080252082297,-3.80673473380674,-0.17406778701623,0.253616829857505,-0.427684616873735,-0.604624497788033,0.176939880914297,0.340221937540722,-0.163282056626425,-3.81752046419655,0.0215094140416569,0.0183284457478006,0.0217375941071289,0.0278380692675519,0.0154019039039146,0.0215094140416569,0.00610047516042296,-0.0124361653636373,0.00610751013774227,-0.00388826866720753,0.0176211453744493
"2018-05-01",19,"2019-12-01","2020-02-01",666,16,0.024024024024024,0.0247376311844078,-3.67438091704603,-3.80673473380674,0.132353816760716,0.241048700025503,-0.108694883264786,-0.604624497788033,0.495929614523246,0.398743386412819,0.0971862281104276,-3.77156714515645,0.0224981490252423,0.0247376311844078,0.0217375941071289,0.0274999475031061,0.0152124684195294,0.0224981490252423,0.00576235339597715,-0.0122874790835767,0.00728568060571287,0.00152587499878176,0.024024024024024
"2018-05-01",20,"2020-01-01","2020-03-01",650,15,0.0230769230769231,0.0238095238095238,-3.71357206670431,-3.80673473380674,0.0931626671024333,0.19016434378928,-0.0970016766868464,-0.604624497788033,0.507622821101186,0.267163533020558,0.240459288080628,-3.95403135478494,0.0188163891670124,0.0238095238095238,0.0217375941071289,0.0261713416691865,0.0144686758055075,0.0188163891670124,0.00443374756205756,-0.011702665863679,0.00434771336150488,0.0042605339099107,0.0230769230769231
"2018-05-01",21,"2020-02-01","2020-04-01",630,12,0.019047619047619,0.0198098256735341,-3.90156854752429,-3.80673473380674,-0.0948338137175457,0.159736706239509,-0.254570519957055,-0.604624497788033,0.350053977830978,0.020954849412792,0.329099128418186,-4.23066767594247,0.0143342195776046,0.0198098256735341,0.0217375941071289,0.0254069305137959,0.0140411470930563,0.0143342195776046,0.00366933640666691,-0.0113657834207395,0.000293072484548251,0.00471339947001447,0.019047619047619
"2018-05-01",22,"2020-03-01","2020-05-01",613,8,0.0130505709624796,0.0138436482084691,-4.26598839949688,-3.80673473380674,-0.459253665690135,0.116545108534489,-0.575798774224625,-0.604624497788033,0.0288257235634077,-0.109104323685269,0.137930047248677,-4.40391844674555,0.0120815763964852,0.013843648208469,0.0217375941071289,0.0243590873272493,0.0134555845048893,0.0120815763964852,0.00262149322012033,-0.01090350282236,-0.0013740081084041,0.000968994565994422,0.0130505709624796
"2018-05-01",23,"2020-04-01","2020-06-01",590,8,0.0135593220338983,0.0143824027072758,-4.22726302194359,-3.80673473380674,-0.420528288136844,0.134096448024832,-0.554624736161676,-0.604624497788033,0.0499997616263568,-0.0839574631687652,0.133957224795122,-4.36122024673871,0.0126019679220272,0.0143824027072758,0.0217375941071289,0.0247797081878399,0.0136905709542045,0.0126019679220272,0.00304211408071098,-0.0110891372336355,-0.00108860303217725,0.000957354111871101,0.0135593220338983
"2018-05-01",24,"2020-05-01","2020-07-01",575,9,0.0156521739130435,0.0164930555555556,-4.08818528186157,-3.80673473380674,-0.281450548054824,0.136933913842919,-0.418384461897743,-0.604624497788033,0.186240035890289,0.147768516703317,0.0384715191869725,-4.12665680104854,0.0158804779680073,0.0164930555555556,0.0217375941071289,0.024848370001482,0.0137289385673861,0.0158804779680073,0.00311077589435308,-0.0111194314340959,0.0021515394006212,-0.000228304054963865,0.0156521739130435
"2018-05-01",25,"2020-06-01","2020-08-01",560,8,0.0142857142857143,0.0151515151515152,-4.17438726989564,-3.80673473380674,-0.367652536088896,0.153144376103385,-0.52079691219228,-0.604624497788033,0.0838275855957524,0.304798858195984,-0.220971272600231,-3.95341599729541,0.0188277534663022,0.0151515151515152,0.0217375941071289,0.025244204774237,0.0139501746877119,0.0188277534663022,0.00350661066710802,-0.0112940300865251,0.00487757877859028,-0.00454203918058787,0.0142857142857143
"2018-05-01",26,"2020-07-01","2020-09-01",547,6,0.0109689213893967,0.0118613138686131,-4.42254088953945,-3.80673473380674,-0.615806155732713,0.150824454081345,-0.766630609814058,-0.604624497788033,-0.162006112026026,0.275080610897249,-0.437086722923275,-3.98545416661618,0.0182449382012617,0.0118613138686131,0.0217375941071289,0.0251871814349458,0.0139182988016468,0.0182449382012617,0.00344958732781681,-0.011268882633299,0.0043266393996149,-0.00727601681186496,0.0109689213893967
"2018-05-01",27,"2020-08-01","2020-10-01",533,8,0.0150093808630394,0.0159176029962547,-4.12428402682074,-3.80673473380674,-0.317549293013994,0.182987039848669,-0.500536332862663,-0.604624497788033,0.10408816492537,0.214259832349531,-0.110171667424162,-4.01411235939657,0.017738635700196,0.0159176029962547,0.0217375941071289,0.0259890387722965,0.0143666880821863,0.017738635700196,0.00425144466516755,-0.0116223506901102,0.00337194761800967,-0.00272925483715661,0.0150093808630394
"2018-05-01",28,"2020-09-01","2020-11-01",521,10,0.0191938579654511,0.0201149425287356,-3.8859723282282,-3.80673473380674,-0.0792375944214623,0.161161887237147,-0.240399481658609,-0.604624497788033,0.364225016129423,0.143894773994937,0.220330242134487,-4.10630257036269,0.0162017342852536,0.0201149425287356,0.0217375941071289,0.0254422438960924,0.0140608909600645,0.0162017342852536,0.00370464978896346,-0.0113813529360279,0.00214084332518905,0.00299212368019749,0.0191938579654511
"2018-05-01",29,"2020-10-01","2020-12-01",506,10,0.0197628458498024,0.0207100591715976,-3.85620822632175,-3.80673473380674,-0.0494734925150082,0.142171123824215,-0.191644616339224,-0.604624497788033,0.412979881448809,0.200544233240718,0.212435648208091,-4.06864387452984,0.0168130506623077,0.0207100591715976,0.0217375941071289,0.024975588751243,0.0138000336681364,0.0168130506623077,0.00323799464411409,-0.0111755550831067,0.00301301699417132,0.0029497951874947,0.0197628458498024
"2018-05-01",30,"2020-11-01","2021-01-01",494,9,0.0182186234817814,0.0191919191919192,-3.93388748912488,-3.80673473380674,-0.127152755318143,0.125435575789942,-0.252588331108085,-0.604624497788033,0.352036166679947,0.302336275571726,0.0496998911082208,-3.9835873802331,0.0182784062810232,0.0191919191919192,0.0217375941071289,0.0245712715617039,0.0135741132227112,0.0182784062810232,0.00283367745457492,-0.0109971583389927,0.00470429305831207,-5.97827992418511e-05,0.0182186234817814
"2018-05-01",31,"2020-12-01","2021-02-01",478,9,0.0188284518828452,0.0198329853862213,-3.90037650004182,-3.80673473380674,-0.093641766235081,0.116476719657313,-0.210118485892394,-0.604624497788033,0.394506011895638,0.160050155148238,0.2344558567474,-4.13483235678922,0.0157532124441176,0.0198329853862213,0.0217375941071289,0.0243574620690612,0.0134546767047745,0.0157532124441176,0.00261986796193227,-0.0109027853642867,0.00229853573934303,0.00307523943872763,0.0188284518828452
"2018-05-01",32,"2021-01-01","2021-03-01",464,7,0.0150862068965517,0.0161290322580645,-4.11087386417331,-3.80673473380674,-0.30413913036657,0.132416258675008,-0.436555389041578,-0.604624497788033,0.168069108746455,-0.0170523393881472,0.185121448134602,-4.29599531230791,0.0134399137785229,0.0161290322580645,0.0217375941071289,0.0247391376828066,0.0136679016517329,0.0134399137785229,0.00300154357567763,-0.0110712360310737,-0.000227987873209995,0.00164629311802885,0.0150862068965517
"2018-05-01",33,"2021-02-01","2021-04-01",447,4,0.00894854586129754,0.0100446428571429,-4.59062040497336,-3.80673473380674,-0.783885671166619,0.139526428591446,-0.923412099758065,-0.604624497788033,-0.318787601970032,-0.271661745630415,-0.0471258563396168,-4.54349454863374,0.0105242353238576,0.0100446428571429,0.0217375941071289,0.0249112664840387,0.0137640866865049,0.0105242353238576,0.0031736723769098,-0.0111471797975339,-0.00323985136264725,-0.00157568946256008,0.00894854586129754
"2018-05-01",34,"2021-03-01","2021-05-01",431,1,0.00232018561484919,0.00347222222222222,-5.65948221575962,-3.80673473380674,-1.85274748195288,0.131428628410337,-1.98417611036322,-0.604624497788033,-1.37955161257518,-0.520233929176068,-0.859317683399116,-4.8001645323605,0.00816123921623886,0.00347222222222222,0.0217375941071289,0.0247153201974912,0.0136545937122354,0.00816123921623886,0.00297772609036222,-0.0110607264852558,-0.0054933544959965,-0.00584105360138967,0.00232018561484919
"2018-06-01",1,"2018-07-01","2018-09-01",1235,1,0.000809716599190283,0.00121359223300971,-6.71295620067707,-3.80673473380674,-2.90622146687033,-1.7073653881347,-1.19885607873563,-0.691701000863048,-0.507155077872582,-0.410162795844821,-0.0969922820277618,-6.61596391864931,0.00133703360455559,0.00121359223300971,0.0217375941071289,0.00401337969127483,0.00201362885993246,0.00133703360455559,-0.0177242144158541,-0.00199975083134237,-0.000676595255376862,-0.000527317005365312,0.000809716599190285
"2018-06-01",2,"2018-08-01","2018-10-01",1214,6,0.00494233937397035,0.00534979423868313,-5.22533302324195,-3.80673473380674,-1.4185982894352,-0.802500335743768,-0.616097953691437,-0.691701000863048,0.0756030471716103,-0.298646245234361,0.374249292405971,-5.59958231564792,0.00368577339717799,0.00534979423868312,0.0217375941071289,0.00986122148763851,0.0049621776090676,0.00368577339717799,-0.0118763726194904,-0.00489904387857091,-0.0012764042118896,0.00125656597679235,0.00494233937397035
"2018-06-01",3,"2018-09-01","2018-11-01",1167,7,0.00599828620394173,0.00642123287671233,-5.04170320517223,-3.80673473380674,-1.23496847136549,-0.337459829206784,-0.897508642158702,-0.691701000863048,-0.205807641295654,-0.4410899632397,0.235282321944046,-5.27698552711627,0.00508184786043423,0.00642123287671232,0.0217375941071289,0.0156087071675435,0.00787703444007365,0.00508184786043423,-0.00612888693958539,-0.0077316727274699,-0.00279518657963941,0.000916438343507496,0.00599828620394173
"2018-06-01",4,"2018-10-01","2018-12-01",1141,7,0.00613496932515337,0.00656742556917688,-5.01904428367763,-3.80673473380674,-1.21230954987089,-0.182480278425218,-1.02982927144567,-0.691701000863048,-0.338128270582625,-0.178129695122228,-0.159998575460396,-4.85904570821724,0.00769816219782016,0.00656742556917688,0.0217375941071289,0.0181776956171205,0.00918536498836329,0.00769816219782016,-0.00355989849000843,-0.00899233062875722,-0.00148720279054313,-0.00156319287266679,0.00613496932515337
"2018-06-01",5,"2018-11-01","2019-01-01",1099,3,0.00272975432211101,0.00318181818181818,-5.74711559936257,-3.80673473380674,-1.94038086555583,-0.110329660461367,-1.83005120509447,-0.691701000863048,-1.13835020423142,-0.0438615305362023,-1.09448867369522,-4.65262692566736,0.00944643122067387,0.00318181818181818,0.0217375941071289,0.019511164970081,0.0098658084340982,0.00944643122067387,-0.00222642913704798,-0.00964535653598276,-0.000419377213424329,-0.00671667689856286,0.00272975432211101
"2018-06-01",6,"2018-12-01","2019-02-01",1071,7,0.0065359477124183,0.00699626865671642,-4.95535746379127,-3.80673473380674,-1.14862272998453,-0.00462210480800024,-1.14400062517653,-0.691701000863048,-0.452299624313481,0.112416524094737,-0.564716148408218,-4.39064131538305,0.0122410780171226,0.00699626865671642,0.0217375941071289,0.0216395216911312,0.0109537650813925,0.0122410780171226,-9.8072415997727e-05,-0.0106857566097388,0.00128731293573009,-0.00570513030470425,0.0065359477124183
"2018-06-01",7,"2019-01-01","2019-03-01",1040,12,0.0115384615384615,0.0120076849183477,-4.41012806478476,-3.80673473380674,-0.603393330978015,0.0795860484344686,-0.682979379412484,-0.691701000863048,0.00872162145056365,0.225471639234264,-0.216750017783701,-4.19337804700106,0.0148707296006491,0.0120076849183477,0.0217375941071289,0.0234959992497771,0.0119046551152104,0.0148707296006491,0.00175840514264819,-0.0115913441345667,0.00296607448543863,-0.00333226806218753,0.0115384615384615
"2018-06-01",8,"2019-02-01","2019-04-01",1004,15,0.0149402390438247,0.0154228855721393,-4.15635974111742,-3.80673473380674,-0.349625007310678,0.14017796756865,-0.489802974879328,-0.691701000863048,0.201898025983719,0.0940197986978563,0.107878227285863,-4.26423796840328,0.0138675654436401,0.0154228855721393,0.0217375941071289,0.0249270977186229,0.012638883801285,0.0138675654436401,0.00318950361149392,-0.0122882139173379,0.00122868164235516,0.00107267360018458,0.0149402390438247
"2018-06-01",9,"2019-03-01","2019-05-01",974,16,0.0164271047227926,0.0169230769230769,-4.06200918157916,-3.80673473380674,-0.255274447772423,0.188722894148899,-0.443997341921321,-0.691701000863048,0.247703658941726,0.099039815618788,0.148663843322938,-4.2106730249021,0.0146194795738325,0.0169230769230769,0.0217375941071289,0.026134629384257,0.0132592379331173,0.0146194795738325,0.00439703527712805,-0.0128753914511396,0.0013602416407152,0.00180762514896006,0.0164271047227926
"2018-06-01",10,"2019-04-01","2019-06-01",939,15,0.0159744408945687,0.0164893617021277,-4.08841302690198,-3.80673473380674,-0.281678293095237,0.249100324734697,-0.530778617829935,-0.691701000863048,0.160922383033113,0.13539683365246,0.0255255493806532,-4.11393857628263,0.0160804707403206,0.0164893617021277,0.0217375941071289,0.0277160988991316,0.0140728451203313,0.0160804707403206,0.00597850479200264,-0.0136432537788003,0.00200762561998931,-0.000106029845751889,0.0159744408945687
"2018-06-01",11,"2019-05-01","2019-07-01",908,17,0.0187224669603524,0.0192519251925193,-3.93070455637373,-3.80673473380674,-0.123969822566985,0.289264109856582,-0.413233932423567,-0.691701000863048,0.27846706843948,0.125605706799516,0.152861361639964,-4.08356591801369,0.0165681540151594,0.0192519251925192,0.0217375941071289,0.0288192054610655,0.014641124138168,0.0165681540151594,0.00708161135393656,-0.0141780813228975,0.00192702987699142,0.00215431294519304,0.0187224669603524
"2018-06-01",12,"2019-06-01","2019-08-01",879,15,0.0170648464163823,0.0176136363636364,-4.02131128119814,-3.80673473380674,-0.214576547391403,0.294297372332265,-0.508873919723669,-0.691701000863048,0.182827081139379,0.311937835130062,-0.129110753990683,-3.89220052720746,0.0199925488696973,0.0176136363636363,0.0217375941071289,0.0289604143169464,0.0147139154872109,0.0199925488696973,0.00722282020981744,-0.0142464988297355,0.00527863338248644,-0.00292770245331508,0.0170648464163823
"2018-06-01",13,"2019-07-01","2019-09-01",848,12,0.0141509433962264,0.0147232037691402,-4.20349787611862,-3.80673473380674,-0.396763142311882,0.303514845354915,-0.700277987666797,-0.691701000863048,-0.0085769868037493,0.379299877568343,-0.387876864372092,-3.81562101174653,0.0215494277150893,0.0147232037691402,0.0217375941071289,0.0292207539062206,0.0148481445007011,0.0215494277150893,0.0074831597990917,-0.0143726094055195,0.00670128321438816,-0.00739848431886286,0.0141509433962264
"2018-06-01",14,"2019-08-01","2019-10-01",813,10,0.01230012300123,0.0128992628992629,-4.33760192801409,-3.80673473380674,-0.530867194207349,0.282992614882479,-0.813859809089828,-0.691701000863048,-0.12215880822678,0.331113081031449,-0.453271889258229,-3.88433003875586,0.0201473381228609,0.0128992628992629,0.0217375941071289,0.028644192466134,0.0145509216405184,0.0201473381228609,0.0069065983590051,-0.0140932708256156,0.00559641648234248,-0.00784721512163087,0.01230012300123
"2018-06-01",15,"2019-09-01","2019-11-01",791,9,0.011378002528445,0.0119949494949495,-4.41120212380781,-3.80673473380674,-0.604467390001072,0.290285959980498,-0.89475334998157,-0.691701000863048,-0.203052349118522,0.279939824453181,-0.482992173571703,-3.92820995023611,0.0192990831018144,0.0119949494949495,0.0217375941071289,0.0288478194500509,0.0146558734401591,0.0192990831018144,0.00711022534292199,-0.0141919460098919,0.00464320966165536,-0.00792108057336942,0.011378002528445
"2018-06-01",16,"2019-10-01","2019-12-01",772,10,0.0129533678756477,0.0135834411384217,-4.28522725131809,-3.80673473380674,-0.478492517511348,0.255943184868061,-0.734435702379409,-0.691701000863048,-0.0427347015163611,0.327238288421553,-0.369972989937914,-3.91525426138017,0.0195458238150456,0.0135834411384217,0.0217375941071289,0.02790109687394,0.0141681048164526,0.0195458238150456,0.00616350276681102,-0.0137329920574874,0.00537771899859309,-0.00659245593939798,0.0129533678756477
"2018-06-01",17,"2019-11-01","2020-01-01",746,11,0.014745308310992,0.0153949129852744,-4.15820350467229,-3.80673473380674,-0.351468770865546,0.264080020949498,-0.615548791815044,-0.691701000863048,0.0761522090480032,0.340221937540722,-0.264069728492719,-3.89413377617957,0.019954706147491,0.0153949129852744,0.0217375941071289,0.028122639040942,0.0142822054391345,0.019954706147491,0.00638504493381307,-0.0138404336018075,0.00567250070835655,-0.00520939783649906,0.014745308310992
"2018-06-01",18,"2019-12-01","2020-02-01",722,11,0.0152354570637119,0.0159059474412171,-4.1250283821607,-3.80673473380674,-0.318293648353961,0.253616829857505,-0.571910478211466,-0.691701000863048,0.119790522651581,0.398743386412819,-0.278952863761237,-3.84607551839947,0.0209165632888623,0.0159059474412172,0.0217375941071289,0.0278380692675519,0.0141356484535331,0.0209165632888623,0.00610047516042296,-0.0137024208140188,0.00678091483532919,-0.00568110622515035,0.0152354570637119
"2018-06-01",19,"2020-01-01","2020-03-01",707,11,0.0155586987270156,0.0162429378531073,-4.10372075785066,-3.80673473380674,-0.296986024043915,0.241048700025503,-0.538034724069417,-0.691701000863048,0.15366627679363,0.267163533020558,-0.113497256226928,-3.99022350162373,0.0181597055807913,0.0162429378531073,0.0217375941071289,0.0274999475031061,0.0139615664160481,0.0181597055807913,0.00576235339597715,-0.013538381087058,0.00419813916474321,-0.00260100685377578,0.0155586987270156
"2018-06-01",20,"2020-02-01","2020-04-01",683,6,0.00878477306002928,0.00950292397660819,-4.64660737585226,-3.80673473380674,-0.839872642045523,0.19016434378928,-1.0300369858348,-0.691701000863048,-0.338335984971755,0.020954849412792,-0.359290834384547,-4.28731654146772,0.013555475314184,0.00950292397660819,0.0217375941071289,0.0261713416691865,0.0132781102771688,0.013555475314184,0.00443374756205756,-0.0128932313920177,0.000277365037015236,-0.00477070225415473,0.00878477306002928
"2018-06-01",21,"2020-03-01","2020-05-01",671,10,0.014903129657228,0.015625,-4.14313472639153,-3.80673473380674,-0.336399992584791,0.159736706239509,-0.4961366988243,-0.691701000863048,0.195564302038747,-0.109104323685269,0.304668625724016,-4.44780335211555,0.0115688442345199,0.015625,0.0217375941071289,0.0254069305137959,0.0128853011227364,0.0115688442345199,0.00366933640666691,-0.0125216293910595,-0.00131645688821645,0.00333428542270808,0.014903129657228
"2018-06-01",22,"2020-04-01","2020-06-01",660,8,0.0121212121212121,0.0128593040847201,-4.34074497570058,-3.80673473380674,-0.534010241893837,0.116545108534489,-0.650555350428326,-0.691701000863048,0.0411456504347212,-0.0839574631687652,0.125103113603486,-4.46584808930406,0.0113643107834051,0.0128593040847201,0.0217375941071289,0.0243590873272493,0.0123473375102546,0.0113643107834051,0.00262149322012033,-0.0120117498169946,-0.000983026726849577,0.000756901337807068,0.0121212121212121
"2018-06-01",23,"2020-05-01","2020-07-01",647,12,0.0185471406491499,0.0192901234567901,-3.92868344632125,-3.80673473380674,-0.121948712514512,0.134096448024832,-0.256045160539344,-0.691701000863048,0.435655840323704,0.147768516703317,0.287887323620387,-4.21657076994164,0.01453476089646,0.0192901234567901,0.0217375941071289,0.0247797081878399,0.0125632161570354,0.01453476089646,0.00304211408071098,-0.0122164920308046,0.00197154473942461,0.00401237975268995,0.0185471406491499
"2018-06-01",24,"2020-06-01","2020-08-01",621,12,0.0193236714975845,0.020096463022508,-3.88691030461307,-3.80673473380674,-0.0801755708063294,0.136933913842919,-0.217109484649249,-0.691701000863048,0.474591516213799,0.304798858195984,0.169792658017815,-4.05670296263089,0.0170115814807661,0.020096463022508,0.0217375941071289,0.024848370001482,0.0125984647318638,0.0170115814807661,0.00311077589435308,-0.0122499052696182,0.00441311674890225,0.00231209001681848,0.0193236714975845
"2018-06-01",25,"2020-07-01","2020-09-01",613,14,0.0228384991843393,0.0236156351791531,-3.72194732504104,-3.80673473380674,0.0847874087657012,0.153144376103385,-0.0683569673376833,-0.691701000863048,0.623344033525364,0.275080610897249,0.348263422628115,-4.07021074766916,0.0167871692663639,0.0236156351791531,0.0217375941071289,0.025244204774237,0.0128017201944165,0.0167871692663639,0.00350661066710802,-0.0124424845798205,0.00398544907194741,0.00605132991797545,0.0228384991843393
"2018-06-01",26,"2020-08-01","2020-10-01",595,11,0.0184873949579832,0.0192953020134228,-3.92840974554292,-3.80673473380674,-0.121675011736178,0.150824454081345,-0.272499465817523,-0.691701000863048,0.419201535045525,0.214259832349531,0.204941702695994,-4.13335144823891,0.0157761904772997,0.0192953020134228,0.0217375941071289,0.0251871814349458,0.0127724345136381,0.0157761904772997,0.00344958732781681,-0.0124147469213076,0.00300375596366156,0.00271120448068349,0.0184873949579832
"2018-06-01",27,"2020-09-01","2020-11-01",574,9,0.0156794425087108,0.0165217391304348,-4.08641849694968,-3.80673473380674,-0.279683763142939,0.182987039848669,-0.462670802991608,-0.691701000863048,0.22903019787144,0.143894773994937,0.0851354238765034,-4.17155392082618,0.0151938523676417,0.0165217391304348,0.0217375941071289,0.0259890387722965,0.0131844024182873,0.0151938523676417,0.00425144466516755,-0.0128046363540092,0.00200944994935446,0.000485590141069071,0.0156794425087108
"2018-06-01",28,"2020-10-01","2020-12-01",559,7,0.0125223613595707,0.0133928571428571,-4.29955041284964,-3.80673473380674,-0.492815679042902,0.161161887237147,-0.653977566280049,-0.691701000863048,0.0377234345829982,0.200544233240718,-0.16282079865772,-4.13672961419192,0.0157238223862743,0.0133928571428571,0.0217375941071289,0.0254422438960924,0.0129034409749382,0.0157238223862743,0.00370464978896346,-0.0125388029211542,0.00282038141133602,-0.00320146102670361,0.0125223613595707
"2018-06-01",29,"2020-11-01","2021-01-01",544,8,0.0147058823529412,0.0155963302752294,-4.14500039857448,-3.80673473380674,-0.338265664767741,0.142171123824215,-0.480436788591956,-0.691701000863048,0.211264212271091,0.302336275571726,-0.0910720633006354,-4.05392833527385,0.0170580415518181,0.0155963302752294,0.0217375941071289,0.024975588751243,0.0126637808584904,0.0170580415518181,0.00323799464411409,-0.0123118078927526,0.00439426069332767,-0.0023521591988769,0.0147058823529412
"2018-06-01",30,"2020-12-01","2021-02-01",525,6,0.0114285714285714,0.0123574144486692,-4.38106463363769,-3.80673473380674,-0.57432989983095,0.125435575789942,-0.699765475620892,-0.691701000863048,-0.00806447475784444,0.160050155148238,-0.168114629906082,-4.21295000373161,0.0145867142116424,0.0123574144486692,0.0217375941071289,0.0245712715617039,0.0124562270674957,0.0145867142116424,0.00283367745457492,-0.0121150444942082,0.00213048714414675,-0.00315814278307101,0.0114285714285714
"2018-06-01",31,"2021-01-01","2021-03-01",511,8,0.0156555772994129,0.0166015625,-4.08151754866235,-3.80673473380674,-0.274782814855605,0.116476719657313,-0.391259534512919,-0.691701000863048,0.300441466350129,-0.0170523393881472,0.317493805738276,-4.39901135440062,0.012140285994591,0.0166015625,0.0217375941071289,0.0243574620690612,0.0123465035438648,0.012140285994591,0.00261986796193227,-0.0120109585251964,-0.000206217549273852,0.00351529130482194,0.0156555772994129
"2018-06-01",32,"2021-02-01","2021-04-01",494,7,0.01417004048583,0.0151515151515152,-4.17438726989564,-3.80673473380674,-0.367652536088896,0.132416258675008,-0.500068794763904,-0.691701000863048,0.191632206099144,-0.271661745630415,0.463293951729559,-4.6376812216252,0.00958731136925061,0.0151515151515152,0.0217375941071289,0.0247391376828066,0.0125423898281003,0.00958731136925061,0.00300154357567763,-0.0121967478547063,-0.00295507845884966,0.00458272911657935,0.01417004048583
"2018-06-01",33,"2021-03-01","2021-05-01",481,7,0.0145530145530146,0.0155601659751037,-4.14735859750772,-3.80673473380674,-0.340623863700976,0.139526428591446,-0.480150292292422,-0.691701000863048,0.211550708570625,-0.520233929176068,0.731784637746694,-4.87914323525441,0.00754614833784308,0.0155601659751037,0.0217375941071289,0.0249112664840387,0.012630755734829,0.00754614833784308,0.0031736723769098,-0.0122805107492097,-0.00508460739698594,0.00700686621517148,0.0145530145530146
"2018-06-01",34,"2021-04-01","2021-06-01",464,8,0.0172413793103448,0.0182795698924731,-3.98352253653875,-3.80673473380674,-0.176787802732011,0.131428628410337,-0.308216431142348,-0.691701000863048,0.3834845697207,-0.575798699208423,0.959283268929123,-4.94280580546788,0.0070840108527206,0.0182795698924731,0.0217375941071289,0.0247153201974912,0.0125301638368821,0.0070840108527206,0.00297772609036222,-0.0121851563606091,-0.00544615298416151,0.0101573684576242,0.0172413793103448
"2018-07-01",1,"2018-08-01","2018-10-01",1287,2,0.00155400155400155,0.00194099378881988,-6.24261229483179,-3.80673473380674,-2.43587756102505,-1.7073653881347,-0.72851217289035,-0.414820279205555,-0.313691893684794,-0.298646245234361,-0.0150456484504333,-6.22756664638136,0.00197036012136385,0.00194099378881987,0.0217375941071289,0.00401337969127483,0.00265428962936762,0.00197036012136385,-0.0177242144158541,-0.00135909006190721,-0.00068392950800377,-0.000416358567362298,0.00155400155400156
"2018-07-01",2,"2018-09-01","2018-11-01",1260,6,0.00476190476190476,0.00515463917525773,-5.26269018890489,-3.80673473380674,-1.45595545509814,-0.802500335743768,-0.653455119354377,-0.414820279205555,-0.238634840148821,-0.4410899632397,0.202455123090879,-5.46514531199576,0.00421389403649035,0.00515463917525773,0.0217375941071289,0.00986122148763851,0.00653481261267639,0.00421389403649035,-0.0118763726194904,-0.00332640887496211,-0.00232091857618604,0.000548010725414412,0.00476190476190476
"2018-07-01",3,"2018-10-01","2018-12-01",1209,7,0.00578990901571547,0.00619834710743802,-5.07725498143765,-3.80673473380674,-1.27052024763091,-0.337459829206784,-0.933060418424126,-0.414820279205555,-0.518240139218571,-0.178129695122228,-0.340110444096342,-4.73714453734131,0.00868750064100665,0.00619834710743802,0.0217375941071289,0.0156087071675435,0.0103638368582701,0.00868750064100665,-0.00612888693958539,-0.00524487030927343,-0.00167633621726348,-0.00289759162529118,0.00578990901571547
"2018-07-01",4,"2018-11-01","2019-01-01",1173,14,0.0119352088661552,0.012350936967632,-4.38159550726906,-3.80673473380674,-0.574860773462317,-0.182480278425218,-0.392380495037098,-0.414820279205555,0.0224397841684568,-0.0438615305362023,0.0663013147046591,-4.44789682197372,0.0115677754549181,0.012350936967632,0.0217375941071289,0.0181776956171205,0.0120801818630933,0.0115677754549181,-0.00355989849000843,-0.00609751375402724,-0.000512406408175164,0.000367433411237041,0.0119352088661552
"2018-07-01",5,"2018-12-01","2019-02-01",1136,19,0.0167253521126761,0.0171503957783641,-4.04843486091802,-3.80673473380674,-0.241700127111281,-0.110329660461367,-0.131370466649914,-0.414820279205555,0.283449812555641,0.112416524094737,0.171033288460904,-4.21946814937893,0.0144933185981654,0.0171503957783641,0.0217375941071289,0.019511164970081,0.012972263066817,0.0144933185981654,-0.00222642913704798,-0.006538901903264,0.00152105553134841,0.00223203351451068,0.0167253521126761
"2018-07-01",6,"2019-01-01","2019-03-01",1096,23,0.020985401459854,0.0214220601640839,-3.82167919616872,-3.80673473380674,-0.0149444623619814,-0.00462210480800024,-0.0103223575539812,-0.414820279205555,0.404497921651574,0.225471639234264,0.17902628241731,-4.00070547858603,0.0179737535374156,0.0214220601640839,0.0217375941071289,0.0216395216911312,0.0143978041147763,0.0179737535374156,-9.8072415997727e-05,-0.00724171757635492,0.00357594942263932,0.0030116479224384,0.020985401459854
"2018-07-01",7,"2019-02-01","2019-04-01",1051,19,0.0180780209324453,0.0185361216730038,-3.96932385926549,-3.80673473380674,-0.162589125458746,0.0795860484344686,-0.242175173893214,-0.414820279205555,0.172645105312341,0.0940197986978563,0.0786253066144847,-4.04794916587997,0.0171585847003478,0.0185361216730038,0.0217375941071289,0.0234959992497771,0.0156429405469043,0.0171585847003478,0.00175840514264819,-0.00785305870287288,0.00151564415344354,0.000919436232097497,0.0180780209324453
"2018-07-01",8,"2019-03-01","2019-05-01",1009,16,0.0158572844400396,0.0163366336633663,-4.09787368108534,-3.80673473380674,-0.291138947278595,0.14017796756865,-0.431316914847246,-0.414820279205555,-0.0164966356416904,0.099039815618788,-0.115536451260478,-3.98233722982486,0.0183008528776417,0.0163366336633663,0.0217375941071289,0.0249270977186229,0.0166038565044136,0.0183008528776417,0.00318950361149392,-0.00832324121420926,0.00169699637322811,-0.00244356843760207,0.0158572844400396
"2018-07-01",9,"2019-04-01","2019-06-01",977,14,0.0143295803480041,0.0148261758691207,-4.19642383842789,-3.80673473380674,-0.389689104621151,0.188722894148899,-0.57841199877005,-0.414820279205555,-0.163591719564495,0.13539683365246,-0.298988553216955,-3.89743528521094,0.019890242359318,0.0148261758691207,0.0217375941071289,0.026134629384257,0.0174153906873207,0.019890242359318,0.00439703527712805,-0.00871923869693633,0.0024748516719973,-0.00556066201131387,0.0143295803480041
"2018-07-01",10,"2019-05-01","2019-07-01",941,14,0.0148777895855473,0.0153927813163482,-4.15834414505506,-3.80673473380674,-0.351609411248321,0.249100324734697,-0.600709735983018,-0.414820279205555,-0.185889456777463,0.125605706799516,-0.311495163576979,-3.84684898147808,0.0209007293596549,0.0153927813163482,0.0217375941071289,0.0277160988991316,0.0184792497343109,0.0209007293596549,0.00597850479200264,-0.00923684916482072,0.00242147962534402,-0.0060229397741076,0.0148777895855473
"2018-07-01",11,"2019-06-01","2019-08-01",906,18,0.0198675496688742,0.0203969128996692,-3.87176391551043,-3.80673473380674,-0.0650291817036859,0.289264109856582,-0.354293291560268,-0.414820279205555,0.0605269876452873,0.311937835130062,-0.251410847484774,-3.62035306802565,0.0260751074141469,0.0203969128996692,0.0217375941071289,0.0288192054610655,0.019221995752618,0.0260751074141469,0.00708161135393656,-0.00959720970844749,0.00685311166152886,-0.0062075577452727,0.0198675496688742
"2018-07-01",12,"2019-07-01","2019-09-01",874,24,0.0274599542334096,0.028,-3.54715129428524,-3.80673473380674,0.259583439521506,0.294297372332265,-0.0347139328107593,-0.414820279205555,0.380106346394796,0.379299877568343,0.000806468826453188,-3.54795776311169,0.0279780594973329,0.028,0.0217375941071289,0.0289604143169464,0.0193171153643685,0.0279780594973329,0.00722282020981744,-0.00964329895257787,0.00866094413296434,-0.000518105263923242,0.0274599542334096
"2018-07-01",13,"2019-08-01","2019-10-01",849,25,0.0294464075382803,0.03,-3.47609868983527,-3.80673473380674,0.330636043971468,0.303514845354915,0.0271211986165533,-0.414820279205555,0.441941477822109,0.331113081031449,0.11082839679066,-3.58692708662593,0.0269375487530745,0.03,0.0217375941071289,0.0292207539062206,0.0194925067067211,0.0269375487530745,0.0074831597990917,-0.00972824719949957,0.00744504204635342,0.00250885878520584,0.0294464075382803
"2018-07-01",14,"2019-09-01","2019-11-01",813,18,0.022140221402214,0.0227272727272727,-3.76120011569356,-3.80673473380674,0.0455346181131788,0.282992614882479,-0.2374579967693,-0.414820279205555,0.177362282436255,0.279939824453181,-0.102577542016926,-3.65862257367664,0.0251206727511743,0.0227272727272727,0.0217375941071289,0.028644192466134,0.0191041181375129,0.0251206727511743,0.0069065983590051,-0.00954007432862116,0.00601655461366141,-0.00298045134896027,0.022140221402214
"2018-07-01",15,"2019-10-01","2019-12-01",776,15,0.0193298969072165,0.0199485199485199,-3.89445014841002,-3.80673473380674,-0.0877154146032746,0.290285959980498,-0.378001374583772,-0.414820279205555,0.036818904621783,0.327238288421553,-0.29041938379977,-3.60403076461025,0.0264928376085209,0.0199485199485199,0.0217375941071289,0.0288478194500509,0.0192412696602106,0.0264928376085209,0.00711022534292199,-0.00960654978984034,0.00725156794831026,-0.00716294070130435,0.0193298969072165
"2018-07-01",16,"2019-11-01","2020-01-01",750,15,0.02,0.0206391478029294,-3.85971051611629,-3.80673473380674,-0.05297578230955,0.255943184868061,-0.308918967177611,-0.414820279205555,0.105901312027944,0.340221937540722,-0.234320625512778,-3.62538989060351,0.0259475011920958,0.0206391478029294,0.0217375941071289,0.02790109687394,0.0186037737556117,0.0259475011920958,0.00616350276681102,-0.00929732311832826,0.00734372743648407,-0.00594750119209577,0.02
"2018-07-01",17,"2019-12-01","2020-02-01",721,17,0.0235783633841886,0.0242382271468144,-3.69528745040927,-3.80673473380674,0.111447283397475,0.264080020949498,-0.152632737552023,-0.414820279205555,0.262187541653532,0.398743386412819,-0.136555844759287,-3.55873160564998,0.0276865470534637,0.0242382271468144,0.0217375941071289,0.028122639040942,0.018752916827784,0.0276865470534637,0.00638504493381307,-0.00936972221315797,0.00893363022567965,-0.00410818366927507,0.0235783633841886
"2018-07-01",18,"2020-01-01","2020-03-01",692,16,0.023121387283237,0.0238095238095238,-3.71357206670431,-3.80673473380674,0.0931626671024333,0.253616829857505,-0.160454162755072,-0.414820279205555,0.254366116450483,0.267163533020558,-0.012797416570075,-3.70077465013423,0.024108789073322,0.0238095238095238,0.0217375941071289,0.0278380692675519,0.018561347457997,0.024108789073322,0.00610047516042296,-0.00927672180955486,0.00554744161532499,-0.000987401790085041,0.023121387283237
"2018-07-01",19,"2020-02-01","2020-04-01",668,11,0.0164670658682635,0.0171898355754858,-4.04609772868272,-3.80673473380674,-0.239362994875974,0.241048700025503,-0.480411694901477,-0.414820279205555,-0.0655914156959217,0.020954849412792,-0.0865462651087137,-3.959551463574,0.018714745325239,0.0171898355754858,0.0217375941071289,0.0274999475031061,0.0183337760318466,0.018714745325239,0.00576235339597715,-0.00916617147125951,0.000380969293392375,-0.00224767945697548,0.0164670658682635
"2018-07-01",20,"2020-03-01","2020-05-01",656,7,0.0106707317073171,0.0114155251141553,-4.46129981556839,-3.80673473380674,-0.654565081761648,0.19016434378928,-0.844729425550928,-0.414820279205555,-0.429909146345372,-0.109104323685269,-0.320804822660103,-4.14049499290829,0.0156656533260792,0.0114155251141553,0.0217375941071289,0.0261713416691865,0.0174400740763149,0.0156656533260792,0.00443374756205756,-0.0087312675928716,-0.00177442075023566,-0.00499492161876217,0.0106707317073171
"2018-07-01",21,"2020-04-01","2020-06-01",645,4,0.0062015503875969,0.00696594427244582,-4.95973178727942,-3.80673473380674,-1.15299705347268,0.159736706239509,-1.31273375971219,-0.414820279205555,-0.89791348050663,-0.0839574631687652,-0.813956017337864,-4.14577576994155,0.0155844304030142,0.00696594427244582,0.0217375941071289,0.0254069305137959,0.0169262527401941,0.0155844304030142,0.00366933640666691,-0.00848067777360178,-0.00134182233717989,-0.00938288001541728,0.0062015503875969
"2018-07-01",22,"2020-05-01","2020-07-01",631,9,0.0142630744849445,0.0150316455696203,-4.18245182973237,-3.80673473380674,-0.375717095925626,0.116545108534489,-0.492262204460116,-0.414820279205555,-0.0774419252545607,0.147768516703317,-0.225210441957877,-3.95724138777449,0.0187572159208023,0.0150316455696203,0.0217375941071289,0.0243590873272493,0.0162223512853501,0.0187572159208023,0.00262149322012033,-0.00813673604189917,0.00253486463545215,-0.00449414143585772,0.0142630744849445
"2018-07-01",23,"2020-06-01","2020-08-01",611,13,0.0212765957446809,0.0220588235294118,-3.79173683955364,-3.80673473380674,0.0149978942530971,0.134096448024832,-0.119098553771735,-0.414820279205555,0.295721725433821,0.304798858195984,-0.0090771327621631,-3.78265970679148,0.0222554893939038,0.0220588235294118,0.0217375941071289,0.0247797081878399,0.0165048477981211,0.0222554893939038,0.00304211408071098,-0.00827486038971878,0.00575064159578268,-0.000978893649222969,0.0212765957446809
"2018-07-01",24,"2020-07-01","2020-09-01",590,14,0.023728813559322,0.0245346869712352,-3.68282669028259,-3.80673473380674,0.123908043524156,0.136933913842919,-0.0130258703187633,-0.414820279205555,0.401794408886792,0.275080610897249,0.126713797989543,-3.80954048827213,0.0216780095337526,0.0245346869712352,0.0217375941071289,0.024848370001482,0.0165509700297043,0.0216780095337526,0.00311077589435308,-0.00829739997177772,0.0051270395040483,0.00205080402556943,0.023728813559322
"2018-07-01",25,"2020-08-01","2020-10-01",576,15,0.0260416666666667,0.0268630849220104,-3.5897717502533,-3.80673473380674,0.216962983553444,0.153144376103385,0.0638186074500595,-0.414820279205555,0.478638886655615,0.214259832349531,0.264379054306084,-3.85415080455938,0.0207518272291783,0.0268630849220104,0.0217375941071289,0.025244204774237,0.0168169066014804,0.0207518272291783,0.00350661066710802,-0.0084272981727566,0.00393492062769794,0.00528983943748837,0.0260416666666667
"2018-07-01",26,"2020-09-01","2020-11-01",562,14,0.0249110320284698,0.0257548845470693,-3.63303863028876,-3.80673473380674,0.173696103517985,0.150824454081345,0.0228716494366397,-0.414820279205555,0.437691928642195,0.143894773994937,0.293797154647258,-3.92683578493601,0.0193251086053144,0.0257548845470693,0.0217375941071289,0.0251871814349458,0.0167785917489339,0.0193251086053144,0.00344958732781681,-0.00840858968601189,0.00254651685638054,0.00558592342315535,0.0249110320284698
"2018-07-01",27,"2020-10-01","2020-12-01",545,13,0.0238532110091743,0.0247252747252747,-3.6748932121392,-3.80673473380674,0.131841521667545,0.182987039848669,-0.0511455181811243,-0.414820279205555,0.363674761024431,0.200544233240718,0.163130527783713,-3.83802373992291,0.0210820937840165,0.0247252747252747,0.0217375941071289,0.0259890387722965,0.0173175094116189,0.0210820937840165,0.00425144466516755,-0.00867152936067761,0.00376458437239757,0.00277111722515786,0.0238532110091743
"2018-07-01",28,"2020-11-01","2021-01-01",531,11,0.0207156308851224,0.0216165413533835,-3.81244285268582,-3.80673473380674,-0.00570811887907796,0.161161887237147,-0.166870006116225,-0.414820279205555,0.24795027308933,0.302336275571726,-0.0543860024823963,-3.75805685020342,0.022797191826483,0.0216165413533835,0.0217375941071289,0.0254422438960924,0.0169499837364133,0.022797191826483,0.00370464978896346,-0.00849226015967911,0.00584720809006966,-0.00208156094136054,0.0207156308851224
"2018-07-01",29,"2020-12-01","2021-02-01",511,10,0.0195694716242661,0.0205078125,-3.86622835023851,-3.80673473380674,-0.0594936164317712,0.142171123824215,-0.201664740255987,-0.414820279205555,0.213155538949569,0.160050155148238,0.053105383801331,-3.91933373403984,0.0194677987171445,0.0205078125,0.0217375941071289,0.024975588751243,0.0166364324711486,0.0194677987171445,0.00323799464411409,-0.00833915628009443,0.00283136624599591,0.000101672907121632,0.0195694716242661
"2018-07-01",30,"2021-01-01","2021-03-01",495,11,0.0222222222222222,0.0231854838709677,-3.74077039596162,-3.80673473380674,0.0659643378451249,0.125435575789942,-0.0594712379448173,-0.414820279205555,0.355349041260738,-0.0170523393881472,0.372401380648885,-4.1131717766105,0.0160926074627433,0.0231854838709677,0.0217375941071289,0.0245712715617039,0.0163648478517605,0.0160926074627433,0.00283367745457492,-0.00820642370994338,-0.000272240389017183,0.00612961475947892,0.0222222222222222
"2018-07-01",31,"2021-02-01","2021-04-01",477,7,0.0146750524109015,0.0156903765690377,-4.13889293848317,-3.80673473380674,-0.332158204676428,0.116476719657313,-0.448634924333742,-0.414820279205555,-0.0338146451281866,-0.271661745630415,0.237847100502229,-4.3767400389854,0.0124103063258391,0.0156903765690377,0.0217375941071289,0.0243574620690612,0.0162212598906068,0.0124103063258391,0.00261986796193227,-0.00813620217845437,-0.00381095356476773,0.00226474608506235,0.0146750524109015
"2018-07-01",32,"2021-03-01","2021-05-01",467,4,0.00856531049250535,0.00961538461538462,-4.63472898822964,-3.80673473380674,-0.827994254422895,0.132416258675008,-0.960410513097903,-0.414820279205555,-0.545590233892347,-0.520233929176068,-0.0253563047162791,-4.60937268351336,0.00985987791858629,0.00961538461538461,0.0217375941071289,0.0247391376828066,0.0164775963734836,0.00985987791858629,0.00300154357567763,-0.00826154130932301,-0.00661771845489728,-0.00129456742608093,0.00856531049250535
"2018-07-01",33,"2021-04-01","2021-06-01",456,2,0.0043859649122807,0.00547045951859956,-5.20290718174338,-3.80673473380674,-1.39617244793664,0.139526428591446,-1.53569887652808,-0.414820279205555,-1.12087859732253,-0.575798699208423,-0.545079898114104,-4.65782728362927,0.00939789438062538,0.00547045951859956,0.0217375941071289,0.0249112664840387,0.0165932214161522,0.00939789438062538,0.0031736723769098,-0.00831804506788655,-0.00719532703552682,-0.00501192946834467,0.0043859649122807
"2018-07-01",34,"2021-05-01","2021-07-01",447,2,0.00447427293064877,0.00558035714285714,-5.18290651503671,-3.80673473380674,-1.37617178122997,0.131428628410337,-1.5076004096403,-0.414820279205555,-1.09278013043475,-0.604464695930074,-0.488315434504676,-4.69459108053203,0.00906173996907076,0.00558035714285714,0.0217375941071289,0.0247153201974912,0.016461598394274,0.00906173996907076,0.00297772609036222,-0.00825372180321718,-0.00739985842520323,-0.00458746703842199,0.00447427293064877
"2018-08-01",1,"2018-09-01","2018-11-01",1404,2,0.00142450142450142,0.00177935943060498,-6.3297209055227,-3.80673473380674,-2.52298617171595,-1.7073653881347,-0.815620783581256,-0.362271220852935,-0.453349562728321,-0.4410899632397,-0.0122595994886212,-6.31746130603408,0.00180126839443617,0.00177935943060498,0.0217375941071289,0.00401337969127483,0.00279709930497053,0.00180126839443617,-0.0177242144158541,-0.0012162803863043,-0.000995830910534359,-0.000376766969934744,0.00142450142450143
"2018-08-01",2,"2018-10-01","2018-12-01",1374,14,0.0101892285298399,0.0105454545454545,-4.54145890879677,-3.80673473380674,-0.734724174990031,-0.802500335743768,0.0677761607537364,-0.362271220852935,0.430047381606671,-0.178129695122228,0.6081770767289,-5.14963598552567,0.00576805272716693,0.0105454545454545,0.0217375941071289,0.00986122148763851,0.00688496612273293,0.00576805272716693,-0.0118763726194904,-0.00297625536490558,-0.001116913395566,0.00442117580267296,0.0101892285298399
"2018-08-01",3,"2018-11-01","2019-01-01",1326,17,0.0128205128205128,0.0131876412961567,-4.3151997830183,-3.80673473380674,-0.508465049211557,-0.337459829206784,-0.171005220004773,-0.362271220852935,0.191266000848162,-0.0438615305362023,0.235127531384364,-4.55032731440266,0.0104533199334385,0.0131876412961567,0.0217375941071289,0.0156087071675435,0.010916905628452,0.0104533199334385,-0.00612888693958539,-0.0046918015390915,-0.000463585695013532,0.00236719288707431,0.0128205128205128
"2018-08-01",4,"2018-12-01","2019-02-01",1293,23,0.0177880897138438,0.018160741885626,-3.99016538161011,-3.80673473380674,-0.183430647803364,-0.182480278425218,-0.000950369378146132,-0.362271220852935,0.361320851474789,0.112416524094737,0.248904327380051,-4.23906970899016,0.014215992486087,0.018160741885626,0.0217375941071289,0.0181776956171205,0.0127236662121118,0.014215992486087,-0.00355989849000843,-0.00545402940500872,0.00149232627397525,0.00357209722775674,0.0177880897138438
"2018-08-01",5,"2019-01-01","2019-03-01",1241,16,0.0128928283642224,0.0132850241545894,-4.30774382206163,-3.80673473380674,-0.501009088254891,-0.110329660461367,-0.390679427793524,-0.362271220852935,-0.0284082069405889,0.225471639234264,-0.253879846174853,-4.05386397588678,0.0170591207033713,0.0132850241545894,0.0217375941071289,0.019511164970081,0.013662609417478,0.0170591207033713,-0.00222642913704798,-0.00584855555260296,0.00339651128589327,-0.00416629233914887,0.0128928283642224
"2018-08-01",6,"2019-02-01","2019-04-01",1198,19,0.0158597662771285,0.0162635529608007,-4.10243143327803,-3.80673473380674,-0.295696699471288,-0.00462210480800024,-0.291074594663287,-0.362271220852935,0.0711966261896476,0.0940197986978563,-0.0228231725082087,-4.07960826076982,0.0166327622260666,0.0162635529608007,0.0217375941071289,0.0216395216911312,0.0151628482202669,0.0166327622260666,-9.8072415997727e-05,-0.00647667347086428,0.00146991400579963,-0.000772995948938024,0.0158597662771285
"2018-08-01",7,"2019-03-01","2019-05-01",1152,18,0.015625,0.0160450997398092,-4.11617657213562,-3.80673473380674,-0.309441838328876,0.0795860484344686,-0.389027886763345,-0.362271220852935,-0.0267566659104099,0.099039815618788,-0.125796481529198,-3.99038009060642,0.0181569138207321,0.0160450997398092,0.0217375941071289,0.0234959992497771,0.01647304062139,0.0181569138207321,0.00175840514264819,-0.00702295862838717,0.00168387319934211,-0.00253191382073208,0.015625
"2018-08-01",8,"2019-04-01","2019-06-01",1121,21,0.0187332738626227,0.0191622103386809,-3.9354669658329,-3.80673473380674,-0.128732232026158,0.14017796756865,-0.268910199594809,-0.362271220852935,0.0933610212581263,0.13539683365246,-0.0420358123943335,-3.89343115343857,0.0199684516359225,0.0191622103386809,0.0217375941071289,0.0249270977186229,0.0174840423360978,0.0199684516359225,0.00318950361149392,-0.00744305538252507,0.00248440929982473,-0.00123517777329987,0.0187332738626227
"2018-08-01",9,"2019-05-01","2019-07-01",1075,24,0.0223255813953488,0.0227695167286245,-3.75929987759207,-3.80673473380674,0.047434856214668,0.188722894148899,-0.141288037934231,-0.362271220852935,0.220983182918704,0.125605706799516,0.0953774761191878,-3.85467735371126,0.0207411298241129,0.0227695167286245,0.0217375941071289,0.026134629384257,0.0183377944835789,0.0207411298241129,0.00439703527712805,-0.00779683490067808,0.00240333534053401,0.00158445157123592,0.0223255813953488
"2018-08-01",10,"2019-06-01","2019-08-01",1045,25,0.0239234449760766,0.0243785850860421,-3.68936953008552,-3.80673473380674,0.117365203721222,0.249100324734697,-0.131735121013475,-0.362271220852935,0.23053609983946,0.311937835130062,-0.0814017352906019,-3.60796779479492,0.0263914868624936,0.0243785850860421,0.0217375941071289,0.0277160988991316,0.0194568849085225,0.0263914868624936,0.00597850479200264,-0.00825921399060908,0.00693460195397105,-0.002468041886417,0.0239234449760766
"2018-08-01",11,"2019-07-01","2019-09-01",1003,22,0.0219341974077767,0.0224103585657371,-3.77556670450614,-3.80673473380674,0.0311680293005998,0.289264109856582,-0.258096080555982,-0.362271220852935,0.104175140296953,0.379299877568343,-0.27512473727139,-3.50044196723475,0.029299658062755,0.0224103585657371,0.0217375941071289,0.0288192054610655,0.0202381153009483,0.029299658062755,0.00708161135393656,-0.00858109016011716,0.00906154276180665,-0.00736546065497833,0.0219341974077767
"2018-08-01",12,"2019-08-01","2019-10-01",959,17,0.0177267987486966,0.0182291666666667,-3.9863350383927,-3.80673473380674,-0.179600304585956,0.294297372332265,-0.473897676918221,-0.362271220852935,-0.111626456065287,0.331113081031449,-0.442739537096736,-3.54359550129596,0.028096937052639,0.0182291666666667,0.0217375941071289,0.0289604143169464,0.020338158887823,0.028096937052639,0.00722282020981744,-0.00862225542912333,0.00775877816481591,-0.0103701383039424,0.0177267987486966
"2018-08-01",13,"2019-09-01","2019-11-01",931,15,0.0161117078410312,0.0166309012875536,-4.07972204335456,-3.80673473380674,-0.272987309547817,0.303514845354915,-0.576502154902732,-0.362271220852935,-0.214230934049797,0.279939824453181,-0.494170758502978,-3.58555128485158,0.0269736346357449,0.0166309012875537,0.0217375941071289,0.0292207539062206,0.0205226268733706,0.0269736346357449,0.0074831597990917,-0.00869812703285006,0.00645100776237434,-0.0108619267947138,0.0161117078410312
"2018-08-01",14,"2019-10-01","2019-12-01",902,15,0.016629711751663,0.0171650055370986,-4.04756849742437,-3.80673473380674,-0.240833763617629,0.282992614882479,-0.523826378500108,-0.362271220852935,-0.161555157647173,0.327238288421553,-0.488793446068726,-3.55877505135564,0.0276853775189721,0.0171650055370986,0.0217375941071289,0.028644192466134,0.0201141341934137,0.0276853775189721,0.0069065983590051,-0.00853005827272033,0.00757124332555844,-0.0110556657673092,0.016629711751663
"2018-08-01",15,"2019-11-01","2020-01-01",871,16,0.0183696900114811,0.0189220183486239,-3.94832571242571,-3.80673473380674,-0.141590978618972,0.290285959980498,-0.43187693859947,-0.362271220852935,-0.0696057177465348,0.340221937540722,-0.409827655287257,-3.53849805713846,0.0282364708511425,0.0189220183486239,0.0217375941071289,0.0288478194500509,0.0202583870272064,0.0282364708511425,0.00711022534292199,-0.00858943242284457,0.00797808382393615,-0.00986678083966145,0.0183696900114811
"2018-08-01",16,"2019-12-01","2020-02-01",844,14,0.0165876777251185,0.0171597633136095,-4.04787927962682,-3.80673473380674,-0.24114454582008,0.255943184868061,-0.497087730688141,-0.362271220852935,-0.134816509835206,0.398743386412819,-0.533559896248025,-3.5143193833788,0.0289075355381553,0.0171597633136095,0.0217375941071289,0.02790109687394,0.0195878653369388,0.0289075355381553,0.00616350276681102,-0.00831323153700113,0.00931967020121647,-0.0123198578130368,0.0165876777251185
"2018-08-01",17,"2020-01-01","2020-03-01",820,12,0.0146341463414634,0.0152253349573691,-4.16945203470891,-3.80673473380674,-0.362717300902164,0.264080020949498,-0.626797321851663,-0.362271220852935,-0.264526100998728,0.267163533020558,-0.531689634019286,-3.63776240068962,0.0256366228818277,0.0152253349573691,0.0217375941071289,0.028122639040942,0.0197447389676999,0.0256366228818277,0.00638504493381307,-0.00837790007324209,0.00589188391412773,-0.0110024765403642,0.0146341463414634
"2018-08-01",18,"2020-02-01","2020-04-01",793,9,0.0113493064312736,0.0119647355163728,-4.41375477356659,-3.80673473380674,-0.607020039759851,0.253616829857505,-0.860636869617356,-0.362271220852935,-0.498365648764421,0.020954849412792,-0.519320498177213,-3.89443427538938,0.0199488302775889,0.0119647355163728,0.0217375941071289,0.0278380692675519,0.019543239488935,0.0199488302775889,0.00610047516042296,-0.00829482977861686,0.00040559078865381,-0.00859952384631521,0.0113493064312736
"2018-08-01",19,"2020-03-01","2020-05-01",783,10,0.0127713920817369,0.0133928571428571,-4.29955041284964,-3.80673473380674,-0.492815679042902,0.241048700025503,-0.733864379068405,-0.362271220852935,-0.37159315821547,-0.109104323685269,-0.262488834530201,-4.03706157831944,0.0173431633048851,0.0133928571428571,0.0217375941071289,0.0274999475031061,0.0193038663585957,0.0173431633048851,0.00576235339597715,-0.00819608114451038,-0.00196070305371064,-0.00457177122314817,0.0127713920817369
"2018-08-01",20,"2020-04-01","2020-06-01",772,9,0.0116580310880829,0.0122897800776197,-4.38662132605219,-3.80673473380674,-0.579886592245451,0.19016434378928,-0.770050936034731,-0.362271220852935,-0.407779715181796,-0.0839574631687652,-0.323822252013031,-4.06279907403916,0.0169099407431087,0.0122897800776197,0.0217375941071289,0.0261713416691865,0.0183637607914868,0.0169099407431087,0.00443374756205756,-0.00780758087769967,-0.00145382004837808,-0.00525190965502585,0.0116580310880829
"2018-08-01",21,"2020-05-01","2020-07-01",756,11,0.0145502645502645,0.0151915455746367,-4.17170809883559,-3.80673473380674,-0.364973365028847,0.159736706239509,-0.524710071268356,-0.362271220852935,-0.162438850415421,0.147768516703317,-0.310207367118738,-3.86150073171685,0.0206029929009266,0.0151915455746367,0.0217375941071289,0.0254069305137959,0.0178232193441138,0.0206029929009266,0.00366933640666691,-0.00758371116968202,0.00277977355681281,-0.0060527283506621,0.0145502645502645
"2018-08-01",22,"2020-06-01","2020-08-01",734,16,0.0217983651226158,0.0224489795918367,-3.77380532461254,-3.80673473380674,0.0329294091941965,0.116545108534489,-0.083615699340293,-0.362271220852935,0.278655521512642,0.304798858195984,-0.026143336683342,-3.7476619879292,0.0230299154818158,0.0224489795918367,0.0217375941071289,0.0243590873272493,0.0170826644835737,0.0230299154818158,0.00262149322012033,-0.00727642284367557,0.00594725099824214,-0.00123155035920004,0.0217983651226158
"2018-08-01",23,"2020-07-01","2020-09-01",714,14,0.0196078431372549,0.0202797202797203,-3.87764571635053,-3.80673473380674,-0.0709109825437917,0.134096448024832,-0.205007430568623,-0.362271220852935,0.157263790284312,0.275080610897249,-0.117816820612938,-3.7598288957376,0.0227577484823679,0.0202797202797203,0.0217375941071289,0.0247797081878399,0.0173798778456669,0.0227577484823679,0.00304211408071098,-0.00739983034217303,0.00537787063670098,-0.00314990534511297,0.0196078431372549
"2018-08-01",24,"2020-08-01","2020-10-01",688,11,0.0159883720930233,0.0166908563134978,-4.07606251738465,-3.80673473380674,-0.269327783577911,0.136933913842919,-0.40626169742083,-0.362271220852935,-0.043990476567895,0.214259832349531,-0.258250308917426,-3.81781220846723,0.0215032746273454,0.0166908563134978,0.0217375941071289,0.024848370001482,0.0174284019868955,0.0215032746273454,0.00311077589435308,-0.00741996801458654,0.00407487264044989,-0.00551490253432212,0.0159883720930233
"2018-08-01",25,"2020-09-01","2020-11-01",667,7,0.0104947526236882,0.0112275449101796,-4.47809410342012,-3.80673473380674,-0.671359369613374,0.153144376103385,-0.824503745716759,-0.362271220852935,-0.462232524863824,0.143894773994937,-0.606127298858761,-3.87196680456136,0.0203928593925692,0.0112275449101796,0.0217375941071289,0.025244204774237,0.017708183043699,0.0203928593925692,0.00350661066710802,-0.00753602173053796,0.00268467634887024,-0.00989810676888108,0.0104947526236882
"2018-08-01",26,"2020-10-01","2020-12-01",645,12,0.0186046511627907,0.0193498452012384,-3.92553135545294,-3.80673473380674,-0.118796621646197,0.150824454081345,-0.269621075727542,-0.362271220852935,0.0926501451253927,0.200544233240718,-0.107894088115326,-3.81763726733761,0.0215069558514681,0.0193498452012384,0.0217375941071289,0.0251871814349458,0.0176678740394392,0.0215069558514681,0.00344958732781681,-0.00751930739550656,0.00383908181202887,-0.00290230468867736,0.0186046511627907
"2018-08-01",27,"2020-11-01","2021-01-01",635,17,0.0267716535433071,0.0275157232704403,-3.56509631090307,-3.80673473380674,0.241638422903667,0.182987039848669,0.0586513830549981,-0.362271220852935,0.420922603907933,0.302336275571726,0.118586328336207,-3.68368263923928,0.0245142101055369,0.0275157232704402,0.0217375941071289,0.0259890387722965,0.0182348251491974,0.0245142101055369,0.00425144466516755,-0.00775421362309912,0.00627938495633956,0.00225744343777016,0.0267716535433071
"2018-08-01",28,"2020-12-01","2021-02-01",614,17,0.0276872964169381,0.0284552845528455,-3.5305534028762,-3.80673473380674,0.276181330930544,0.161161887237147,0.115019443693396,-0.362271220852935,0.477290664546331,0.160050155148238,0.317240509398094,-3.84779391227429,0.0208814011524698,0.0284552845528455,0.0217375941071289,0.0254422438960924,0.0178481850764127,0.0208814011524698,0.00370464978896346,-0.0075940588196797,0.00303321607605711,0.00680589526446829,0.0276872964169381
"2018-08-01",29,"2021-01-01","2021-03-01",596,16,0.0268456375838926,0.0276381909547739,-3.56052942023141,-3.80673473380674,0.24620531357533,0.142171123824215,0.104034189751115,-0.362271220852935,0.466305410604049,-0.0170523393881472,0.483357749992197,-4.04388717022361,0.0172272213989415,0.0276381909547739,0.0217375941071289,0.024975588751243,0.0175183144221929,0.0172272213989415,0.00323799464411409,-0.00745727432905011,-0.000291093023251421,0.00961841618495111,0.0268456375838926
"2018-08-01",30,"2021-02-01","2021-04-01",577,12,0.0207972270363951,0.0216262975778547,-3.81198165124792,-3.80673473380674,-0.00524691744117867,0.125435575789942,-0.130682493231121,-0.362271220852935,0.231588727621814,-0.271661745630415,0.503250473252229,-4.31523212450015,0.0131872204195542,0.0216262975778547,0.0217375941071289,0.0245712715617039,0.0172325856376469,0.0131872204195542,0.00283367745457492,-0.00733868592405692,-0.00404536521809273,0.00761000661684093,0.0207972270363951
"2018-08-01",31,"2021-03-01","2021-05-01",556,9,0.0161870503597122,0.0170556552962298,-4.05407066308416,-3.80673473380674,-0.247335929277419,0.116476719657313,-0.363812648934733,-0.362271220852935,-0.00154142808179769,-0.520233929176068,0.51869250109427,-4.57276316417843,0.0102237732564136,0.0170556552962298,0.0217375941071289,0.0243574620690612,0.01708151621432,0.0102237732564136,0.00261986796193227,-0.00727594585474122,-0.00685774295790636,0.0059632771032986,0.0161870503597122
"2018-08-01",32,"2021-04-01","2021-06-01",544,7,0.0128676470588235,0.0137614678899083,-4.27202573945955,-3.80673473380674,-0.465291005652812,0.132416258675008,-0.59770726432782,-0.362271220852935,-0.235436043474885,-0.575798699208423,0.340362655733538,-4.61238839519309,0.0098304800245426,0.0137614678899083,0.0217375941071289,0.0247391376828066,0.0173512071338928,0.0098304800245426,0.00300154357567763,-0.00738793054891378,-0.00752072710935018,0.00303716703428092,0.0128676470588235
"2018-08-01",33,"2021-05-01","2021-07-01",535,7,0.0130841121495327,0.0139925373134328,-4.25513978476803,-3.80673473380674,-0.448405050961286,0.139526428591446,-0.587931479552732,-0.362271220852935,-0.225660258699797,-0.604464695930074,0.378804437230277,-4.6339442219983,0.00962286076520006,0.0139925373134328,0.0217375941071289,0.0249112664840387,0.0174728534890406,0.00962286076520006,0.0031736723769098,-0.0074384129949981,-0.00784999272384059,0.00346125138433265,0.0130841121495327
"2018-08-01",34,"2021-06-01","2021-08-01",521,6,0.0115163147792706,0.0124521072796935,-4.37333512655542,-3.80673473380674,-0.566600392748682,0.131428628410337,-0.698029021159018,-0.362271220852935,-0.335757800306084,-0.615056956882158,0.279299156576074,-4.6526342831315,0.00944636237568718,0.0124521072796935,0.0217375941071289,0.0247153201974912,0.0173343759213472,0.00944636237568718,0.00297772609036222,-0.007380944276144,-0.00788801354565999,0.00206995240358346,0.0115163147792706
"2018-09-01",1,"2018-10-01","2018-12-01",1401,8,0.00571020699500357,0.00606276747503566,-5.09950768342573,-3.80673473380674,-1.29277294961899,-1.7073653881347,0.414592438515708,-0.160883924245795,0.575476362761502,-0.178129695122228,0.753606057883731,-5.85311374130946,0.00286272710900451,0.00606276747503566,0.0217375941071289,0.00401337969127483,0.00341899408491683,0.00286272710900451,-0.0177242144158541,-0.000594385606357997,-0.000556266975912325,0.00284747988599906,0.00571020699500357
"2018-09-01",2,"2018-11-01","2019-01-01",1366,30,0.0219619326500732,0.0223116313094367,-3.78008285196561,-3.80673473380674,0.0266518818411332,-0.802500335743768,0.829152217584901,-0.160883924245795,0.990036141830695,-0.0438615305362023,1.0338976723669,-4.81398052433251,0.00805016040045326,0.0223116313094367,0.0217375941071289,0.00986122148763851,0.00840807591140892,0.00805016040045326,-0.0118763726194904,-0.00145314557622958,-0.00035791551095566,0.0139117722496199,0.0219619326500732
"2018-09-01",3,"2018-12-01","2019-02-01",1308,34,0.0259938837920489,0.0263559969442322,-3.60934989977886,-3.80673473380674,0.197384834027885,-0.337459829206784,0.534844663234669,-0.160883924245795,0.695728587480463,0.112416524094737,0.583312063385726,-4.19266196316458,0.0148812235810657,0.0263559969442322,0.0217375941071289,0.0156087071675435,0.0133200081444662,0.0148812235810657,-0.00612888693958539,-0.00228869902307734,0.00156121543659952,0.0111126602109832,0.0259938837920489
"2018-09-01",4,"2019-01-01","2019-03-01",1268,30,0.0236593059936909,0.0240346729708432,-3.70392956531605,-3.80673473380674,0.102805168490693,-0.182480278425218,0.285285446915911,-0.160883924245795,0.446169371161706,0.225471639234264,0.220697731927441,-3.92462729724349,0.0193670075498097,0.0240346729708432,0.0217375941071289,0.0181776956171205,0.0155182450109337,0.0193670075498097,-0.00355989849000843,-0.00265945060618681,0.00384876253887596,0.00429229844388118,0.0236593059936909
"2018-09-01",5,"2019-02-01","2019-04-01",1193,14,0.0117351215423303,0.01214405360134,-4.3986972494212,-3.80673473380674,-0.59196251561446,-0.110329660461367,-0.481632855153093,-0.160883924245795,-0.320748930907298,0.0940197986978563,-0.414768729605154,-3.98392851981605,0.0182722857737774,0.01214405360134,0.0217375941071289,0.019511164970081,0.016659934225452,0.0182722857737774,-0.00222642913704798,-0.00285123074462896,0.00161235154832543,-0.00653716423144718,0.0117351215423303
"2018-09-01",6,"2019-03-01","2019-05-01",1147,14,0.012205754141238,0.0126306620209059,-4.35891682052106,-3.80673473380674,-0.552182086714314,-0.00462210480800024,-0.547559981906314,-0.160883924245795,-0.386676057660519,0.099039815618788,-0.485715873279307,-3.87320094724175,0.020368219523303,0.0126306620209059,0.0217375941071289,0.0216395216911312,0.0184831302634112,0.020368219523303,-9.8072415997727e-05,-0.00315639142772002,0.00188508925989184,-0.00816246538206503,0.012205754141238
"2018-09-01",7,"2019-04-01","2019-06-01",1115,16,0.0143497757847534,0.0147849462365591,-4.19925042908828,-3.80673473380674,-0.392515695281539,0.0795860484344686,-0.472101743716008,-0.160883924245795,-0.311217819470213,0.13539683365246,-0.446614653122673,-3.75263577596561,0.0229182726323843,0.0147849462365591,0.0217375941071289,0.0234959992497771,0.0200743738238775,0.0229182726323843,0.00175840514264819,-0.00342162542589959,0.00284389880850678,-0.00856849684763095,0.0143497757847534
"2018-09-01",8,"2019-05-01","2019-07-01",1068,19,0.0177902621722846,0.0182413470533209,-3.98565467369099,-3.80673473380674,-0.178919939884246,0.14017796756865,-0.319097907452896,-0.160883924245795,-0.158213983207101,0.125605706799516,-0.283819690006618,-3.70183498368437,0.0240838546013742,0.0182413470533209,0.0217375941071289,0.0249270977186229,0.0213016135064817,0.0240838546013742,0.00318950361149392,-0.00362548421214114,0.00278224109489244,-0.00629359242908952,0.0177902621722846
"2018-09-01",9,"2019-06-01","2019-08-01",1030,26,0.0252427184466019,0.0257032007759457,-3.63510045126281,-3.80673473380674,0.171634282543929,0.188722894148899,-0.01708861160497,-0.160883924245795,0.143795312640825,0.311937835130062,-0.168142522489237,-3.46695792877358,0.0302671419708787,0.0257032007759457,0.0217375941071289,0.026134629384257,0.0223375409268321,0.0302671419708787,0.00439703527712805,-0.00379708845742486,0.0079296010440466,-0.00502442352427679,0.0252427184466019
"2018-09-01",10,"2019-07-01","2019-09-01",996,27,0.0271084337349398,0.0275827482447342,-3.56259447001018,-3.80673473380674,0.24414026379656,0.249100324734697,-0.00496006093813686,-0.160883924245795,0.155923863307658,0.379299877568343,-0.223376014260685,-3.3392184557495,0.0342499993744708,0.0275827482447342,0.0217375941071289,0.0277160988991316,0.0236948299426008,0.0342499993744708,0.00597850479200264,-0.00402126895653077,0.01055516943187,-0.00714156563953106,0.0271084337349398
"2018-09-01",11,"2019-08-01","2019-10-01",949,23,0.0242360379346681,0.0247368421052632,-3.6744136245753,-3.80673473380674,0.13232110923144,0.289264109856582,-0.156943000625142,-0.160883924245795,0.00394092362065249,0.331113081031449,-0.327172157410797,-3.3472414671645,0.0339856120908058,0.0247368421052632,0.0217375941071289,0.0288192054610655,0.0246419454577758,0.0339856120908058,0.00708161135393656,-0.00417726000328972,0.00934366663302998,-0.00974957415613769,0.0242360379346681
"2018-09-01",12,"2019-09-01","2019-11-01",912,17,0.018640350877193,0.0191675794085433,-3.9351813405713,-3.80673473380674,-0.128446606764557,0.294297372332265,-0.422743979096822,-0.160883924245795,-0.261860054851028,0.279939824453181,-0.541799879304209,-3.39338146126709,0.0325029518896021,0.0191675794085433,0.0217375941071289,0.0289604143169464,0.0247632083898872,0.0325029518896021,0.00722282020981744,-0.0041972059270592,0.00773974349971495,-0.0138626010124091,0.018640350877193
"2018-09-01",13,"2019-10-01","2019-12-01",880,18,0.0204545454545455,0.0209988649262202,-3.84206441682124,-3.80673473380674,-0.0353296830144947,0.303514845354915,-0.338844528369409,-0.160883924245795,-0.177960604123615,0.327238288421553,-0.505198892545168,-3.33686552427607,0.0343279124876962,0.0209988649262202,0.0217375941071289,0.0292207539062206,0.0249867880926801,0.0343279124876962,0.0074831597990917,-0.00423396581354053,0.00934112439501613,-0.0138733670331508,0.0204545454545455
"2018-09-01",14,"2019-11-01","2020-01-01",848,18,0.0212264150943396,0.0217903415783274,-3.80425719696907,-3.80673473380674,0.0024775368376706,0.282992614882479,-0.280515078044808,-0.160883924245795,-0.119631153799014,0.340221937540722,-0.459853091339736,-3.34440410562933,0.0340788876158981,0.0217903415783274,0.0217375941071289,0.028644192466134,0.0244916603555813,0.0340788876158981,0.0069065983590051,-0.00415253211055278,0.00958722726031683,-0.0128524725215585,0.0212264150943396
"2018-09-01",15,"2019-12-01","2020-02-01",824,26,0.0315533980582524,0.0321212121212121,-3.40559023466289,-3.80673473380674,0.401144499143851,0.290285959980498,0.110858539163353,-0.160883924245795,0.271742463409148,0.398743386412819,-0.127000923003671,-3.27858931165922,0.0363130503062308,0.0321212121212121,0.0217375941071289,0.0288478194500509,0.024666517272858,0.0363130503062308,0.00711022534292199,-0.00418130217719293,0.0116465330333728,-0.00475965224797838,0.0315533980582524
"2018-09-01",16,"2020-01-01","2020-03-01",794,21,0.026448362720403,0.0270440251572327,-3.5828727348795,-3.80673473380674,0.223861998927238,0.255943184868061,-0.0320811859408233,-0.160883924245795,0.128802738304971,0.267163533020558,-0.138360794715587,-3.44451194016392,0.0309329471694629,0.0270440251572327,0.0217375941071289,0.02790109687394,0.0238536454664943,0.0309329471694629,0.00616350276681102,-0.00404745140744569,0.00707930170296864,-0.00448458444905989,0.026448362720403
"2018-09-01",17,"2020-02-01","2020-04-01",765,17,0.0222222222222222,0.022845953002611,-3.75587032293021,-3.80673473380674,0.0508644108765264,0.264080020949498,-0.213215610072972,-0.160883924245795,-0.0523316858271772,0.020954849412792,-0.0732865352399692,-3.68258378769025,0.0245405009663171,0.022845953002611,0.0217375941071289,0.028122639040942,0.0240438446833024,0.0245405009663171,0.00638504493381307,-0.00407879435763965,0.00049665628301478,-0.00231827874409491,0.0222222222222222
"2018-09-01",18,"2020-03-01","2020-05-01",742,10,0.0134770889487871,0.0141318977119785,-4.24508808372774,-3.80673473380674,-0.438353349921003,0.253616829857505,-0.691970179778509,-0.160883924245795,-0.531086255532714,-0.109104323685269,-0.421981931847445,-3.8231061518803,0.0213921670889451,0.0141318977119785,0.0217375941071289,0.0278380692675519,0.0237995370659651,0.0213921670889451,0.00610047516042296,-0.00403853220158679,-0.00240736997702,-0.00791507814015805,0.0134770889487871
"2018-09-01",19,"2020-04-01","2020-06-01",730,14,0.0191780821917808,0.0198358413132695,-3.9002295978417,-3.80673473380674,-0.0934948640349567,0.241048700025503,-0.334543564060459,-0.160883924245795,-0.173659639814665,-0.0839574631687652,-0.0897021766458995,-3.8105274211958,0.0216570884657733,0.0198358413132695,0.0217375941071289,0.0274999475031061,0.0235092811960193,0.0216570884657733,0.00576235339597715,-0.00399066630708682,-0.00185219273024597,-0.00247900627399247,0.0191780821917808
"2018-09-01",20,"2020-05-01","2020-07-01",714,20,0.0280112044817927,0.0286713286713287,-3.52276727605004,-3.80673473380674,0.283967457756706,0.19016434378928,0.0938031139674258,-0.160883924245795,0.25468703821322,0.147768516703317,0.106918521509904,-3.62968579755994,0.0258391462884271,0.0286713286713287,0.0217375941071289,0.0261713416691865,0.0223690418169288,0.0258391462884271,0.00443374756205756,-0.00380229985225768,0.00347010447149824,0.00217205819336565,0.0280112044817927
"2018-09-01",21,"2020-06-01","2020-08-01",693,22,0.0317460317460317,0.0324207492795389,-3.39599870675292,-3.80673473380674,0.410736027053823,0.159736706239509,0.250999320814314,-0.160883924245795,0.411883245060109,0.304798858195984,0.107084386864125,-3.50308309361704,0.0292246346017289,0.0324207492795389,0.0217375941071289,0.0254069305137959,0.0217132118151837,0.0292246346017289,0.00366933640666691,-0.00369371869861215,0.00751142278654515,0.00252139714430289,0.0317460317460317
"2018-09-01",22,"2020-07-01","2020-09-01",668,18,0.0269461077844311,0.0276532137518685,-3.55997056586828,-3.80673473380674,0.24676416793846,0.116545108534489,0.130219059403971,-0.160883924245795,0.291102983649765,0.275080610897249,0.0160223727525161,-3.5759929386208,0.0272256410325691,0.0276532137518684,0.0217375941071289,0.0243590873272493,0.0208144530192992,0.0272256410325691,0.00262149322012033,-0.00354463430795011,0.00641118801326993,-0.000279533248137943,0.0269461077844311
"2018-09-01",23,"2020-08-01","2020-10-01",645,16,0.0248062015503876,0.0255417956656347,-3.64156547257787,-3.80673473380674,0.165169261228874,0.134096448024832,0.0310728132040426,-0.160883924245795,0.191956737449837,0.214259832349531,-0.0223030948996941,-3.61926237767817,0.0261028200315526,0.0255417956656347,0.0217375941071289,0.0247797081878399,0.0211751952903197,0.0261028200315526,0.00304211408071098,-0.00360451289752027,0.00492762474123298,-0.00129661848116503,0.0248062015503876
"2018-09-01",24,"2020-09-01","2020-11-01",620,14,0.0225806451612903,0.0233494363929147,-3.73355607895758,-3.80673473380674,0.0731786548491651,0.136933913842919,-0.0637552589937541,-0.160883924245795,0.0971286652520404,0.143894773994937,-0.0467661087428962,-3.68678997021468,0.0244400133655733,0.0233494363929146,0.0217375941071289,0.024848370001482,0.0212340868684552,0.0244400133655733,0.00311077589435308,-0.00361428313302687,0.00320592649711814,-0.00185936820428298,0.0225806451612903
"2018-09-01",25,"2020-10-01","2020-12-01",605,15,0.0247933884297521,0.0255775577557756,-3.64012961171222,-3.80673473380674,0.166605122094525,0.153144376103385,0.0134607459911407,-0.160883924245795,0.174344670236935,0.200544233240718,-0.0261995630037831,-3.61393004870843,0.0262387187248716,0.0255775577557756,0.0217375941071289,0.025244204774237,0.0215736198405101,0.0262387187248716,0.00350661066710802,-0.00367058493372685,0.00466509888436153,-0.00144533029511958,0.0247933884297521
"2018-09-01",26,"2020-11-01","2021-01-01",591,15,0.0253807106598985,0.0261824324324324,-3.61613531578391,-3.80673473380674,0.190599418022829,0.150824454081345,0.0397749639414833,-0.160883924245795,0.200658888187278,0.302336275571726,-0.101677387384449,-3.51445792839946,0.0289036465714145,0.0261824324324324,0.0217375941071289,0.0251871814349458,0.0215247047786914,0.0289036465714145,0.00344958732781681,-0.00366247665625439,0.00737894179272318,-0.00352293591151607,0.0253807106598985
"2018-09-01",27,"2020-12-01","2021-02-01",568,15,0.0264084507042254,0.0272407732864675,-3.57542172822349,-3.80673473380674,0.231313005583251,0.182987039848669,0.0483259657345818,-0.160883924245795,0.209209889980376,0.160050155148238,0.0491597348321386,-3.62458146305563,0.0259679414069002,0.0272407732864675,0.0217375941071289,0.0259890387722965,0.0222126206407784,0.0259679414069002,0.00425144466516755,-0.00377641813151814,0.00375532076612184,0.000440509297325153,0.0264084507042254
"2018-09-01",28,"2021-01-01","2021-03-01",542,15,0.0276752767527675,0.0285451197053407,-3.52730884142502,-3.80673473380674,0.27942589238172,0.161161887237147,0.118264005144573,-0.160883924245795,0.279147929390368,-0.0170523393881472,0.296200268778515,-3.82350911020354,0.0213837329676022,0.0285451197053407,0.0217375941071289,0.0254422438960924,0.0217435057957633,0.0213837329676022,0.00370464978896346,-0.00369873810032913,-0.000359772828161069,0.00629154378516533,0.0276752767527675
"2018-09-01",29,"2021-02-01","2021-04-01",520,11,0.0211538461538462,0.0220729366602687,-3.79108281729358,-3.80673473380674,0.0156519165131659,0.142171123824215,-0.126519207311049,-0.160883924245795,0.034364716934745,-0.271661745630415,0.30602646256516,-4.09710927985874,0.0163489219410336,0.0220729366602687,0.0217375941071289,0.024975588751243,0.0213432062093172,0.0163489219410336,0.00323799464411409,-0.00363238254192582,-0.00499428426828359,0.00480492421281253,0.0211538461538462
"2018-09-01",30,"2021-03-01","2021-05-01",504,5,0.00992063492063492,0.0108910891089109,-4.50885950585018,-3.80673473380674,-0.702124772043442,0.125435575789942,-0.827560347833384,-0.160883924245795,-0.66667642358759,-0.520233929176068,-0.146442494411521,-4.36241701143866,0.0125870850723399,0.0108910891089109,0.0217375941071289,0.0245712715617039,0.0209964255511075,0.0125870850723399,0.00283367745457492,-0.00357484601059641,-0.00840934047876751,-0.00266645015170503,0.00992063492063492
"2018-09-01",31,"2021-04-01","2021-06-01",485,1,0.00206185567010309,0.00308641975308642,-5.77765232322266,-3.80673473380674,-1.97091758941592,0.116476719657313,-2.08739430907323,-0.160883924245795,-1.92651038482743,-0.575798699208423,-1.35071168561901,-4.42694063760365,0.0118098566767717,0.00308641975308642,0.0217375941071289,0.0243574620690612,0.0208130592168015,0.0118098566767717,0.00261986796193227,-0.00354440285225967,-0.00900320254002985,-0.0097480010066686,0.00206185567010309
"2018-09-01",32,"2021-05-01","2021-07-01",476,2,0.00420168067226891,0.00524109014675052,-5.24597088617583,-3.80673473380674,-1.43923615236909,0.132416258675008,-1.57165241104409,-0.160883924245795,-1.4107684867983,-0.604464695930074,-0.806303790868226,-4.4396670953076,0.0116622530721167,0.00524109014675052,0.0217375941071289,0.0247391376828066,0.0211403983338654,0.0116622530721167,0.00300154357567763,-0.00359873934894117,-0.00947814526174867,-0.00746057239984782,0.00420168067226891
"2018-09-01",33,"2021-06-01","2021-08-01",473,2,0.00422832980972516,0.00527426160337553,-5.23962837019936,-3.80673473380674,-1.43289363639262,0.139526428591446,-1.57242006498406,-0.160883924245795,-1.41153614073827,-0.615056956882158,-0.796479183856109,-4.44314918634325,0.0116221858103059,0.00527426160337553,0.0217375941071289,0.0249112664840387,0.0212880345521383,0.0116221858103059,0.0031736723769098,-0.00362323193190046,-0.0096658487418324,-0.00739385600058073,0.00422832980972516
"2018-09-01",34,"2021-07-01","2021-09-01",453,2,0.00441501103752759,0.00550660792951542,-5.19628464098288,-3.80673473380674,-1.38954990717614,0.131428628410337,-1.52097853558648,-0.160883924245795,-1.36009461134069,-0.598645632595379,-0.761448978745307,-4.43483566223758,0.0117180729442354,0.00550660792951542,0.0217375941071289,0.0247153201974912,0.0211199704875965,0.0117180729442354,0.00297772609036222,-0.0035953497098947,-0.00940189754336105,-0.00730306190670782,0.00441501103752759
"2018-10-01",1,"2018-11-01","2019-01-01",1764,6,0.00340136054421769,0.00368271954674221,-5.60041427501245,-3.80673473380674,-1.7936795412057,-1.7073653881347,-0.0863141530710057,-0.20999797835227,0.123683825281265,-0.0438615305362023,0.167545355817467,-5.76795963082991,0.00311638723958686,0.00368271954674221,0.0217375941071289,0.00401337969127483,0.00325566385323016,0.00311638723958686,-0.0177242144158541,-0.000757715838044669,-0.000139276613643305,0.00028497330463083,0.00340136054421769
"2018-10-01",2,"2018-12-01","2019-02-01",1738,38,0.0218642117376295,0.0221391604370328,-3.78801936315351,-3.80673473380674,0.0187153706532297,-0.802500335743768,0.821215706396997,-0.20999797835227,1.03121368474927,0.112416524094737,0.91879716065453,-4.70681652380804,0.00895261638707758,0.0221391604370328,0.0217375941071289,0.00986122148763851,0.00800832533051655,0.00895261638707758,-0.0118763726194904,-0.00185289615712196,0.000944291056561035,0.0129115953505519,0.0218642117376295
"2018-10-01",3,"2019-01-01","2019-03-01",1680,46,0.0273809523809524,0.0276621058893516,-3.55963991357095,-3.80673473380674,0.247094820235787,-0.337459829206784,0.58455464944257,-0.20999797835227,0.794552627794841,0.225471639234264,0.569080988560576,-4.12872090213153,0.0158482518151433,0.0276621058893516,0.0217375941071289,0.0156087071675435,0.0126897149705801,0.0158482518151433,-0.00612888693958539,-0.00291899219696342,0.00315853684456318,0.0115327005658091,0.0273809523809524
"2018-10-01",4,"2019-02-01","2019-04-01",1613,46,0.0285182889026658,0.0288104089219331,-3.51778495991377,-3.80673473380674,0.288949773892976,-0.182480278425218,0.471430052318194,-0.20999797835227,0.681428030670464,0.0940197986978563,0.587408231972608,-4.10519319188637,0.0162194264267511,0.0288104089219331,0.0217375941071289,0.0181776956171205,0.0147854915888792,0.0162194264267511,-0.00355989849000843,-0.00339220402824127,0.00143393483787181,0.0122988624759148,0.0285182889026658
"2018-10-01",5,"2019-03-01","2019-05-01",1543,26,0.016850291639663,0.0171632124352332,-4.04767478994148,-3.80673473380674,-0.240940056134736,-0.110329660461367,-0.130610395673369,-0.20999797835227,0.0793875826789016,0.099039815618788,-0.0196522329398864,-4.02802255700159,0.0174978836750087,0.0171632124352332,0.0217375941071289,0.019511164970081,0.0158741408228752,0.0174978836750087,-0.00222642913704798,-0.00363702414720576,0.00162374285213346,-0.000647592035345673,0.016850291639663
"2018-10-01",6,"2019-04-01","2019-06-01",1502,30,0.0199733688415446,0.020292747837658,-3.87699023191238,-3.80673473380674,-0.0702554981056349,-0.00462210480800024,-0.0656333932976347,-0.20999797835227,0.144364585054636,0.13539683365246,0.00896775140217579,-3.88595798331455,0.0201152252736871,0.020292747837658,0.0217375941071289,0.0216395216911312,0.0176128830628,0.0201152252736871,-9.8072415997727e-05,-0.00402663862833123,0.00250234221088711,-0.000141856432142484,0.0199733688415446
"2018-10-01",7,"2019-05-01","2019-07-01",1442,29,0.0201109570041609,0.0204435204435204,-3.86943391378787,-3.80673473380674,-0.0626991799811298,0.0795860484344686,-0.142285228415598,-0.20999797835227,0.0677127499366719,0.125605706799516,-0.0578929568628445,-3.81154095692503,0.0216356240191387,0.0204435204435204,0.0217375941071289,0.0234959992497771,0.019130665867851,0.0216356240191387,0.00175840514264819,-0.0043653333819261,0.00250495815128765,-0.0015246670149778,0.0201109570041609
"2018-10-01",8,"2019-06-01","2019-08-01",1391,22,0.0158159597411934,0.0161637931034483,-4.10868567949276,-3.80673473380674,-0.301950945686017,0.14017796756865,-0.442128913254668,-0.20999797835227,-0.232130934902397,0.311937835130062,-0.544068770032459,-3.5646169094603,0.0275285542919431,0.0161637931034483,0.0217375941071289,0.0249270977186229,0.0203014075492332,0.0275285542919431,0.00318950361149392,-0.00462569016938967,0.00722714674270993,-0.0117125945507497,0.0158159597411934
"2018-10-01",9,"2019-07-01","2019-09-01",1345,19,0.0141263940520446,0.0144873699851412,-4.21988470800809,-3.80673473380674,-0.413149974201352,0.188722894148899,-0.601872868350251,-0.20999797835227,-0.391874889997981,0.379299877568343,-0.771174767566323,-3.44870994044177,0.0308073549870378,0.0144873699851412,0.0217375941071289,0.026134629384257,0.0212897516504395,0.0308073549870378,0.00439703527712805,-0.00484487773381749,0.00951760333659827,-0.0166809609349932,0.0141263940520446
"2018-10-01",10,"2019-08-01","2019-10-01",1301,22,0.0169100691775557,0.0172811059907834,-4.04070934638947,-3.80673473380674,-0.233974612582728,0.249100324734697,-0.483074937317425,-0.20999797835227,-0.273076958965154,0.331113081031449,-0.604190039996604,-3.43651930639287,0.0311734354882234,0.0172811059907834,0.0217375941071289,0.0277160988991316,0.0225848449247958,0.0311734354882234,0.00597850479200264,-0.00513125397433574,0.00858859056342756,-0.0142633663106677,0.0169100691775557
"2018-10-01",11,"2019-09-01","2019-11-01",1256,29,0.0230891719745223,0.0234685759745426,-3.7283445963229,-3.80673473380674,0.0783901374838396,0.289264109856582,-0.210873972372742,-0.20999797835227,-0.000875994020472198,0.279939824453181,-0.280815818473653,-3.44752877784925,0.0308426420007377,0.0234685759745426,0.0217375941071289,0.0288192054610655,0.0234886602146379,0.0308426420007377,0.00708161135393656,-0.00533054524642761,0.00735398178609984,-0.00775347002621544,0.0230891719745223
"2018-10-01",12,"2019-10-01","2019-12-01",1206,30,0.0248756218905473,0.0252692626346313,-3.65257252455405,-3.80673473380674,0.15416220925269,0.294297372332265,-0.140135163079575,-0.20999797835227,0.0698628152726952,0.327238288421553,-0.257375473148858,-3.39519705140519,0.032445906351109,0.0252692626346313,0.0217375941071289,0.0289604143169464,0.0236043851806439,0.032445906351109,0.00722282020981744,-0.0053560291363025,0.00884152117046509,-0.00757028446056171,0.0248756218905473
"2018-10-01",13,"2019-11-01","2020-01-01",1159,29,0.0250215703192407,0.0254310344827586,-3.64602502837225,-3.80673473380674,0.160709705434491,0.303514845354915,-0.142805139920424,-0.20999797835227,0.0671928384318462,0.340221937540722,-0.273029099108876,-3.37299592926337,0.0331501512365909,0.0254310344827586,0.0217375941071289,0.0292207539062206,0.0238177577355894,0.0331501512365909,0.0074831597990917,-0.00540299617063126,0.0093323935010015,-0.00812858091735016,0.0250215703192407
"2018-10-01",14,"2019-12-01","2020-02-01",1129,23,0.0203720106288751,0.0207964601769912,-3.85195673834099,-3.80673473380674,-0.0452220045342502,0.282992614882479,-0.328214619416729,-0.20999797835227,-0.118216641064459,0.398743386412819,-0.516960027477277,-3.33499671086371,0.0343899166721852,0.0207964601769911,0.0217375941071289,0.028644192466134,0.0233452403630214,0.0343899166721852,0.0069065983590051,-0.00529895210311263,0.0110446763091638,-0.0140179060433101,0.0203720106288751
"2018-10-01",15,"2020-01-01","2020-03-01",1101,21,0.0190735694822888,0.0195099818511797,-3.91712624081332,-3.80673473380674,-0.110391507006582,0.290285959980498,-0.40067746698708,-0.20999797835227,-0.19067948863481,0.267163533020558,-0.457843021655368,-3.45928321915796,0.0304932165994905,0.0195099818511797,0.0217375941071289,0.0288478194500509,0.023512109748823,0.0304932165994905,0.00711022534292199,-0.00533570970122797,0.00698110685066755,-0.0114196471172017,0.0190735694822888
"2018-10-01",16,"2020-02-01","2020-04-01",1072,19,0.0177238805970149,0.0181733457595527,-3.98945876767454,-3.80673473380674,-0.182724033867801,0.255943184868061,-0.438667218735862,-0.20999797835227,-0.228669240383592,0.020954849412792,-0.249624089796384,-3.73983467787816,0.0232066853944614,0.0181733457595527,0.0217375941071289,0.02790109687394,0.0227363939883894,0.0232066853944614,0.00616350276681102,-0.00516470288555056,0.000470291406071962,-0.00548280479744644,0.0177238805970149
"2018-10-01",17,"2020-03-01","2020-05-01",1054,21,0.0199240986717268,0.0203791469194313,-3.87265344398821,-3.80673473380674,-0.0659187101814647,0.264080020949498,-0.329998731130963,-0.20999797835227,-0.120000752778693,-0.109104323685269,-0.0108964290934234,-3.86175701489478,0.0205978221236816,0.0203791469194313,0.0217375941071289,0.028122639040942,0.0229178938519544,0.0205978221236816,0.00638504493381307,-0.00520474518898758,-0.00232007172827286,-0.000673723451954822,0.0199240986717268
"2018-10-01",18,"2020-04-01","2020-06-01",1035,18,0.0173913043478261,0.0178571428571429,-4.00733318523247,-3.80673473380674,-0.20059845142573,0.253616829857505,-0.454215281283235,-0.20999797835227,-0.244217302930965,-0.0839574631687652,-0.1602598397622,-3.84707334547027,0.0208961384933554,0.0178571428571429,0.0217375941071289,0.0278380692675519,0.0226847610092603,0.0208961384933554,0.00610047516042296,-0.00515330825829159,-0.00178862251590491,-0.00350483414552932,0.0173913043478261
"2018-10-01",19,"2020-05-01","2020-07-01",1009,19,0.0188305252725471,0.0193069306930693,-3.9277954005689,-3.80673473380674,-0.121060666762163,0.241048700025503,-0.362109366787666,-0.20999797835227,-0.152111388435396,0.147768516703317,-0.299879905138712,-3.62791549543019,0.0258837448463281,0.0193069306930693,0.0217375941071289,0.0274999475031061,0.0224077887184496,0.0258837448463281,0.00576235339597715,-0.00509215878465653,0.00347595612787852,-0.00705321957378101,0.0188305252725471
"2018-10-01",20,"2020-06-01","2020-08-01",987,23,0.0233029381965552,0.0237854251012146,-3.71460941119567,-3.80673473380674,0.092125322611071,0.19016434378928,-0.0980390211782087,-0.20999797835227,0.111958957174062,0.304798858195984,-0.192839901021922,-3.52176951017375,0.0286991288075886,0.0237854251012146,0.0217375941071289,0.0261713416691865,0.021319807147361,0.0286991288075886,0.00443374756205756,-0.00485153452182546,0.00737932166022758,-0.00539619061103341,0.0233029381965552
"2018-10-01",21,"2020-07-01","2020-09-01",964,22,0.0228215767634855,0.0233160621761658,-3.73502061011179,-3.80673473380674,0.0717141236949499,0.159736706239509,-0.0880225825445592,-0.20999797835227,0.121975395807711,0.275080610897249,-0.153105215089538,-3.58191539502225,0.0270692267106894,0.0233160621761658,0.0217375941071289,0.0254069305137959,0.0206940881244356,0.0270692267106894,0.00366933640666691,-0.00471284238936023,0.00637513858625375,-0.00424764994720389,0.0228215767634855
"2018-10-01",22,"2020-08-01","2020-10-01",943,18,0.0190880169671262,0.0195974576271186,-3.91256339992927,-3.80673473380674,-0.105828666122532,0.116545108534489,-0.222373774657022,-0.20999797835227,-0.0123757963047513,0.214259832349531,-0.226635628654282,-3.68592777127499,0.0244605789466432,0.0195974576271186,0.0217375941071289,0.0243590873272493,0.0198366577972911,0.0244605789466432,0.00262149322012033,-0.00452242952995816,0.00462392114935211,-0.00537256197951703,0.0190880169671262
"2018-10-01",23,"2020-09-01","2020-11-01",896,14,0.015625,0.016164994425864,-4.10861013938092,-3.80673473380674,-0.301875405574182,0.134096448024832,-0.435971853599014,-0.20999797835227,-0.225973875246743,0.143894773994937,-0.36986864924168,-3.73874149013924,0.0232314788423546,0.016164994425864,0.0217375941071289,0.0247797081878399,0.0201808028348013,0.0232314788423546,0.00304211408071098,-0.00459890535303864,0.00305067600755332,-0.0076064788423546,0.015625
"2018-10-01",24,"2020-10-01","2020-12-01",863,13,0.015063731170336,0.015625,-4.14313472639153,-3.80673473380674,-0.336399992584791,0.136933913842919,-0.473333906427711,-0.20999797835227,-0.26333592807544,0.200544233240718,-0.463880161316159,-3.67925456507537,0.0246203230562775,0.015625,0.0217375941071289,0.024848370001482,0.0202369860271367,0.0246203230562775,0.00311077589435308,-0.00461138397434531,0.00438333702914076,-0.00955659188594144,0.015063731170336
"2018-10-01",25,"2020-11-01","2021-01-01",846,18,0.0212765957446809,0.0218417945690673,-3.80184610478234,-3.80673473380674,0.00488862902440301,0.153144376103385,-0.148255747078982,-0.20999797835227,0.0617422312732887,0.302336275571726,-0.240594044298438,-3.5612520604839,0.0276187771161172,0.0218417945690673,0.0217375941071289,0.025244204774237,0.0205609102879632,0.0276187771161172,0.00350661066710802,-0.00468329448627378,0.00705786682815403,-0.00634218137143636,0.0212765957446809
"2018-10-01",26,"2020-12-01","2021-02-01",823,17,0.0206561360874848,0.0212378640776699,-3.8305030166358,-3.80673473380674,-0.023768282829054,0.150824454081345,-0.174592736910399,-0.20999797835227,0.0354052414418711,0.160050155148238,-0.124644913706367,-3.70585810292943,0.0239894767500367,0.0212378640776699,0.0217375941071289,0.0251871814349458,0.020514243255686,0.0239894767500367,0.00344958732781681,-0.00467293817925971,0.00347523349435063,-0.00333334066255186,0.0206561360874848
"2018-10-01",27,"2021-01-01","2021-03-01",801,19,0.0237203495630462,0.0243142144638404,-3.69207945684461,-3.80673473380674,0.114655276962134,0.182987039848669,-0.068331762886535,-0.20999797835227,0.141666215465735,-0.0170523393881472,0.158718554853882,-3.85079801169849,0.0208200695554304,0.0243142144638404,0.0217375941071289,0.0259890387722965,0.0211705641264014,0.0208200695554304,0.00425144466516755,-0.00481847464589511,-0.000350494570970989,0.0029002800076158,0.0237203495630462
"2018-10-01",28,"2021-02-01","2021-04-01",779,16,0.0205391527599487,0.0211538461538462,-3.83455274375215,-3.80673473380674,-0.0278180099454111,0.161161887237147,-0.188979897182558,-0.20999797835227,0.021018081169712,-0.271661745630415,0.292679826800127,-4.12723257055228,0.0158714821839028,0.0211538461538462,0.0217375941071289,0.0254422438960924,0.0207229903567096,0.0158714821839028,0.00370464978896346,-0.00471925353938277,-0.0048515081728068,0.00466767057604582,0.0205391527599487
"2018-10-01",29,"2021-03-01","2021-05-01",760,11,0.0144736842105263,0.0151116951379763,-4.17705928217345,-3.80673473380674,-0.370324548366707,0.142171123824215,-0.512495672190922,-0.20999797835227,-0.302497693838652,-0.520233929176068,0.217736235337416,-4.39479551751086,0.0121909502304782,0.0151116951379763,0.0217375941071289,0.024975588751243,0.0203410878788117,0.0121909502304782,0.00323799464411409,-0.00463450087243137,-0.0081501376483335,0.00228273398004815,0.0144736842105263
"2018-10-01",30,"2021-04-01","2021-06-01",735,9,0.0122448979591837,0.0129076086956522,-4.33694668440384,-3.80673473380674,-0.530211950597101,0.125435575789942,-0.655647526387043,-0.20999797835227,-0.445649548034773,-0.575798699208423,0.13014915117365,-4.46709583557749,0.0113503006940373,0.0129076086956522,0.0217375941071289,0.0245712715617039,0.0200102565455001,0.0113503006940373,0.00283367745457492,-0.00456101501620381,-0.00865995585146275,0.000894597265146369,0.0122448979591837
"2018-10-01",31,"2021-05-01","2021-07-01",721,6,0.00832177531206657,0.00900277008310249,-4.70117942209491,-3.80673473380674,-0.894444688288173,0.116476719657313,-1.01092140794549,-0.20999797835227,-0.800923429593216,-0.604464695930074,-0.196458733663143,-4.50472068843177,0.0109357647836358,0.00900277008310249,0.0217375941071289,0.0243574620690612,0.0198353281447448,0.0109357647836358,0.00261986796193227,-0.00452213392431642,-0.00889956336110897,-0.00261398947156925,0.00832177531206657
"2018-10-01",32,"2021-06-01","2021-08-01",704,6,0.00852272727272727,0.00921985815602837,-4.67713300179543,-3.80673473380674,-0.870398267988684,0.132416258675008,-1.00281452666369,-0.20999797835227,-0.792816548311422,-0.615056956882158,-0.177759591429264,-4.49937341036616,0.0109937533841597,0.00921985815602836,0.0217375941071289,0.0247391376828066,0.020147606317206,0.0109937533841597,0.00300154357567763,-0.00459153136560056,-0.00915385293304632,-0.00247102611143242,0.00852272727272727
"2018-10-01",33,"2021-07-01","2021-09-01",685,5,0.0072992700729927,0.00801749271137026,-4.8180797298531,-3.80673473380674,-1.01134499604635,0.139526428591446,-1.1508714246378,-0.20999797835227,-0.940873446285529,-0.598645632595379,-0.342227813690151,-4.47585191616295,0.0112524638218711,0.00801749271137026,0.0217375941071289,0.0249112664840387,0.0202884529701669,0.0112524638218711,0.0031736723769098,-0.00462281351387182,-0.00903598914829584,-0.00395319374887838,0.0072992700729927
"2018-10-01",34,"2021-08-01","2021-10-01",655,7,0.0106870229007634,0.0114329268292683,-4.45975898321423,-3.80673473380674,-0.653024249407492,0.131428628410337,-0.784452877817829,-0.20999797835227,-0.574454899465559,-0.603066826573219,0.0286119271076603,-4.48837091032189,0.0111140282659188,0.0114329268292683,0.0217375941071289,0.0247153201974912,0.0201281180736782,0.0111140282659188,0.00297772609036222,-0.00458720212381302,-0.00901408980775933,-0.000427005365155461,0.0106870229007634
"2018-11-01",1,"2018-12-01","2019-02-01",1556,2,0.0012853470437018,0.00160565189466924,-6.43261849762465,-3.80673473380674,-2.62588376381791,-1.7073653881347,-0.918518375683213,-0.383668128956006,-0.534850246727207,0.112416524094737,-0.647266770821945,-5.78535172680271,0.00306281991431687,0.00160565189466923,0.0217375941071289,0.00401337969127483,0.00273804790994025,0.00306281991431687,-0.0177242144158541,-0.00127533178133458,0.000324772004376615,-0.00177747287061507,0.0012853470437018
"2018-11-01",2,"2019-01-01","2019-03-01",1520,9,0.00592105263157895,0.00624589086127548,-5.06956601561302,-3.80673473380674,-1.26283128180628,-0.802500335743768,-0.460330946062509,-0.383668128956006,-0.0766628171065027,0.225471639234264,-0.302134456340767,-4.76743155927225,0.00843051170161315,0.00624589086127547,0.0217375941071289,0.00986122148763851,0.00674019641605371,0.00843051170161315,-0.0118763726194904,-0.00312102507158479,0.00169031528555943,-0.0025094590700342,0.00592105263157895
"2018-11-01",3,"2019-02-01","2019-04-01",1457,17,0.0116678105696637,0.012002743484225,-4.41054467359511,-3.80673473380674,-0.603809939788373,-0.337459829206784,-0.26635011058159,-0.383668128956006,0.117318018374416,0.0940197986978563,0.0232982196765601,-4.43384289327167,0.0117295755380286,0.012002743484225,0.0217375941071289,0.0156087071675435,0.0106882690346607,0.0117295755380286,-0.00612888693958539,-0.00492043813288288,0.00104130650336788,-6.17649683648646e-05,0.0116678105696637
"2018-11-01",4,"2019-03-01","2019-05-01",1419,19,0.0133897110641297,0.0137323943661972,-4.27417012913046,-3.80673473380674,-0.46743539532372,-0.182480278425218,-0.284955116898502,-0.383668128956006,0.0987130120575036,0.099039815618788,-0.000326803561284394,-4.27384332556918,0.0137368212368572,0.0137323943661972,0.0217375941071289,0.0181776956171205,0.0124576665923783,0.0137368212368572,-0.00355989849000843,-0.00572002902474217,0.00127915464447889,-0.000347110172727568,0.0133897110641297
"2018-11-01",5,"2019-04-01","2019-06-01",1372,18,0.0131195335276968,0.0134741442097597,-4.29341692944087,-3.80673473380674,-0.486682195634129,-0.110329660461367,-0.376352535172762,-0.383668128956006,0.00731559378324403,0.13539683365246,-0.128081239869216,-4.16533568957165,0.0152871767955792,0.0134741442097597,0.0217375941071289,0.019511164970081,0.0133772463225205,0.0152871767955792,-0.00222642913704798,-0.0061339186475605,0.0019099304730587,-0.00216764326788237,0.0131195335276968
"2018-11-01",6,"2019-05-01","2019-07-01",1318,21,0.0159332321699545,0.0163002274450341,-4.10014167990643,-3.80673473380674,-0.293406946099686,-0.00462210480800024,-0.288784841291686,-0.383668128956006,0.0948832876643204,0.125605706799516,-0.0307224191351959,-4.06941926077123,0.016800238040276,0.0163002274450341,0.0217375941071289,0.0216395216911312,0.0148466221544508,0.016800238040276,-9.8072415997727e-05,-0.00679289953668037,0.00195361588582513,-0.000867005870321506,0.0159332321699545
"2018-11-01",7,"2019-06-01","2019-08-01",1279,31,0.0242376856919468,0.024609375,-3.67971056388824,-3.80673473380674,0.127024169918501,0.0795860484344686,0.0474381214840321,-0.383668128956006,0.431106250440038,0.311937835130062,0.119168415309977,-3.79887897919822,0.0219052764264234,0.024609375,0.0217375941071289,0.0234959992497771,0.0161299376005761,0.0219052764264234,0.00175840514264819,-0.00736606164920106,0.00577533882584737,0.0023324092655234,0.0242376856919468
"2018-11-01",8,"2019-07-01","2019-09-01",1241,35,0.0282030620467365,0.0285829307568438,-3.52594618858372,-3.80673473380674,0.280788545223025,0.14017796756865,0.140610577654374,-0.383668128956006,0.52427870661038,0.379299877568343,0.144978829042037,-3.67092501762575,0.024821144194228,0.0285829307568438,0.0217375941071289,0.0249270977186229,0.0171202485605424,0.024821144194228,0.00318950361149392,-0.00780684915808051,0.00770089563368563,0.00338191785250852,0.0282030620467365
"2018-11-01",9,"2019-08-01","2019-10-01",1193,29,0.0243084660519698,0.0247068676716918,-3.67565682597862,-3.80673473380674,0.13107790782812,0.188722894148899,-0.0576449863207791,-0.383668128956006,0.326023142635227,0.331113081031449,-0.00508993839622218,-3.6705668875824,0.0248298142269601,0.0247068676716918,0.0217375941071289,0.026134629384257,0.0179565611856223,0.0248298142269601,0.00439703527712805,-0.00817806819863468,0.00687325304133778,-0.000521348174990267,0.0243084660519698
"2018-11-01",10,"2019-09-01","2019-11-01",1148,19,0.0165505226480836,0.0169712793733681,-4.05911587033836,-3.80673473380674,-0.252381136531615,0.249100324734697,-0.501481461266312,-0.383668128956006,-0.117813332310306,0.279939824453181,-0.397753156763488,-3.66136271357487,0.0250536550016746,0.0169712793733682,0.0217375941071289,0.0277160988991316,0.019052837847977,0.0250536550016746,0.00597850479200264,-0.00866326105115463,0.00600081715369761,-0.00850313235359094,0.0165505226480836
"2018-11-01",11,"2019-10-01","2019-12-01",1102,22,0.0199637023593466,0.0203989120580236,-3.87166386673657,-3.80673473380674,-0.0649291329298247,0.289264109856582,-0.354193242786407,-0.383668128956006,0.0294748861695991,0.327238288421553,-0.297763402251954,-3.57390046448461,0.0272811138233192,0.0203989120580236,0.0217375941071289,0.0288192054610655,0.0198181728886353,0.0272811138233192,0.00708161135393656,-0.00900103257243017,0.00746294093468383,-0.00731741146397252,0.0199637023593466
"2018-11-01",12,"2019-11-01","2020-01-01",1061,21,0.0197926484448633,0.0202448210922787,-3.87940371070007,-3.80673473380674,-0.0726689768933308,0.294297372332265,-0.366966349225596,-0.383668128956006,0.0167017797304098,0.340221937540722,-0.323520157810313,-3.55588355288976,0.0277633198607985,0.0202448210922787,0.0217375941071289,0.0289604143169464,0.0199161827618242,0.0277633198607985,0.00722282020981744,-0.00904423155512219,0.00784713709897431,-0.00797067141593516,0.0197926484448633
"2018-11-01",13,"2019-12-01","2020-02-01",1033,22,0.021297192642788,0.0217601547388781,-3.80567434739743,-3.80673473380674,0.00106038640931549,0.303514845354915,-0.302454458945599,-0.383668128956006,0.0812136700104068,0.398743386412819,-0.317529716402412,-3.48814463099501,0.0296514407275491,0.0217601547388782,0.0217375941071289,0.0292207539062206,0.0200969019201132,0.0296514407275491,0.0074831597990917,-0.00912385198610748,0.00955453880743592,-0.00835424808476109,0.021297192642788
"2018-11-01",14,"2020-01-01","2020-03-01",993,15,0.0151057401812689,0.0155935613682093,-4.14518076291093,-3.80673473380674,-0.338446029104189,0.282992614882479,-0.621438643986668,-0.383668128956006,-0.237770515030662,0.267163533020558,-0.50493404805122,-3.64024671485971,0.0255746393156196,0.0155935613682093,0.0217375941071289,0.028644192466134,0.0196967126795981,0.0255746393156196,0.0069065983590051,-0.00894747978653597,0.00587792663602153,-0.0104688991343507,0.0151057401812689
"2018-11-01",15,"2020-02-01","2020-04-01",968,13,0.0134297520661157,0.0139318885448916,-4.25954507823594,-3.80673473380674,-0.452810344429203,0.290285959980498,-0.743096304409701,-0.383668128956006,-0.359428175453695,0.020954849412792,-0.380383024866487,-3.87916205336946,0.0202496149135285,0.0139318885448916,0.0217375941071289,0.0288478194500509,0.0198380324920868,0.0202496149135285,0.00711022534292199,-0.00900978695796418,0.000411582421441709,-0.00681986284741276,0.0134297520661157
"2018-11-01",16,"2020-03-01","2020-05-01",958,12,0.0125260960334029,0.0130344108446298,-4.32704232634112,-3.80673473380674,-0.520307592534381,0.255943184868061,-0.776250777402441,-0.383668128956006,-0.392582648446435,-0.109104323685269,-0.283478324761166,-4.04356400157996,0.0172326936413589,0.0130344108446298,0.0217375941071289,0.02790109687394,0.0191811515080636,0.0172326936413589,0.00616350276681102,-0.00871994536587635,-0.00194845786670469,-0.00470659760795599,0.0125260960334029
"2018-11-01",17,"2020-04-01","2020-06-01",937,12,0.0128068303094984,0.0133262260127932,-4.3046054877053,-3.80673473380674,-0.497870753898556,0.264080020949498,-0.761950774848054,-0.383668128956006,-0.378282645892048,-0.0839574631687652,-0.294325182723283,-4.01028030498201,0.0178055288664533,0.0133262260127932,0.0217375941071289,0.028122639040942,0.0193348321204284,0.0178055288664533,0.00638504493381307,-0.00878780692051366,-0.00152930325397505,-0.00499869855695491,0.0128068303094984
"2018-11-01",18,"2020-05-01","2020-07-01",916,17,0.0185589519650655,0.0190839694656489,-3.93963817246112,-3.80673473380674,-0.132903438654378,0.253616829857505,-0.386520268511883,-0.383668128956006,-0.00285213955587754,0.147768516703317,-0.150620656259194,-3.78901751620193,0.0221175617076262,0.0190839694656489,0.0217375941071289,0.0278380692675519,0.0191374341646921,0.0221175617076262,0.00610047516042296,-0.00870063510285982,0.00298012754293416,-0.00355860974256074,0.0185589519650655
"2018-11-01",19,"2020-06-01","2020-08-01",895,24,0.0268156424581006,0.02734375,-3.57154274740939,-3.80673473380674,0.235191986397347,0.241048700025503,-0.00585671362815576,-0.383668128956006,0.37781141532785,0.304798858195984,0.0730125571318664,-3.64455530454126,0.025467485972464,0.02734375,0.0217375941071289,0.0274999475031061,0.0189029356652874,0.025467485972464,0.00576235339597715,-0.00859701183781871,0.00656455030717664,0.00134815648563654,0.0268156424581006
"2018-11-01",20,"2020-07-01","2020-09-01",871,23,0.026406429391504,0.0269495412844037,-3.58646966352417,-3.80673473380674,0.220265070282573,0.19016434378928,0.0301007264932938,-0.383668128956006,0.4137688554493,0.275080610897249,0.138688244552051,-3.72515790807622,0.0235417188743208,0.0269495412844037,0.0217375941071289,0.0261713416691865,0.0179819975558548,0.0235417188743208,0.00443374756205756,-0.00818934411333165,0.00555972131846596,0.00286471051718322,0.026406429391504
"2018-11-01",21,"2020-08-01","2020-10-01",843,19,0.0225385527876631,0.0231042654028436,-3.74436267642995,-3.80673473380674,0.0623720573767885,0.159736706239509,-0.0973646488627205,-0.383668128956006,0.286303480093285,0.214259832349531,0.0720436477437542,-3.81640632417371,0.0215328755834264,0.0231042654028436,0.0217375941071289,0.0254069305137959,0.0174524936080337,0.0215328755834264,0.00366933640666691,-0.00795443690576218,0.00408038197539276,0.00100567720423667,0.0225385527876631
"2018-11-01",22,"2020-09-01","2020-11-01",815,15,0.0184049079754601,0.0189950980392157,-3.94439650851157,-3.80673473380674,-0.137661774704827,0.116545108534489,-0.254206883239317,-0.383668128956006,0.129461245716689,0.143894773994937,-0.0144335282782476,-3.92996298023332,0.0192659320986005,0.0189950980392157,0.0217375941071289,0.0243590873272493,0.0167270800700145,0.0192659320986005,0.00262149322012033,-0.00763200725723473,0.00253885202858593,-0.000861024123140347,0.0184049079754601
"2018-11-01",23,"2020-10-01","2020-12-01",789,18,0.0228136882129278,0.0234177215189873,-3.73056593971894,-3.80673473380674,0.0761687940878049,0.134096448024832,-0.0579276539370268,-0.383668128956006,0.325740475018979,0.200544233240718,0.125196241778261,-3.8557621814972,0.0207191074089856,0.0234177215189873,0.0217375941071289,0.0247797081878399,0.0170182138992225,0.0207191074089856,0.00304211408071098,-0.00776149428861742,0.00370089350976314,0.00209458080394212,0.0228136882129278
"2018-11-01",24,"2020-11-01","2021-01-01",767,24,0.0312907431551499,0.0319010416666667,-3.41269564834953,-3.80673473380674,0.394039085457213,0.136933913842919,0.257105171614293,-0.383668128956006,0.640773300570299,0.302336275571726,0.338437024998573,-3.7511326733481,0.0229519557954434,0.0319010416666667,0.0217375941071289,0.024848370001482,0.0170657458216808,0.0229519557954434,0.00311077589435308,-0.00778262417980126,0.00588620997376268,0.00833878735970649,0.0312907431551499
"2018-11-01",25,"2020-12-01","2021-02-01",745,22,0.0295302013422819,0.0301608579088472,-3.47058523686116,-3.80673473380674,0.336149496945577,0.153144376103385,0.183005120842192,-0.383668128956006,0.566673249798198,0.160050155148238,0.406623094649961,-3.87720833151112,0.0202884122635776,0.0301608579088472,0.0217375941071289,0.025244204774237,0.0173398078374381,0.0202884122635776,0.00350661066710802,-0.00790439693679883,0.00294860442613945,0.00924178907870429,0.0295302013422819
"2018-11-01",26,"2021-01-01","2021-03-01",714,16,0.0224089635854342,0.0230769230769231,-3.74557479779048,-3.80673473380674,0.0611599360162596,0.150824454081345,-0.0896645180650857,-0.383668128956006,0.29400361089092,-0.0170523393881472,0.311055950279068,-4.05663074806955,0.0170127891083265,0.0230769230769231,0.0217375941071289,0.0251871814349458,0.0173003225945423,0.0170127891083265,0.00344958732781681,-0.00788685884040346,-0.000287533486215744,0.00539617447710762,0.0224089635854342
"2018-11-01",27,"2021-02-01","2021-04-01",685,7,0.0102189781021898,0.010932944606414,-4.50498145873266,-3.80673473380674,-0.698246724925918,0.182987039848669,-0.881233764774587,-0.383668128956006,-0.497565635818581,-0.271661745630415,-0.225903890188166,-4.27907756854449,0.0136660872747552,0.010932944606414,0.0217375941071289,0.0259890387722965,0.0178556935933026,0.0136660872747552,0.00425144466516755,-0.00813334517899386,-0.00418960631854742,-0.00344710917256544,0.0102189781021898
"2018-11-01",28,"2021-03-01","2021-05-01",668,3,0.00449101796407186,0.00523168908819133,-5.2477756693398,-3.80673473380674,-1.44104093553306,0.161161887237147,-1.6022028227702,-0.383668128956006,-1.2185346938142,-0.520233929176068,-0.69830076463813,-4.54947490470167,0.0104621409807708,0.00523168908819133,0.0217375941071289,0.0254422438960924,0.0174769492895322,0.0104621409807708,0.00370464978896346,-0.00796529460656023,-0.00701480830876137,-0.00597112301669894,0.00449101796407186
"2018-11-01",29,"2021-04-01","2021-06-01",648,6,0.00925925925925926,0.0100154083204931,-4.59356463986778,-3.80673473380674,-0.786829906061042,0.142171123824215,-0.929001029885258,-0.383668128956006,-0.545332900929252,-0.575798699208423,0.0304657982791717,-4.62403043814696,0.00971780249689722,0.0100154083204931,0.0217375941071289,0.024975588751243,0.0171538199910278,0.00971780249689722,0.00323799464411409,-0.00782176876021524,-0.00743601749413057,-0.000458543237637964,0.00925925925925926
"2018-11-01",30,"2021-05-01","2021-07-01",638,7,0.0109717868338558,0.0117370892018779,-4.43319492124828,-3.80673473380674,-0.62646018744154,0.125435575789942,-0.751895763231482,-0.383668128956006,-0.368227634275477,-0.604464695930074,0.236237061654597,-4.66943198290288,0.0092904723646437,0.0117370892018779,0.0217375941071289,0.0245712715617039,0.0168739341118739,0.0092904723646437,0.00283367745457492,-0.00769733744982994,-0.00758346174723023,0.0016813144692121,0.0109717868338558
"2018-11-01",31,"2021-06-01","2021-08-01",625,8,0.0128,0.0135782747603834,-4.28561290500586,-3.80673473380674,-0.478878171199121,0.116476719657313,-0.595354890856434,-0.383668128956006,-0.211686761900428,-0.615056956882158,0.40337019498173,-4.68898309998759,0.00911223642355238,0.0135782747603834,0.0217375941071289,0.0243574620690612,0.016725955295845,0.00911223642355238,0.00261986796193227,-0.00763150677321621,-0.00761371887229262,0.00368776357644762,0.0128
"2018-11-01",32,"2021-07-01","2021-09-01",602,7,0.0116279069767442,0.0124378109452736,-4.37449836825309,-3.80673473380674,-0.567763634446349,0.132416258675008,-0.700179893121357,-0.383668128956006,-0.316511764165351,-0.598645632595379,0.282133868430028,-4.65663223668312,0.00940902628378553,0.0124378109452736,0.0217375941071289,0.0247391376828066,0.0169901294903794,0.00940902628378553,0.00300154357567763,-0.00774900819242721,-0.00758110320659383,0.00221888069295866,0.0116279069767442
"2018-11-01",33,"2021-08-01","2021-10-01",562,9,0.0160142348754448,0.0168738898756661,-4.0649699535422,-3.80673473380674,-0.258235219735456,0.139526428591446,-0.397761648326901,-0.383668128956006,-0.0140935193708953,-0.603066826573219,0.588973307202324,-4.65394326074452,0.00943412196541551,0.0168738898756661,0.0217375941071289,0.0249112664840387,0.0171092884678735,0.00943412196541551,0.0031736723769098,-0.00780197801616526,-0.00767516650245798,0.00658011291002933,0.0160142348754448
"2018-11-01",34,"2021-09-01","2021-11-01",549,7,0.0127504553734062,0.0136363636363636,-4.28128506487235,-3.80673473380674,-0.474550331065609,0.131428628410337,-0.605978959475945,-0.383668128956006,-0.222310830519939,-0.597629828619684,0.375318998099745,-4.65660406297209,0.00940928888039027,0.0136363636363636,0.0217375941071289,0.0247153201974912,0.0169736424843124,0.00940928888039027,0.00297772609036222,-0.00774167771317874,-0.00756435360392216,0.00334116649301592,0.0127504553734062
"2018-12-01",1,"2019-01-01","2019-03-01",1824,9,0.00493421052631579,0.00520547945205479,-5.25282439224789,-3.80673473380674,-1.44608965844115,-1.7073653881347,0.261275729693545,-0.290674468578005,0.55195019827155,0.225471639234264,0.326478559037285,-5.57930295128518,0.00376099759401343,0.0052054794520548,0.0217375941071289,0.00401337969127483,0.00300408216378296,0.00376099759401343,-0.0177242144158541,-0.00100929752749187,0.000756915430230464,0.00117321293230236,0.00493421052631579
"2018-12-01",2,"2019-02-01","2019-04-01",1781,19,0.0106681639528355,0.0109427609427609,-4.50407406911672,-3.80673473380674,-0.697339335309981,-0.802500335743768,0.105161000433787,-0.290674468578005,0.395835469011792,0.0940197986978563,0.301815670313935,-4.80588973943066,0.00811502602090615,0.0109427609427609,0.0217375941071289,0.00986122148763851,0.00739220508414865,0.00811502602090615,-0.0118763726194904,-0.00246901640348986,0.000722820936757503,0.00255313793192933,0.0106681639528355
"2018-12-01",3,"2019-03-01","2019-05-01",1725,30,0.0173913043478261,0.0176709154113557,-4.01800627795233,-3.80673473380674,-0.211271544145586,-0.337459829206784,0.126188285061197,-0.290674468578005,0.416862753639202,0.099039815618788,0.317822938020415,-4.33582921597274,0.012921854115988,0.0176709154113557,0.0217375941071289,0.0156087071675435,0.0117176865080621,0.012921854115988,-0.00612888693958539,-0.00389102065948146,0.00120416760792586,0.00446945023183813,0.0173913043478261
"2018-12-01",4,"2019-04-01","2019-06-01",1676,26,0.0155131264916468,0.0158020274299344,-4.13168881830107,-3.80673473380674,-0.32495408449433,-0.182480278425218,-0.142473806069112,-0.290674468578005,0.148200662508893,0.13539683365246,0.0128038288564337,-4.1444926471575,0.0156041277434414,0.0158020274299344,0.0217375941071289,0.0181776956171205,0.0136551475654465,0.0156041277434414,-0.00355989849000843,-0.00452254805167402,0.00194898017799494,-9.10012517946583e-05,0.0155131264916468
"2018-12-01",5,"2019-05-01","2019-07-01",1611,24,0.0148975791433892,0.0151985111662531,-4.17124261321617,-3.80673473380674,-0.364507879409424,-0.110329660461367,-0.254178218948057,-0.290674468578005,0.0364962496299485,0.125605706799516,-0.0891094571695679,-4.0821331560466,0.0165915151144968,0.0151985111662531,0.0217375941071289,0.019511164970081,0.0146618086340658,0.0165915151144968,-0.00222642913704798,-0.00484935633601516,0.00192970648043096,-0.00169393597110756,0.0148975791433892
"2018-12-01",6,"2019-06-01","2019-08-01",1560,20,0.0128205128205128,0.0131326073030109,-4.31943743189236,-3.80673473380674,-0.512702698085619,-0.00462210480800024,-0.508080593277618,-0.290674468578005,-0.217406124699613,0.311937835130062,-0.529343959829675,-3.79009347206269,0.0220943024922783,0.0131326073030109,0.0217375941071289,0.0216395216911312,0.0162699558371947,0.0220943024922783,-9.8072415997727e-05,-0.00536956585393652,0.00582434665508359,-0.00927378967176546,0.0128205128205128
"2018-12-01",7,"2019-07-01","2019-09-01",1516,21,0.0138522427440633,0.0141727092946605,-4.24216294293639,-3.80673473380674,-0.435428209129644,0.0795860484344686,-0.515014257564113,-0.290674468578005,-0.224339788986108,0.379299877568343,-0.603639666554451,-3.63852327638194,0.0256176235322512,0.0141727092946605,0.0217375941071289,0.0234959992497771,0.0176740944783612,0.0256176235322512,0.00175840514264819,-0.00582190477141596,0.00794352905389,-0.0117653807881878,0.0138522427440633
"2018-12-01",8,"2019-08-01","2019-10-01",1470,23,0.0156462585034014,0.0159755268524813,-4.12059278829704,-3.80673473380674,-0.313858054490296,0.14017796756865,-0.454036022058946,-0.290674468578005,-0.163361553480941,0.331113081031449,-0.49447463451239,-3.62611815378465,0.0259291012552545,0.0159755268524813,0.0217375941071289,0.0249270977186229,0.0187574027908008,0.0259291012552545,0.00318950361149392,-0.00616969492782204,0.00717169846445367,-0.0102828427518531,0.0156462585034014
"2018-12-01",9,"2019-09-01","2019-11-01",1422,29,0.020393811533052,0.0207308503162333,-3.85518358357623,-3.80673473380674,-0.0484488497694877,0.188722894148899,-0.237171743918386,-0.290674468578005,0.0535027246596186,0.279939824453181,-0.226437099793563,-3.62874648378267,0.0258628007445214,0.0207308503162333,0.0217375941071289,0.026134629384257,0.019672088641729,0.0258628007445214,0.00439703527712805,-0.00646254074252803,0.00619071210279241,-0.00546898921146933,0.020393811533052
"2018-12-01",10,"2019-10-01","2019-12-01",1378,40,0.0290275761973875,0.0293691080493111,-3.49800288884791,-3.80673473380674,0.308731844958828,0.249100324734697,0.0596315202241304,-0.290674468578005,0.350305988802135,0.327238288421553,0.0230677003805823,-3.5210705892285,0.0287186179895625,0.0293691080493111,0.0217375941071289,0.0277160988991316,0.0208708750930543,0.0287186179895625,0.00597850479200264,-0.00684522380607728,0.00784774289650821,0.000308958207825005,0.0290275761973875
"2018-12-01",11,"2019-11-01","2020-01-01",1324,40,0.0302114803625378,0.0305660377358491,-3.45682284243744,-3.80673473380674,0.349911891369296,0.289264109856582,0.0606477815127142,-0.290674468578005,0.351322250090719,0.340221937540722,0.0111003125499968,-3.46792315498744,0.0302388244169854,0.0305660377358491,0.0217375941071289,0.0288192054610655,0.0217076229497876,0.0302388244169854,0.00708161135393656,-0.00711158251127795,0.00853120146719784,-2.73440544476325e-05,0.0302114803625378
"2018-12-01",12,"2019-12-01","2020-02-01",1285,38,0.0295719844357977,0.0299377916018663,-3.47823858633194,-3.80673473380674,0.328496147474806,0.294297372332265,0.0341987751425408,-0.290674468578005,0.324873243720546,0.398743386412819,-0.0738701426922727,-3.40436844363966,0.0321592186414451,0.0299377916018663,0.0217375941071289,0.0289604143169464,0.0218147690495934,0.0321592186414451,0.00722282020981744,-0.00714564526735299,0.0103444495918517,-0.00258723420564742,0.0295719844357977
"2018-12-01",13,"2020-01-01","2020-03-01",1241,29,0.0233682514101531,0.0237520128824477,-3.71604935946586,-3.80673473380674,0.0906853743408771,0.303514845354915,-0.212829471014038,-0.290674468578005,0.0778449975639675,0.267163533020558,-0.189318535456591,-3.52673082400927,0.0285611526679661,0.0237520128824477,0.0217375941071289,0.0292207539062206,0.0220123290238391,0.0285611526679661,0.0074831597990917,-0.00720842488238154,0.00654882364412696,-0.00519290125781295,0.0233682514101531
"2018-12-01",14,"2020-02-01","2020-04-01",1198,25,0.0208681135225376,0.0212677231025855,-3.8290675631267,-3.80673473380674,-0.0223328293199567,0.282992614882479,-0.305325444202436,-0.290674468578005,-0.0146509756244307,0.020954849412792,-0.0356058250372227,-3.79346173808948,0.0220216442781011,0.0212677231025855,0.0217375941071289,0.028644192466134,0.0215748376999784,0.0220216442781011,0.0069065983590051,-0.00706935476615564,0.000446806578122742,-0.00115353075556358,0.0208681135225376
"2018-12-01",15,"2020-03-01","2020-05-01",1172,18,0.015358361774744,0.015771526001705,-4.13365189671027,-3.80673473380674,-0.32691716290353,0.290285959980498,-0.617203122884027,-0.290674468578005,-0.326528654306022,-0.109104323685269,-0.217424330620753,-3.91622756608952,0.0195271803329507,0.015771526001705,0.0217375941071289,0.0288478194500509,0.0217293339790868,0.0195271803329507,0.00711022534292199,-0.00711848547096416,-0.00220215364613608,-0.00416881855820666,0.015358361774744
"2018-12-01",16,"2020-04-01","2020-06-01",1142,21,0.0183887915936953,0.0188101487314086,-3.95436941882665,-3.80673473380674,-0.147634685019904,0.255943184868061,-0.403577869887965,-0.290674468578005,-0.11290340130996,-0.0839574631687652,-0.028945938141195,-3.92542348068545,0.0193518922773355,0.0188101487314086,0.0217375941071289,0.02790109687394,0.0210111702935907,0.0193518922773355,0.00616350276681102,-0.00688992658034927,-0.00165927801625522,-0.000963100683640201,0.0183887915936953
"2018-12-01",17,"2020-05-01","2020-07-01",1114,24,0.0215439856373429,0.0219730941704036,-3.795718468091,-3.80673473380674,0.0110162657157389,0.264080020949498,-0.253063755233759,-0.290674468578005,0.0376107133442458,0.147768516703317,-0.110157803359071,-3.68556066473193,0.0244693404674953,0.0219730941704036,0.0217375941071289,0.028122639040942,0.0211791965263935,0.0244693404674953,0.00638504493381307,-0.00694344251454854,0.00329014394110186,-0.00292535483015242,0.0215439856373429
"2018-12-01",18,"2020-06-01","2020-08-01",1086,34,0.0313075506445672,0.031738730450782,-3.41796424151922,-3.80673473380674,0.388770492287519,0.253616829857505,0.135153662430014,-0.290674468578005,0.425828131008019,0.304798858195984,0.121029272812035,-3.53899351433126,0.0282228790929277,0.031738730450782,0.0217375941071289,0.0278380692675519,0.020963371150615,0.0282228790929277,0.00610047516042296,-0.00687469811693695,0.00725950794231274,0.00308467155163953,0.0313075506445672
"2018-12-01",19,"2020-07-01","2020-09-01",1057,25,0.0236518448438978,0.0241020793950851,-3.70105987267081,-3.80673473380674,0.105674861135934,0.241048700025503,-0.135373838889569,-0.290674468578005,0.155300629688436,0.275080610897249,-0.119779981208813,-3.58127989146199,0.0270859686710493,0.0241020793950851,0.0217375941071289,0.0274999475031061,0.0207069710634303,0.0270859686710493,0.00576235339597715,-0.00679297643967574,0.00637899760761897,-0.00343412382715149,0.0236518448438978
"2018-12-01",20,"2020-08-01","2020-10-01",1025,24,0.0234146341463415,0.0238791423001949,-3.71058103755519,-3.80673473380674,0.0961536962515495,0.19016434378928,-0.0940106475377302,-0.290674468578005,0.196663821040275,0.214259832349531,-0.0175960113092564,-3.69298502624594,0.024292740862227,0.0238791423001949,0.0217375941071289,0.0261713416691865,0.0196999063940049,0.024292740862227,0.00443374756205756,-0.00647143527518158,0.00459283446822207,-0.000878106715885528,0.0234146341463415
"2018-12-01",21,"2020-09-01","2020-11-01",991,17,0.0171543895055499,0.0176411290322581,-4.01972363801815,-3.80673473380674,-0.212988904211405,0.159736706239509,-0.372725610450915,-0.290674468578005,-0.0820511418729095,0.143894773994937,-0.225945915867846,-3.7937777221503,0.022014840054599,0.0176411290322581,0.0217375941071289,0.0254069305137959,0.0191208012834607,0.022014840054599,0.00366933640666691,-0.00628612923033519,0.00289403877113837,-0.00486045054904908,0.0171543895055499
"2018-12-01",22,"2020-10-01","2020-12-01",964,23,0.0238589211618257,0.0243523316062176,-3.69047392694709,-3.80673473380674,0.116260806859648,0.116545108534489,-0.000284301674841919,-0.290674468578005,0.290390166903163,0.200544233240718,0.0898459336624448,-3.78031986060954,0.0223064618302599,0.0243523316062176,0.0217375941071289,0.0243590873272493,0.018327337927112,0.0223064618302599,0.00262149322012033,-0.00603174940013724,0.00397912390314787,0.00155245933156582,0.0238589211618257
"2018-12-01",23,"2020-11-01","2021-01-01",930,27,0.0290322580645161,0.0295381310418904,-3.49209010535976,-3.80673473380674,0.314644628446984,0.134096448024832,0.180548180422152,-0.290674468578005,0.471222649000157,0.302336275571726,0.168886373428431,-3.66097647878819,0.0250630908915546,0.0295381310418904,0.0217375941071289,0.0247797081878399,0.0186457959840314,0.0250630908915546,0.00304211408071098,-0.00613391220380853,0.0064172949075232,0.00396916717296154,0.0290322580645161
"2018-12-01",24,"2020-12-01","2021-02-01",895,22,0.0245810055865922,0.0251116071428571,-3.65899282036374,-3.80673473380674,0.147741913443004,0.136933913842919,0.010807999600085,-0.290674468578005,0.30148246817809,0.160050155148238,0.141432313029852,-3.80042513339359,0.0218721738760304,0.0251116071428571,0.0217375941071289,0.024848370001482,0.0186977872794104,0.0218721738760304,0.00311077589435308,-0.00615058272207166,0.00317438659662006,0.00270883171056175,0.0245810055865922
"2018-12-01",25,"2021-01-01","2021-03-01",863,19,0.0220162224797219,0.0225694444444444,-3.76833027067815,-3.80673473380674,0.0384044631285874,0.153144376103385,-0.114739912974797,-0.290674468578005,0.175934555603208,-0.0170523393881472,0.192986894991355,-3.96131716566951,0.0186823466237326,0.0225694444444444,0.0217375941071289,0.025244204774237,0.018997551998759,0.0186823466237326,0.00350661066710802,-0.00624665277547795,-0.00031520537502638,0.00333387585598926,0.0220162224797219
"2018-12-01",26,"2021-02-01","2021-04-01",833,11,0.0132052821128451,0.01378896882494,-4.27000144727032,-3.80673473380674,-0.463266713463582,0.150824454081345,-0.614091167544927,-0.290674468578005,-0.323416698966922,-0.271661745630415,-0.0517549533365065,-4.21824649393382,0.0145107781768321,0.01378896882494,0.0217375941071289,0.0251871814349458,0.018954364647192,0.0145107781768321,0.00344958732781681,-0.00623281678775373,-0.0044435864703599,-0.00130549606398699,0.0132052821128451
"2018-12-01",27,"2021-03-01","2021-05-01",808,13,0.0160891089108911,0.0166872682323857,-4.07628116233346,-3.80673473380674,-0.269546428526716,0.182987039848669,-0.452533468375385,-0.290674468578005,-0.16185899979738,-0.520233929176068,0.358374929378688,-4.43465609171214,0.0117201526896902,0.0166872682323857,0.0217375941071289,0.0259890387722965,0.01956177635472,0.0117201526896902,0.00425144466516755,-0.00642726241757649,-0.00784162366502976,0.00436895622120084,0.0160891089108911
"2018-12-01",28,"2021-04-01","2021-06-01",790,11,0.0139240506329114,0.0145385587863464,-4.21630565312863,-3.80673473380674,-0.409570919321886,0.161161887237147,-0.570732806559033,-0.290674468578005,-0.280058337981028,-0.575798699208423,0.295740361227395,-4.51204601435602,0.0108568159765338,0.0145385587863464,0.0217375941071289,0.0254422438960924,0.0191475491596106,0.0108568159765338,0.00370464978896346,-0.00629469473648177,-0.00829073318307682,0.00306723465637758,0.0139240506329114
"2018-12-01",29,"2021-05-01","2021-07-01",771,9,0.0116731517509728,0.0123056994818653,-4.38531070987507,-3.80673473380674,-0.57857597606833,0.142171123824215,-0.720747099892545,-0.290674468578005,-0.43007263131454,-0.604464695930074,0.174392064615533,-4.5597027744906,0.0103567835067391,0.0123056994818653,0.0217375941071289,0.024975588751243,0.018794123162816,0.0103567835067391,0.00323799464411409,-0.00618146558842705,-0.00843733965607687,0.00131636824423365,0.0116731517509728
"2018-12-01",30,"2021-06-01","2021-08-01",752,7,0.00930851063829787,0.0099601593625498,-4.59915211366253,-3.80673473380674,-0.792417379855787,0.125435575789942,-0.917852955645729,-0.290674468578005,-0.627178487067724,-0.615056956882158,-0.0121215301855663,-4.58703058347696,0.0100804019941308,0.00996015936254981,0.0217375941071289,0.0245712715617039,0.018487977140515,0.0100804019941308,0.00283367745457492,-0.00608329442118886,-0.00840757514638419,-0.000771891355832941,0.00930851063829787
"2018-12-01",31,"2021-07-01","2021-09-01",734,4,0.00544959128065395,0.00612244897959184,-5.08965183441448,-3.80673473380674,-1.28291710060774,0.116476719657313,-1.39939382026505,-0.290674468578005,-1.10871935168705,-0.598645632595379,-0.510073719091669,-4.57957811532281,0.010155040759023,0.00612244897959183,0.0217375941071289,0.0243574620690612,0.0183261075528098,0.010155040759023,0.00261986796193227,-0.00603135451625142,-0.00817106679378677,-0.00470544947836907,0.00544959128065395
"2018-12-01",32,"2021-08-01","2021-10-01",703,2,0.00284495021337127,0.00355113636363636,-5.63693016766836,-3.80673473380674,-1.83019543386162,0.132416258675008,-1.96261169253663,-0.290674468578005,-1.67193722395862,-0.603066826573219,-1.0688703973854,-4.56805977028296,0.0102714778692564,0.00355113636363636,0.0217375941071289,0.0247391376828066,0.018615076512517,0.0102714778692564,0.00300154357567763,-0.00612406117028955,-0.00834359864326067,-0.00742652765588509,0.00284495021337127
"2018-12-01",33,"2021-09-01","2021-11-01",685,3,0.00437956204379562,0.00510204081632653,-5.27299955856375,-3.80673473380674,-1.46626482475701,0.139526428591446,-1.60579125334845,-0.290674468578005,-1.31511678477045,-0.597629828619684,-0.717486956150762,-4.55551260241298,0.0103998189940075,0.00510204081632653,0.0217375941071289,0.0249112664840387,0.0187454146086475,0.0103998189940075,0.0031736723769098,-0.00616585187539129,-0.00834559561463993,-0.0060202569502119,0.00437956204379562
"2018-12-01",34,"2021-10-01","2021-12-01",669,6,0.00896860986547085,0.00970149253731343,-4.62572667687067,-3.80673473380674,-0.81899194306393,0.131428628410337,-0.950420571474266,-0.290674468578005,-0.659746102896261,-0.643647475931096,-0.0160986269651655,-4.60962804990551,0.00985738517515747,0.00970149253731343,0.0217375941071289,0.0247153201974912,0.0185970425096513,0.00985738517515747,0.00297772609036222,-0.00611827768783985,-0.00873965733449385,-0.00088877530968662,0.00896860986547085
"2019-01-01",1,"2019-02-01","2019-04-01",1744,3,0.00172018348623853,0.00200573065902579,-6.20973912131069,-3.80673473380674,-2.40300438750395,-1.7073653881347,-0.695638999369248,-0.335708654744578,-0.35993034462467,0.0940197986978563,-0.453950143322526,-5.75578897798816,0.00315442707950673,0.00200573065902579,0.0217375941071289,0.00401337969127483,0.00287217675332241,0.00315442707950673,-0.0177242144158541,-0.00114120293795242,0.000282250326184319,-0.0014342435932682,0.00172018348623853
"2019-01-01",2,"2019-03-01","2019-05-01",1691,16,0.00946185688941455,0.00975177304964539,-4.62050652627083,-3.80673473380674,-0.813771792464089,-0.802500335743768,-0.0112714567203214,-0.335708654744578,0.324437198024257,0.099039815618788,0.225397382405469,-4.8459039086763,0.00779920335184931,0.00975177304964538,0.0217375941071289,0.00986122148763851,0.0070689889362086,0.00779920335184931,-0.0118763726194904,-0.0027922325514299,0.000730214415640708,0.00166265353756524,0.00946185688941455
"2019-01-01",3,"2019-04-01","2019-06-01",1628,33,0.0202702702702703,0.0205647636586863,-3.86339700688728,-3.80673473380674,-0.0566622730805362,-0.337459829206784,0.280797556126248,-0.335708654744578,0.616506210870826,0.13539683365246,0.481109377218366,-4.34450638410564,0.0128116443679105,0.0205647636586863,0.0217375941071289,0.0156087071675435,0.0112074787994479,0.0128116443679105,-0.00612888693958539,-0.00440122836809568,0.00160416556846266,0.00745862590235974,0.0202702702702703
"2019-01-01",4,"2019-05-01","2019-07-01",1590,46,0.0289308176100629,0.0292269013199246,-3.50300319976533,-3.80673473380674,0.303731534041416,-0.182480278425218,0.486211812466634,-0.335708654744578,0.821920467211212,0.125605706799516,0.696314760411695,-4.19931796017702,0.0147839625872082,0.0292269013199246,0.0217375941071289,0.0181776956171205,0.0130616945084979,0.0147839625872082,-0.00355989849000843,-0.00511600110862264,0.00172226807871037,0.0141468550228547,0.0289308176100629
"2019-01-01",5,"2019-06-01","2019-08-01",1542,45,0.0291828793774319,0.0294880103694102,-3.4938400040327,-3.80673473380674,0.312894729774042,-0.110329660461367,0.423224390235409,-0.335708654744578,0.758933044979987,0.311937835130062,0.446995209849926,-3.94083521388263,0.0190615740188769,0.0294880103694102,0.0217375941071289,0.019511164970081,0.014025228153422,0.0190615740188769,-0.00222642913704798,-0.00548593681665897,0.00503634586545495,0.010121305358555,0.0291828793774319
"2019-01-01",6,"2019-07-01","2019-09-01",1485,36,0.0242424242424242,0.0245625841184388,-3.68166168777326,-3.80673473380674,0.125073046033477,-0.00462210480800024,0.129695150841477,-0.335708654744578,0.465403805586055,0.379299877568343,0.0861039280177124,-3.76776561579098,0.0225819041263382,0.0245625841184388,0.0217375941071289,0.0216395216911312,0.015564656395855,0.0225819041263382,-9.8072415997727e-05,-0.00607486529527624,0.00701724773048324,0.00166052011608602,0.0242424242424242
"2019-01-01",7,"2019-08-01","2019-10-01",1425,27,0.0189473684210526,0.0192847124824684,-3.92896950796949,-3.80673473380674,-0.122234774162748,0.0795860484344686,-0.201820822597216,-0.335708654744578,0.133887832147362,0.331113081031449,-0.197225248884087,-3.7317442590854,0.0233907892697398,0.0192847124824684,0.0217375941071289,0.0234959992497771,0.016908972155409,0.0233907892697398,0.00175840514264819,-0.00658702709436814,0.00648181711433079,-0.00444342084868714,0.0189473684210526
"2019-01-01",8,"2019-09-01","2019-11-01",1370,24,0.0175182481751825,0.0178701677607586,-4.00659079470097,-3.80673473380674,-0.199856060894231,0.14017796756865,-0.340034028462882,-0.335708654744578,-0.00432537371830394,0.279939824453181,-0.284265198171485,-3.72232559652949,0.0236069145905978,0.0178701677607586,0.0217375941071289,0.0249270977186229,0.0179462401595111,0.0236069145905978,0.00318950361149392,-0.00698085755911177,0.00566067443108671,-0.00608866641541533,0.0175182481751825
"2019-01-01",9,"2019-10-01","2019-12-01",1316,32,0.0243161094224924,0.0246772968868641,-3.67688472721425,-3.80673473380674,0.129850006592495,0.188722894148899,-0.058872887556404,-0.335708654744578,0.276835767188174,0.327238288421553,-0.0504025212333792,-3.62648220598087,0.0259199080546716,0.0246772968868641,0.0217375941071289,0.026134629384257,0.0188221292333652,0.0259199080546716,0.00439703527712805,-0.00731250015089182,0.00709777882130638,-0.00160379863217915,0.0243161094224924
"2019-01-01",10,"2019-11-01","2020-01-01",1264,34,0.0268987341772152,0.0272727272727273,-3.5742165457938,-3.80673473380674,0.232518188012945,0.249100324734697,-0.0165821367217527,-0.335708654744578,0.319126518022825,0.340221937540722,-0.0210954195178972,-3.5531211262759,0.0278379820614999,0.0272727272727273,0.0217375941071289,0.0277160988991316,0.0199701755974028,0.0278379820614999,0.00597850479200264,-0.0077459233017288,0.00786780646409709,-0.000939247884284681,0.0268987341772152
"2019-01-01",11,"2019-12-01","2020-02-01",1217,33,0.0271158586688578,0.027504105090312,-3.56553058476782,-3.80673473380674,0.241204149038922,0.289264109856582,-0.0480599608176602,-0.335708654744578,0.287648693926918,0.398743386412819,-0.111094692485901,-3.45443589228192,0.0306368465670001,0.027504105090312,0.0217375941071289,0.0288192054610655,0.0207715789846941,0.0306368465670001,0.00708161135393656,-0.0080476264763714,0.00986526758230597,-0.00352098789814223,0.0271158586688578
"2019-01-01",12,"2020-01-01","2020-03-01",1161,24,0.020671834625323,0.0210843373493976,-3.83791503327442,-3.80673473380674,-0.0311802994676831,0.294297372332265,-0.325477671799948,-0.335708654744578,0.0102309829446296,0.267163533020558,-0.256932550075929,-3.5809824831985,0.0270938071708898,0.0210843373493976,0.0217375941071289,0.0289604143169464,0.0208742034719808,0.0270938071708898,0.00722282020981744,-0.00808621084496563,0.00621960369890905,-0.0064219725455668,0.020671834625323
"2019-01-01",13,"2020-02-01","2020-04-01",1130,21,0.0185840707964602,0.0190097259062776,-3.94361180723903,-3.80673473380674,-0.13687707343229,0.303514845354915,-0.440391918787205,-0.335708654744578,-0.104683264042627,0.020954849412792,-0.125638113455419,-3.81797369378361,0.0214998770961019,0.0190097259062776,0.0217375941071289,0.0292207539062206,0.0210634288698715,0.0214998770961019,0.0074831597990917,-0.00815732503634915,0.000436448226230436,-0.00291580629964176,0.0185840707964602
"2019-01-01",14,"2020-03-01","2020-05-01",1109,21,0.0189359783588819,0.0193693693693694,-3.92450294554098,-3.80673473380674,-0.117768211734244,0.282992614882479,-0.400760826616723,-0.335708654744578,-0.0650521718721448,-0.109104323685269,0.0440521518131243,-3.96855509735411,0.0185501125778915,0.0193693693693694,0.0217375941071289,0.028644192466134,0.0206443986758127,0.0185501125778915,0.0069065983590051,-0.00799979379032135,-0.00209428609792116,0.000385865780990351,0.0189359783588819
"2019-01-01",15,"2020-04-01","2020-06-01",1087,19,0.0174793008279669,0.0179227941176471,-4.0035966091895,-3.80673473380674,-0.19686187538276,0.290285959980498,-0.487147835363258,-0.335708654744578,-0.15143918061868,-0.0839574631687652,-0.0674817174499147,-3.93611489173959,0.0191500363514827,0.0179227941176471,0.0217375941071289,0.0288478194500509,0.0207923737207034,0.0191500363514827,0.00711022534292199,-0.00805544572934756,-0.00164233736922068,-0.00167073552351581,0.0174793008279669
"2019-01-01",16,"2020-05-01","2020-07-01",1065,18,0.0169014084507042,0.0173545966228893,-4.03639091971201,-3.80673473380674,-0.229656185905273,0.255943184868061,-0.485599370773334,-0.335708654744578,-0.149890716028756,0.147768516703317,-0.297659232732073,-3.73873168697994,0.0232317012945014,0.0173545966228893,0.0217375941071289,0.02790109687394,0.0201045405637272,0.0232317012945014,0.00616350276681102,-0.00779655631021273,0.00312716073077414,-0.00633029284379715,0.0169014084507042
"2019-01-01",17,"2020-06-01","2020-08-01",1027,23,0.0223953261927945,0.0228599221789883,-3.75524476310488,-3.80673473380674,0.0514899707018652,0.264080020949498,-0.212590050247633,-0.335708654744578,0.123118604496945,0.304798858195984,-0.181680253699039,-3.57356450940584,0.0272900304303973,0.0228599221789883,0.0217375941071289,0.028122639040942,0.020265466567166,0.0272900304303973,0.00638504493381307,-0.00785717247377601,0.00702456386323127,-0.00489470423760272,0.0223953261927945
"2019-01-01",18,"2020-07-01","2020-09-01",995,24,0.0241206030150754,0.0245983935742972,-3.68016815126681,-3.80673473380674,0.126566582539928,0.253616829857505,-0.127050247317577,-0.335708654744578,0.208658407427001,0.275080610897249,-0.0664222034702485,-3.61374594779656,0.0262434229591835,0.0245983935742972,0.0217375941071289,0.0278380692675519,0.0200587616889305,0.0262434229591835,0.00610047516042296,-0.0077793075786214,0.006184661270253,-0.00212281994410812,0.0241206030150754
"2019-01-01",19,"2020-08-01","2020-10-01",971,24,0.0247167868177137,0.0252057613168724,-3.6551538194059,-3.80673473380674,0.151580914400841,0.241048700025503,-0.0894677856246613,-0.335708654744578,0.246240869119917,0.214259832349531,0.0319810367703855,-3.68713485617629,0.0244317917019118,0.0252057613168724,0.0217375941071289,0.0274999475031061,0.0198132018444915,0.0244317917019118,0.00576235339597715,-0.00768674565861463,0.00461858985742038,0.000284995115801854,0.0247167868177137
"2019-01-01",20,"2020-09-01","2020-11-01",933,18,0.0192926045016077,0.0198072805139186,-3.90169963203029,-3.80673473380674,-0.0949648982235449,0.19016434378928,-0.285129242012825,-0.335708654744578,0.0505794127317533,0.143894773994937,-0.0933153612631832,-3.8083842707671,0.0217025442455559,0.0198072805139186,0.0217375941071289,0.0261713416691865,0.0188487681907413,0.0217025442455559,0.00443374756205756,-0.00732257347844518,0.00285377605481455,-0.00240993974394815,0.0192926045016077
"2019-01-01",21,"2020-10-01","2020-12-01",911,21,0.0230515916575192,0.0235745614035088,-3.7237301675961,-3.80673473380674,0.0830045662106418,0.159736706239509,-0.0767321400288673,-0.335708654744578,0.258976514715711,0.200544233240718,0.0584322814749924,-3.78216244907109,0.0222663123836013,0.0235745614035088,0.0217375941071289,0.0254069305137959,0.0182942165006269,0.0222663123836013,0.00366933640666691,-0.00711271401316895,0.00397209588297439,0.000785279273917909,0.0230515916575192
"2019-01-01",22,"2020-11-01","2021-01-01",875,25,0.0285714285714286,0.0291095890410959,-3.50714595967154,-3.80673473380674,0.299588774135205,0.116545108534489,0.183043665600716,-0.335708654744578,0.518752320345294,0.302336275571726,0.216416044773567,-3.7235620044451,0.0235784326278367,0.0291095890410959,0.0217375941071289,0.0243590873272493,0.0175344410805222,0.0235784326278367,0.00262149322012033,-0.00682464624672705,0.00604399154731444,0.00499299594359191,0.0285714285714286
"2019-01-01",23,"2020-12-01","2021-02-01",844,26,0.0308056872037915,0.0313609467455621,-3.43032866381901,-3.80673473380674,0.376406069987728,0.134096448024832,0.242309621962897,-0.335708654744578,0.578018276707475,0.160050155148238,0.417968121559237,-3.84829678537825,0.0208711222034662,0.0313609467455621,0.0217375941071289,0.0247797081878399,0.017839372035294,0.0208711222034662,0.00304211408071098,-0.00694033615254588,0.00303175016817216,0.00993456500032527,0.0308056872037915
"2019-01-01",24,"2021-01-01","2021-03-01",816,20,0.0245098039215686,0.0250917992656059,-3.65980224320574,-3.80673473380674,0.146932490601,0.136933913842919,0.00999857675808111,-0.335708654744578,0.345707231502659,-0.0170523393881472,0.362759570890806,-4.02256181409655,0.0175920109455978,0.0250917992656059,0.0217375941071289,0.024848370001482,0.0178891557158375,0.0175920109455978,0.00311077589435308,-0.00695921428564453,-0.000297144770239663,0.00691779297597079,0.0245098039215686
"2019-01-01",25,"2021-02-01","2021-04-01",790,15,0.0189873417721519,0.0195954487989886,-3.91266795869139,-3.80673473380674,-0.105933224884651,0.153144376103385,-0.259077600988036,-0.335708654744578,0.0766310537565422,-0.271661745630415,0.348292799386957,-4.26096075807835,0.0139124536078094,0.0195954487989886,0.0217375941071289,0.025244204774237,0.0181761965035128,0.0139124536078094,0.00350661066710802,-0.00706800827072418,-0.00426374289570338,0.00507488816434249,0.0189873417721519
"2019-01-01",26,"2021-03-01","2021-05-01",768,8,0.0104166666666667,0.0110533159947984,-4.49390994820308,-3.80673473380674,-0.687175214396335,0.150824454081345,-0.83799966847768,-0.335708654744578,-0.502291013733102,-0.520233929176068,0.0179429154429657,-4.51185286364604,0.0108588904074685,0.0110533159947984,0.0217375941071289,0.0251871814349458,0.0181348418316997,0.0108588904074685,0.00344958732781681,-0.00705233960324608,-0.00727595142423121,-0.000442223740801799,0.0104166666666667
"2019-01-01",27,"2021-04-01","2021-06-01",746,8,0.0107238605898123,0.0113788487282463,-4.46455493847516,-3.80673473380674,-0.657820204668423,0.182987039848669,-0.840807244517092,-0.335708654744578,-0.505098589772514,-0.575798699208423,0.0707001094359095,-4.53525504791107,0.0106103841189968,0.0113788487282463,0.0217375941071289,0.0259890387722965,0.0187164921426028,0.0106103841189968,0.00425144466516755,-0.00727254662969366,-0.00810610802360599,0.00011347647081549,0.0107238605898123
"2019-01-01",28,"2021-05-01","2021-07-01",730,5,0.00684931506849315,0.00752393980848153,-4.88211298008582,-3.80673473380674,-1.07537824627908,0.161161887237147,-1.23654013351622,-0.335708654744578,-0.900831478771645,-0.604464695930074,-0.296366782841571,-4.58574619724425,0.0100932266795207,0.00752393980848153,0.0217375941071289,0.0254422438960924,0.0183198296726815,0.0100932266795207,0.00370464978896346,-0.00712241422341087,-0.00822660299316088,-0.00324391161102751,0.00684931506849315
"2019-01-01",29,"2021-06-01","2021-08-01",720,4,0.00555555555555556,0.00624133148404993,-5.07030085049195,-3.80673473380674,-1.26356611668521,0.142171123824215,-1.40573724050943,-0.335708654744578,-1.07002858576485,-0.615056956882158,-0.45497162888269,-4.61532922160926,0.009801895710767,0.00624133148404993,0.0217375941071289,0.024975588751243,0.0179814016612532,0.009801895710767,0.00323799464411409,-0.0069941870899898,-0.00817950595048624,-0.00424634015521144,0.00555555555555556
"2019-01-01",30,"2021-07-01","2021-09-01",693,1,0.00144300144300144,0.00216138328530259,-6.13484312995333,-3.80673473380674,-2.32810839614659,0.125435575789942,-2.45354397193653,-0.335708654744578,-2.11783531719195,-0.598645632595379,-1.51918968459657,-4.61565344535676,0.00979874935399403,0.00216138328530259,0.0217375941071289,0.0245712715617039,0.0176882557727794,0.00979874935399403,0.00283367745457492,-0.00688301578892446,-0.00788950641878538,-0.00835574791099258,0.00144300144300144
"2019-01-01",31,"2021-08-01","2021-10-01",665,2,0.00300751879699248,0.00375375375375375,-5.58123812189811,-3.80673473380674,-1.77450338809137,0.116476719657313,-1.89098010774868,-0.335708654744578,-1.5552714530041,-0.603066826573219,-0.952204626430883,-4.62903349546722,0.0096697741505147,0.00375375375375375,0.0217375941071289,0.0243574620690612,0.0175332629852702,0.0096697741505147,0.00261986796193227,-0.00682419908379106,-0.00786348883475546,-0.00666225535352222,0.00300751879699248
"2019-01-01",32,"2021-09-01","2021-11-01",648,2,0.00308641975308642,0.00385208012326656,-5.55528246633776,-3.80673473380674,-1.74854773253102,0.132416258675008,-1.88096399120602,-0.335708654744578,-1.54525533646145,-0.597629828619684,-0.947625507841762,-4.607656958496,0.00987664205344413,0.00385208012326656,0.0217375941071289,0.0247391376828066,0.0178099570578344,0.00987664205344413,0.00300154357567763,-0.00692918062497215,-0.00793331500439029,-0.00679022230035771,0.00308641975308642
"2019-01-01",33,"2021-10-01","2021-12-01",636,4,0.00628930817610063,0.00706436420722135,-4.9456028238254,-3.80673473380674,-1.13886809001866,0.139526428591446,-1.27839451861011,-0.335708654744578,-0.942685863865527,-0.643647475931096,-0.299038387934432,-4.64656443589097,0.00950332816259138,0.00706436420722135,0.0217375941071289,0.0249112664840387,0.0179347609298718,0.00950332816259138,0.0031736723769098,-0.00697650555416698,-0.00843143276728038,-0.00321401998649075,0.00628930817610063
"2019-01-01",34,"2021-11-01","2022-01-01",629,3,0.00476947535771065,0.00555555555555556,-5.18738580584075,-3.80673473380674,-1.38065107203401,0.131428628410337,-1.51207970044435,-0.335708654744578,-1.17637104569977,-0.663257137665227,-0.513113908034545,-4.67427189780621,0.00924603065144784,0.00555555555555556,0.0217375941071289,0.0247153201974912,0.017792688901129,0.00924603065144784,0.00297772609036222,-0.00692263129636219,-0.00854665824968114,-0.00447655529373718,0.00476947535771065
"2019-02-01",1,"2019-03-01","2019-05-01",1577,5,0.00317057704502219,0.00348542458808619,-5.65567389633617,-3.80673473380674,-1.84893916252943,-1.7073653881347,-0.14157377439473,-0.137370755907561,-0.00420301848716947,0.099039815618788,-0.103242834105957,-5.55243106223021,0.00386303714340427,0.00348542458808619,0.0217375941071289,0.00401337969127483,0.00350005333964167,0.00386303714340427,-0.0177242144158541,-0.000513326351633163,0.0003629838037626,-0.000692460098382075,0.0031705770450222
"2019-02-01",2,"2019-04-01","2019-06-01",1547,17,0.010989010989011,0.0113049095607235,-4.471148877456,-3.80673473380674,-0.664414143649258,-0.802500335743768,0.13808619209451,-0.137370755907561,0.275456948002071,0.13539683365246,0.140060114349611,-4.61120899180561,0.00984196678965613,0.0113049095607235,0.0217375941071289,0.00986122148763851,0.00860639737249736,0.00984196678965613,-0.0118763726194904,-0.00125482411514114,0.00123556941715876,0.00114704419935486,0.010989010989011
"2019-02-01",3,"2019-05-01","2019-07-01",1478,29,0.0196211096075778,0.0199459093982421,-3.89458368501594,-3.80673473380674,-0.0878489512091947,-0.337459829206784,0.249610877997589,-0.137370755907561,0.38698163390515,0.125605706799516,0.261375927105633,-4.15595961212157,0.01542896271725,0.019945909398242,0.0217375941071289,0.0156087071675435,0.0136325946173629,0.01542896271725,-0.00612888693958539,-0.00197611255018064,0.00179636809988705,0.00419214689032785,0.0196211096075778
"2019-02-01",4,"2019-06-01","2019-08-01",1437,37,0.0257480862908838,0.0260778859527121,-3.6202436617238,-3.80673473380674,0.186491072082943,-0.182480278425218,0.368971350508161,-0.137370755907561,0.506342106415722,0.311937835130062,0.19440427128566,-3.81464793300946,0.0215699546839206,0.0260778859527121,0.0217375941071289,0.0181776956171205,0.0158815881289707,0.0215699546839206,-0.00355989849000843,-0.00229610748814981,0.00568836655494993,0.00417813160696314,0.0257480862908838
"2019-02-01",5,"2019-07-01","2019-09-01",1391,32,0.0230050323508267,0.0233477011494253,-3.73363217473683,-3.80673473380674,0.0731025590699077,-0.110329660461367,0.183432219531275,-0.137370755907561,0.320802975438836,0.379299877568343,-0.058496902129507,-3.67513527260733,0.0247194383662292,0.0233477011494253,0.0217375941071289,0.019511164970081,0.0170495458331452,0.0247194383662292,-0.00222642913704798,-0.00246161913693577,0.00766989253308404,-0.00171440601540249,0.0230050323508267
"2019-02-01",6,"2019-08-01","2019-10-01",1339,27,0.0201643017176998,0.0205223880597015,-3.86550298979325,-3.80673473380674,-0.0587682559865117,-0.00462210480800024,-0.0541461511785115,-0.137370755907561,0.0832246047290491,0.331113081031449,-0.2478884763024,-3.61761451349085,0.0261447438793281,0.0205223880597015,0.0217375941071289,0.0216395216911312,0.0189145592614158,0.0261447438793281,-9.8072415997727e-05,-0.0027249624297154,0.00723018461791232,-0.00598044216162836,0.0201643017176998
"2019-02-01",7,"2019-09-01","2019-11-01",1286,27,0.02099533437014,0.0213675213675214,-3.82428409112014,-3.80673473380674,-0.0175493573133978,0.0795860484344686,-0.0971354057478663,-0.137370755907561,0.0402353501596942,0.279939824453181,-0.239704474293487,-3.58457961682665,0.0269991488157007,0.0213675213675214,0.0217375941071289,0.0234959992497771,0.0205421679107796,0.0269991488157007,0.00175840514264819,-0.0029538313389975,0.00645698090492111,-0.00600381444556077,0.02099533437014
"2019-02-01",8,"2019-10-01","2019-12-01",1227,37,0.0301548492257539,0.0305374592833876,-3.45778773295055,-3.80673473380674,0.348947000856189,0.14017796756865,0.208769033287538,-0.137370755907561,0.346139789195099,0.327238288421553,0.0189015007735457,-3.4766892337241,0.0299828199417563,0.0305374592833876,0.0217375941071289,0.0249270977186229,0.0217973698774477,0.0299828199417563,0.00318950361149392,-0.00312972784117515,0.00818545006430861,0.000172029283997545,0.0301548492257539
"2019-02-01",9,"2019-11-01","2020-01-01",1184,35,0.0295608108108108,0.029957805907173,-3.47754964772187,-3.80673473380674,0.329185086084875,0.188722894148899,0.140462191935976,-0.137370755907561,0.277832947843537,0.340221937540722,-0.0623889896971855,-3.41516065802468,0.0318250016513084,0.029957805907173,0.0217375941071289,0.026134629384257,0.0228568435700794,0.0318250016513084,0.00439703527712805,-0.00327778581417758,0.00896815808122896,-0.00226419084049756,0.0295608108108108
"2019-02-01",10,"2019-12-01","2020-02-01",1151,33,0.0286707211120765,0.0290798611111111,-3.50819834209916,-3.80673473380674,0.298536391707578,0.249100324734697,0.0494360669728806,-0.137370755907561,0.186806822880441,0.398743386412819,-0.211936563532377,-3.29626177856679,0.0356996551324893,0.0290798611111111,0.0217375941071289,0.0277160988991316,0.0242449043015461,0.0356996551324893,0.00597850479200264,-0.00347119459758546,0.0114547508309432,-0.00702893402041282,0.0286707211120765
"2019-02-01",11,"2020-01-01","2020-03-01",1099,25,0.0227479526842584,0.0231818181818182,-3.74093226391818,-3.80673473380674,0.0658024698885566,0.289264109856582,-0.223461639968025,-0.137370755907561,-0.0860908840604648,0.267163533020558,-0.353254417081023,-3.38767784683716,0.0326827896939683,0.0231818181818182,0.0217375941071289,0.0288192054610655,0.0252134392301193,0.0326827896939683,0.00708161135393656,-0.0036057662309462,0.00746935046384896,-0.00993483700970985,0.0227479526842584
"2019-02-01",12,"2020-02-01","2020-04-01",1070,24,0.0224299065420561,0.0228758169934641,-3.75453342433537,-3.80673473380674,0.0522013094713678,0.294297372332265,-0.242096062860897,-0.137370755907561,-0.104725306953337,0.020954849412792,-0.125680156366129,-3.62885326796924,0.0258601105688715,0.022875816993464,0.0217375941071289,0.0289604143169464,0.0253374414239551,0.0258601105688715,0.00722282020981744,-0.00362297289299133,0.000522669144916488,-0.00343020402681547,0.0224299065420561
"2019-02-01",13,"2020-03-01","2020-05-01",1041,24,0.0230547550432277,0.0235124760076775,-3.72643079976607,-3.80673473380674,0.0803039340406726,0.303514845354915,-0.223210911314242,-0.137370755907561,-0.0858401554066814,-0.109104323685269,0.0232641682785877,-3.74969496804466,0.0229842186940647,0.0235124760076775,0.0217375941071289,0.0292207539062206,0.0255660697923563,0.0229842186940647,0.0074831597990917,-0.00365468411386434,-0.00258185109829163,7.05363491629862e-05,0.0230547550432277
"2019-02-01",14,"2020-04-01","2020-06-01",1012,25,0.024703557312253,0.025172754195459,-3.6564980446109,-3.80673473380674,0.150236689195845,0.282992614882479,-0.132755925686634,-0.137370755907561,0.00461483022092646,-0.0839574631687652,0.0885722933896917,-3.74507033800059,0.0230882985460304,0.025172754195459,0.0217375941071289,0.028644192466134,0.0250597582793435,0.0230882985460304,0.0069065983590051,-0.00358443418679056,-0.00197145973331304,0.00161525876622252,0.024703557312253
"2019-02-01",15,"2020-05-01","2020-07-01",990,30,0.0303030303030303,0.0307769929364279,-3.44972729859525,-3.80673473380674,0.357007435211496,0.290285959980498,0.0667214752309979,-0.137370755907561,0.204092231138559,0.147768516703317,0.0563237144352418,-3.50605101303049,0.0291405506255985,0.0307769929364278,0.0217375941071289,0.0288478194500509,0.0252385661665124,0.0291405506255985,0.00711022534292199,-0.00360925328353856,0.00390198445908609,0.00116247967743185,0.0303030303030303
"2019-02-01",16,"2020-06-01","2020-08-01",960,30,0.03125,0.0317377731529657,-3.41799539246894,-3.80673473380674,0.388739341337802,0.255943184868061,0.132796156469741,-0.137370755907561,0.270166912377301,0.304798858195984,-0.0346319458186824,-3.38336344665026,0.032819463185966,0.0317377731529657,0.0217375941071289,0.02790109687394,0.0244073145491483,0.032819463185966,0.00616350276681102,-0.00349378232479167,0.00841214863681767,-0.00156946318596596,0.03125
"2019-02-01",17,"2020-07-01","2020-09-01",927,26,0.0280474649406688,0.0285560344827586,-3.5269153096512,-3.80673473380674,0.279819424155546,0.264080020949498,0.0157394032060475,-0.137370755907561,0.153110159113608,0.275080610897249,-0.121970451783641,-3.40494485786755,0.0321412825840157,0.0285560344827586,0.0217375941071289,0.028122639040942,0.0246018172323976,0.0321412825840157,0.00638504493381307,-0.00352082180854442,0.00753946535161813,-0.0040938176433469,0.0280474649406688
"2019-02-01",18,"2020-08-01","2020-10-01",900,25,0.0277777777777778,0.0283018867924528,-3.53611669956153,-3.80673473380674,0.270618034245215,0.253616829857505,0.0170012043877102,-0.137370755907561,0.154371960295271,0.214259832349531,-0.0598878720542604,-3.47622882750727,0.0299962132253673,0.0283018867924528,0.0217375941071289,0.0278380692675519,0.0243519815651146,0.0299962132253673,0.00610047516042296,-0.00348608770243727,0.00564423166025269,-0.00221843544758954,0.0277777777777778
"2019-02-01",19,"2020-09-01","2020-11-01",873,26,0.0297823596792669,0.0303203661327231,-3.46514610626243,-3.80673473380674,0.341588627544312,0.241048700025503,0.10053992751881,-0.137370755907561,0.23791068342637,0.143894773994937,0.0940159094314337,-3.55916201569386,0.0276749627692803,0.0303203661327231,0.0217375941071289,0.0274999475031061,0.0240551541820668,0.0276749627692803,0.00576235339597715,-0.00344479332103933,0.00361980858721352,0.00210739690998661,0.0297823596792669
"2019-02-01",20,"2020-10-01","2020-12-01",851,28,0.0329024676850764,0.0334507042253521,-3.36365946234309,-3.80673473380674,0.443075271463651,0.19016434378928,0.252910927674371,-0.137370755907561,0.390281683581932,0.200544233240718,0.189737450341214,-3.5533969126843,0.027830519417784,0.0334507042253521,0.0217375941071289,0.0261713416691865,0.0228890596467765,0.027830519417784,0.00443374756205756,-0.00328228202240996,0.00494145977100746,0.00507194826729238,0.0329024676850764
"2019-02-01",21,"2020-11-01","2021-01-01",827,23,0.0278113663845224,0.0283816425120773,-3.53322054528232,-3.80673473380674,0.273514188524417,0.159736706239509,0.113777482284907,-0.137370755907561,0.251148238192468,0.302336275571726,-0.0511880373792583,-3.48203250790307,0.0298278066286188,0.0283816425120773,0.0217375941071289,0.0254069305137959,0.0222183299230494,0.0298278066286188,0.00366933640666691,-0.00318860059074648,0.0076094767055694,-0.0020164402440964,0.0278113663845224
"2019-02-01",22,"2020-12-01","2021-02-01",797,18,0.0225846925972397,0.0231829573934837,-3.74088195641355,-3.80673473380674,0.065852777393189,0.116545108534489,-0.0506923311413005,-0.137370755907561,0.0866784247662601,0.160050155148238,-0.0733717303819777,-3.66751022603157,0.0249039336693586,0.0231829573934837,0.0217375941071289,0.0243590873272493,0.0212991183552004,0.0249039336693586,0.00262149322012033,-0.00305996897204885,0.00360481531415814,-0.00231924107211891,0.0225846925972397
"2019-02-01",23,"2021-01-01","2021-03-01",763,14,0.018348623853211,0.018979057591623,-3.94525766811612,-3.80673473380674,-0.138522934309383,0.134096448024832,-0.272619382334214,-0.137370755907561,-0.135248626426654,-0.0170523393881472,-0.118196287038507,-3.82706138107762,0.0213095227299168,0.018979057591623,0.0217375941071289,0.0247797081878399,0.0216680746452518,0.0213095227299168,0.00304211408071098,-0.00311163354258816,-0.000358551915335008,-0.00296089887670574,0.018348623853211
"2019-02-01",24,"2021-02-01","2021-04-01",741,14,0.0188933873144399,0.0195417789757412,-3.91546534961912,-3.80673473380674,-0.108730615812378,0.136933913842919,-0.245664529655297,-0.137370755907561,-0.108293773747736,-0.271661745630415,0.163367971882679,-4.0788333215018,0.0166454419695957,0.0195417789757412,0.0217375941071289,0.024848370001482,0.0217283065701083,0.0166454419695957,0.00311077589435308,-0.0031200634313737,-0.00508286460051262,0.00224794534484424,0.0188933873144399
"2019-02-01",25,"2021-03-01","2021-05-01",718,9,0.0125348189415042,0.0132127955493741,-4.3132686979936,-3.80673473380674,-0.506533964186861,0.153144376103385,-0.659678340290246,-0.137370755907561,-0.522307584382685,-0.520233929176068,-0.00207365520661706,-4.31119504278699,0.013239859626712,0.0132127955493741,0.0217375941071289,0.025244204774237,0.0220755638749544,0.013239859626712,0.00350661066710802,-0.00316864089928254,-0.00883570424824238,-0.000705040685207861,0.0125348189415042
"2019-02-01",26,"2021-04-01","2021-06-01",696,9,0.0129310344827586,0.0136298421807747,-4.28177003093423,-3.80673473380674,-0.47503529712749,0.150824454081345,-0.625859751208835,-0.137370755907561,-0.488488995301274,-0.575798699208423,0.0873097039071488,-4.36907973484138,0.0125045447674821,0.0136298421807748,0.0217375941071289,0.0251871814349458,0.0220255363473082,0.0125045447674821,0.00344958732781681,-0.00316164508763757,-0.00952099157982609,0.000426489715276535,0.0129310344827586
"2019-02-01",27,"2021-05-01","2021-07-01",676,6,0.00887573964497041,0.00960118168389956,-4.63622152582014,-3.80673473380674,-0.829486792013401,0.182987039848669,-1.01247383186207,-0.137370755907561,-0.875103075954509,-0.604464695930074,-0.270638380024436,-4.36558314579571,0.0125477949613195,0.00960118168389954,0.0217375941071289,0.0259890387722965,0.0227290866567545,0.0125477949613195,0.00425144466516755,-0.00325995211554199,-0.010181291695435,-0.00367205531634912,0.00887573964497041
"2019-02-01",28,"2021-06-01","2021-08-01",665,7,0.0105263157894737,0.0112612612612613,-4.47506150064107,-3.80673473380674,-0.66832676683433,0.161161887237147,-0.829488654071477,-0.137370755907561,-0.692117898163916,-0.615056956882158,-0.0770609412817584,-4.39800055935931,0.0121524143376574,0.0112612612612613,0.0217375941071289,0.0254422438960924,0.0222493126097445,0.0121524143376574,0.00370464978896346,-0.00319293128634787,-0.0100968982720871,-0.0016260985481837,0.0105263157894737
"2019-02-01",29,"2021-07-01","2021-09-01",645,7,0.0108527131782946,0.011609907120743,-4.44421865493033,-3.80673473380674,-0.637483921123588,0.142171123824215,-0.779655044947803,-0.137370755907561,-0.642284289040242,-0.598645632595379,-0.0436386564448639,-4.40057999848547,0.0121214877935169,0.011609907120743,0.0217375941071289,0.024975588751243,0.0218399089738582,0.0121214877935169,0.00323799464411409,-0.00313567977738482,-0.00971842118034133,-0.00126877461522231,0.0108527131782946
"2019-02-01",30,"2021-08-01","2021-10-01",623,8,0.0128410914927769,0.0136217948717949,-4.28236878212824,-3.80673473380674,-0.475634048321496,0.125435575789942,-0.601069624111439,-0.137370755907561,-0.463698868203878,-0.603066826573219,0.139367958369341,-4.42173674049758,0.0118707426970997,0.0136217948717949,0.0217375941071289,0.0245712715617039,0.0214852351511545,0.0118707426970997,0.00283367745457492,-0.00308603641054937,-0.00961449245405483,0.000970348795677218,0.0128410914927769
"2019-02-01",31,"2021-09-01","2021-11-01",606,6,0.0099009900990099,0.0107084019769358,-4.52596046461845,-3.80673473380674,-0.719225730811705,0.116476719657313,-0.835702450469019,-0.137370755907561,-0.698331694561458,-0.597629828619684,-0.100701865941774,-4.42525859867667,0.0118295028448022,0.0107084019769358,0.0217375941071289,0.0243574620690612,0.0212976928038624,0.0118295028448022,0.00261986796193227,-0.00305976926519877,-0.0094681899590602,-0.00192851274579234,0.0099009900990099
"2019-02-01",32,"2021-10-01","2021-12-01",590,4,0.00677966101694915,0.00761421319796954,-4.87009527131726,-3.80673473380674,-1.06336053751051,0.132416258675008,-1.19577679618552,-0.137370755907561,-1.05840604027796,-0.643647475931096,-0.414758564346866,-4.45533670697039,0.0114830164872343,0.00761421319796954,0.0217375941071289,0.0247391376828066,0.0216324856459047,0.0114830164872343,0.00300154357567763,-0.00310665203690185,-0.0101494691586704,-0.00470335547028517,0.00677966101694915
"2019-02-01",33,"2021-11-01","2022-01-01",580,5,0.00862068965517241,0.00946643717728055,-4.65049113592351,-3.80673473380674,-0.843756402116771,0.139526428591446,-0.983282830708217,-0.137370755907561,-0.845912074800656,-0.663257137665227,-0.182654937135429,-4.46783619878808,0.0113419957344008,0.00946643717728054,0.0217375941071289,0.0249112664840387,0.0217834819315719,0.0113419957344008,0.0031736723769098,-0.00312778455246688,-0.0104414861971711,-0.00272130607922838,0.00862068965517241
"2019-02-01",34,"2021-12-01","2022-02-01",571,6,0.010507880910683,0.0113636363636364,-4.46590811865458,-3.80673473380674,-0.659173384847842,0.131428628410337,-0.790602013258179,-0.137370755907561,-0.653231257350618,-0.571170004196953,-0.0820612531536659,-4.38384686550092,0.0123235041482416,0.0113636363636364,0.0217375941071289,0.0247153201974912,0.0216115927967495,0.0123235041482416,0.00297772609036222,-0.00310372740074164,-0.00928808864850789,-0.00181562323755863,0.010507880910683
"2019-03-01",1,"2019-04-01","2019-06-01",1824,7,0.00383771929824561,0.00410958904109589,-5.49031418886541,-3.80673473380674,-1.68357945505867,-1.7073653881347,0.0237859330760297,-0.183247720356297,0.207033653432327,0.13539683365246,0.0716368197798669,-5.56195100864528,0.00382657579301664,0.00410958904109589,0.0217375941071289,0.00401337969127483,0.00334363386929047,0.00382657579301664,-0.0177242144158541,-0.000669745821984365,0.000482941923726173,1.11435052289745e-05,0.00383771929824562
"2019-03-01",2,"2019-05-01","2019-07-01",1799,25,0.0138966092273485,0.0141666666666667,-4.24259551992217,-3.80673473380674,-0.43586078611543,-0.802500335743768,0.366639549628338,-0.183247720356297,0.549887269984635,0.125605706799516,0.424281563185119,-4.66687708310729,0.00931401757598358,0.0141666666666667,0.0217375941071289,0.00986122148763851,0.00822365561859649,0.00931401757598358,-0.0118763726194904,-0.00163756586904202,0.00109036195738709,0.00458259165136494,0.0138966092273485
"2019-03-01",3,"2019-06-01","2019-08-01",1722,43,0.0249709639953542,0.0252466627974463,-3.65349047095771,-3.80673473380674,0.153244262849032,-0.337459829206784,0.490704092055816,-0.183247720356297,0.673951812412113,0.311937835130062,0.362013977282052,-4.01550444823976,0.0177143962539841,0.0252466627974463,0.0217375941071289,0.0156087071675435,0.0130292665934336,0.0177143962539841,-0.00612888693958539,-0.00257944057410997,0.0046851296605505,0.00725656774137015,0.0249709639953542
"2019-03-01",4,"2019-07-01","2019-09-01",1660,41,0.0246987951807229,0.0249849488260084,-3.66417931137473,-3.80673473380674,0.14255542243201,-0.182480278425218,0.325035700857228,-0.183247720356297,0.508283421213525,0.379299877568343,0.128983543645182,-3.79316285501991,0.0220280821502175,0.0249849488260084,0.0217375941071289,0.0181776956171205,0.0151802598077405,0.0220280821502175,-0.00355989849000843,-0.00299743580938002,0.00684782234247701,0.00267071303050539,0.0246987951807229
"2019-03-01",5,"2019-08-01","2019-10-01",1597,36,0.0225422667501565,0.0228410513141427,-3.75608991613469,-3.80673473380674,0.0506448176720538,-0.110329660461367,0.160974478133421,-0.183247720356297,0.344222198489718,0.331113081031449,0.0131091174582692,-3.76919903359296,0.0225502874254403,0.0228410513141427,0.0217375941071289,0.019511164970081,0.0162974948297118,0.0225502874254403,-0.00222642913704798,-0.00321367014036916,0.0062527925957285,-8.02067528377082e-06,0.0225422667501565
"2019-03-01",6,"2019-09-01","2019-11-01",1533,30,0.0195694716242661,0.0198826597131682,-3.89782431881522,-3.80673473380674,-0.0910895850084765,-0.00462210480800024,-0.0864674802004763,-0.183247720356297,0.0967802401558207,0.279939824453181,-0.183159584297361,-3.71466473451786,0.0237841405452943,0.0198826597131682,0.0217375941071289,0.0216395216911312,0.0180817563052668,0.0237841405452943,-9.8072415997727e-05,-0.00355776538586446,0.00570238424002752,-0.00421466892102813,0.0195694716242661
"2019-03-01",7,"2019-10-01","2019-12-01",1479,36,0.0243407707910751,0.0246621621621622,-3.67751373851454,-3.80673473380674,0.129220995292197,0.0795860484344686,0.0496349468577287,-0.183247720356297,0.232882667214026,0.327238288421553,-0.0943556212075276,-3.58315811730702,0.0270365170039341,0.0246621621621622,0.0217375941071289,0.0234959992497771,0.0196391363200439,0.0270365170039341,0.00175840514264819,-0.00385686292973325,0.00739738068389023,-0.00269574621285906,0.0243407707910751
"2019-03-01",8,"2019-11-01","2020-01-01",1427,35,0.0245269796776454,0.024859943977591,-3.66932327532007,-3.80673473380674,0.137411458486672,0.14017796756865,-0.00276650908197806,-0.183247720356297,0.180481211274319,0.340221937540722,-0.159740726266404,-3.50958254905367,0.0290408045688514,0.024859943977591,0.0217375941071289,0.0249270977186229,0.020840333794291,0.0290408045688514,0.00318950361149392,-0.00408676392433184,0.00820047077456035,-0.00451382489120597,0.0245269796776454
"2019-03-01",9,"2019-12-01","2020-02-01",1374,34,0.024745269286754,0.0250909090909091,-3.6598386336387,-3.80673473380674,0.146896100168041,0.188722894148899,-0.0418267939808574,-0.183247720356297,0.14142092637544,0.398743386412819,-0.257322460037379,-3.40251617360132,0.032216920538586,0.0250909090909091,0.0217375941071289,0.026134629384257,0.0218543294552022,0.032216920538586,0.00439703527712805,-0.0042802999290548,0.0103625910833838,-0.007471651251832,0.024745269286754
"2019-03-01",10,"2020-01-01","2020-03-01",1319,36,0.0272934040940106,0.0276515151515152,-3.56003373972275,-3.80673473380674,0.246700994083992,0.249100324734697,-0.00239933065070511,-0.183247720356297,0.180848389705592,0.267163533020558,-0.0863151433149666,-3.47371859640778,0.0300693382508195,0.0276515151515152,0.0217375941071289,0.0277160988991316,0.0231829534754763,0.0300693382508195,0.00597850479200264,-0.00453314542365531,0.00688638477534324,-0.0027759341568089,0.0272934040940106
"2019-03-01",11,"2020-02-01","2020-04-01",1273,29,0.0227808326787117,0.0231554160125589,-3.74209885846187,-3.80673473380674,0.0646358753448686,0.289264109856582,-0.224628234511713,-0.183247720356297,-0.0413805141554165,0.020954849412792,-0.0623353635682085,-3.67976349489366,0.0246081044891548,0.0231554160125589,0.0217375941071289,0.0288192054610655,0.0241101138472999,0.0246081044891548,0.00708161135393656,-0.00470909161376563,0.000497990641854889,-0.00182727181044306,0.0227808326787117
"2019-03-01",12,"2020-03-01","2020-05-01",1243,26,0.0209171359613838,0.0213022508038585,-3.82741012196457,-3.80673473380674,-0.0206753881578274,0.294297372332265,-0.314972760490093,-0.183247720356297,-0.131725040133796,-0.109104323685269,-0.0226207164485266,-3.80478940551604,0.0217790001617613,0.0213022508038585,0.0217375941071289,0.0289604143169464,0.024228824650109,0.0217790001617613,0.00722282020981744,-0.00473158966683736,-0.00244982448834768,-0.000861864200377586,0.0209171359613838
"2019-03-01",13,"2020-04-01","2020-06-01",1210,18,0.0148760330578512,0.0152766308835673,-4.16603649067822,-3.80673473380674,-0.359301756871476,0.303514845354915,-0.662816602226391,-0.183247720356297,-0.479568881870094,-0.0839574631687652,-0.395611418701328,-3.77042507197689,0.0225232791802093,0.0152766308835673,0.0217375941071289,0.0292207539062206,0.0244477005099847,0.0225232791802093,0.0074831597990917,-0.00477305339623593,-0.00192442132977538,-0.0076472461223581,0.0148760330578512
"2019-03-01",14,"2020-05-01","2020-07-01",1190,26,0.0218487394957983,0.0222502099076406,-3.78290235633222,-3.80673473380674,0.0238323774745219,0.282992614882479,-0.259160237407957,-0.183247720356297,-0.0759125170516601,0.147768516703317,-0.223681033754977,-3.55922132257724,0.0276733669215477,0.0222502099076406,0.0217375941071289,0.028644192466134,0.0239629925661038,0.0276733669215477,0.0069065983590051,-0.00468119990003021,0.00371037435544387,-0.00582462742574938,0.0218487394957983
"2019-03-01",15,"2020-06-01","2020-08-01",1162,31,0.0266781411359725,0.027085124677558,-3.581311919242,-3.80673473380674,0.225422814564737,0.290285959980498,-0.0648631454157611,-0.183247720356297,0.118384574940536,0.304798858195984,-0.186414283255448,-3.39489763598656,0.0324553072660919,0.027085124677558,0.0217375941071289,0.0288478194500509,0.0241341684664911,0.0324553072660919,0.00711022534292199,-0.00471365098355978,0.00832113879960079,-0.00577716613011948,0.0266781411359725
"2019-03-01",16,"2020-07-01","2020-09-01",1137,34,0.0299032541776605,0.0303163444639719,-3.46528290165948,-3.80673473380674,0.341451832147264,0.255943184868061,0.0855086472792032,-0.183247720356297,0.2687563676355,0.275080610897249,-0.00632424326174896,-3.45895865839773,0.0305028131749642,0.0303163444639719,0.0217375941071289,0.02790109687394,0.0233384201417915,0.0305028131749642,0.00616350276681102,-0.00456267673214843,0.00716439303317263,-0.000599558997303653,0.0299032541776605
"2019-03-01",17,"2020-08-01","2020-10-01",1101,30,0.0272479564032698,0.0276769509981851,-3.55908813130027,-3.80673473380674,0.247646602506475,0.264080020949498,-0.0164334184430227,-0.183247720356297,0.166814301913274,0.214259832349531,-0.0474455304362569,-3.51164260086401,0.0289827727123306,0.0276769509981851,0.0217375941071289,0.028122639040942,0.0235246101678514,0.0289827727123306,0.00638504493381307,-0.00459802887309057,0.00545816254447919,-0.00173481630906087,0.0272479564032698
"2019-03-01",18,"2020-09-01","2020-11-01",1068,25,0.0234082397003745,0.0238540692235734,-3.71165727435287,-3.80673473380674,0.0950774594538664,0.253616829857505,-0.158539370403639,-0.183247720356297,0.0247083499526582,0.143894773994937,-0.119186424042278,-3.5924708503106,0.0267926165409272,0.0238540692235734,0.0217375941071289,0.0278380692675519,0.0232854525732983,0.0267926165409272,0.00610047516042296,-0.00455261669425365,0.00350716396762899,-0.00338437684055271,0.0234082397003745
"2019-03-01",19,"2020-10-01","2020-12-01",1036,24,0.0231660231660232,0.023625843780135,-3.72150468143001,-3.80673473380674,0.0852300523767284,0.241048700025503,-0.155818647648774,-0.183247720356297,0.0274290727075228,0.200544233240718,-0.173115160533196,-3.54838952089682,0.0279663201128153,0.023625843780135,0.0217375941071289,0.0274999475031061,0.0230013186795961,0.0279663201128153,0.00576235339597715,-0.00449862882351003,0.00496500143321927,-0.00480029694679217,0.0231660231660232
"2019-03-01",20,"2020-11-01","2021-01-01",1005,27,0.026865671641791,0.0273359840954274,-3.57183478216361,-3.80673473380674,0.234899951643136,0.19016434378928,0.0447356078538561,-0.183247720356297,0.227983328210153,0.302336275571726,-0.0743529473615733,-3.49748183480203,0.0293839651525628,0.0273359840954274,0.0217375941071289,0.0261713416691865,0.0218851641639485,0.0293839651525628,0.00443374756205756,-0.00428617750523796,0.00749880098861421,-0.00251829351077171,0.026865671641791
"2019-03-01",21,"2020-12-01","2021-02-01",978,24,0.0245398773006135,0.0250255362614913,-3.66251452561512,-3.80673473380674,0.14422020819162,0.159736706239509,-0.0155164980478889,-0.183247720356297,0.167731222308408,0.160050155148238,0.00768106716017039,-3.67019559277529,0.0248388060838044,0.0250255362614913,0.0217375941071289,0.0254069305137959,0.0212432125341075,0.0248388060838044,0.00366933640666691,-0.00416371797968832,0.00359559354969686,-0.000298928783190898,0.0245398773006135
"2019-03-01",22,"2021-01-01","2021-03-01",942,24,0.0254777070063694,0.0259809119830329,-3.6240687871045,-3.80673473380674,0.182665946702242,0.116545108534489,0.0661208381677525,-0.183247720356297,0.24936855852405,-0.0170523393881472,0.266420897912197,-3.8904896850167,0.0200260966805914,0.0259809119830329,0.0217375941071289,0.0243590873272493,0.0203635031171205,0.0200260966805914,0.00262149322012033,-0.00399558421012873,-0.000337406436529165,0.00545161032577806,0.0254777070063694
"2019-03-01",23,"2021-02-01","2021-04-01",905,16,0.0176795580110497,0.0182119205298013,-3.98729912619935,-3.80673473380674,-0.180564392392613,0.134096448024832,-0.314660840417445,-0.183247720356297,-0.131413120061148,-0.271661745630415,0.140248625569267,-4.12754775176862,0.0158665599373528,0.0182119205298013,0.0217375941071289,0.0247797081878399,0.0207165951776615,0.0158665599373528,0.00304211408071098,-0.00406311301017847,-0.00485003524030862,0.0018129980736969,0.0176795580110497
"2019-03-01",24,"2021-03-01","2021-05-01",880,13,0.0147727272727273,0.0153234960272418,-4.16292582637663,-3.80673473380674,-0.356191092569889,0.136933913842919,-0.493125006412809,-0.183247720356297,-0.309877286056512,-0.520233929176068,0.210356643119556,-4.37328246949619,0.0124527548229292,0.0153234960272418,0.0217375941071289,0.024848370001482,0.0207742383856038,0.0124527548229292,0.00311077589435308,-0.00407413161587827,-0.00832148356267455,0.00231997244979807,0.0147727272727273
"2019-03-01",25,"2021-04-01","2021-06-01",856,7,0.00817757009345794,0.0087514585764294,-4.72974492056972,-3.80673473380674,-0.923010186762981,0.153144376103385,-1.07615456286637,-0.183247720356297,-0.892906842510068,-0.575798699208423,-0.317108143301645,-4.41263677726808,0.0119779592135067,0.0087514585764294,0.0217375941071289,0.025244204774237,0.0211065769451719,0.0119779592135067,0.00350661066710802,-0.00413762782906504,-0.00912861773166526,-0.00380038912004873,0.00817757009345794
"2019-03-01",26,"2021-05-01","2021-07-01",836,7,0.00837320574162679,0.00896057347670251,-4.70592008908823,-3.80673473380674,-0.899185355281493,0.150824454081345,-1.05000980936284,-0.183247720356297,-0.866762089006542,-0.604464695930074,-0.262297393076468,-4.44362269601177,0.011616747810018,0.00896057347670251,0.0217375941071289,0.0251871814349458,0.0210586980436914,0.011616747810018,0.00344958732781681,-0.00412848339125436,-0.00944195023367344,-0.00324354206839116,0.00837320574162679
"2019-03-01",27,"2021-06-01","2021-08-01",822,6,0.0072992700729927,0.00789793438639125,-4.83322473550893,-3.80673473380674,-1.02649000170219,0.182987039848669,-1.20947704155086,-0.183247720356297,-1.02622932119456,-0.615056956882158,-0.411172364312401,-4.42205237119653,0.0118670409735874,0.00789793438639125,0.0217375941071289,0.0259890387722965,0.0217320514086574,0.0118670409735874,0.00425144466516755,-0.00425698736363909,-0.00986501043506995,-0.00456777090059475,0.0072992700729927
"2019-03-01",28,"2021-07-01","2021-09-01",787,7,0.00889453621346887,0.00951776649746193,-4.64503171941322,-3.80673473380674,-0.838296985606481,0.161161887237147,-0.999458872843628,-0.183247720356297,-0.816211152487331,-0.598645632595379,-0.217565519891952,-4.42746619952127,0.0118037247408346,0.00951776649746193,0.0217375941071289,0.0254422438960924,0.0212728650370289,0.0118037247408346,0.00370464978896346,-0.00416937885906351,-0.00946914029619432,-0.0029091885273657,0.00889453621346887
"2019-03-01",29,"2021-08-01","2021-10-01",746,8,0.0107238605898123,0.0113788487282463,-4.46455493847516,-3.80673473380674,-0.657820204668423,0.142171123824215,-0.799991328492638,-0.183247720356297,-0.616743608136341,-0.603066826573219,-0.0136767815631222,-4.45087815691204,0.0115337365763952,0.0113788487282463,0.0217375941071289,0.024975588751243,0.0208810450366984,0.0115337365763952,0.00323799464411409,-0.00409454371454468,-0.00934730846030316,-0.000809875986582867,0.0107238605898123
"2019-03-01",30,"2021-09-01","2021-11-01",727,11,0.015130674002751,0.0157967032967033,-4.13203121189902,-3.80673473380674,-0.325296478092281,0.125435575789942,-0.450732053882223,-0.183247720356297,-0.267484333525926,-0.597629828619684,0.330145495093758,-4.46217670699278,0.0114056334480692,0.0157967032967033,0.0217375941071289,0.0245712715617039,0.0205416158785876,0.0114056334480692,0.00283367745457492,-0.00402965568311624,-0.00913598243051838,0.00372504055468179,0.015130674002751
"2019-03-01",31,"2021-10-01","2021-12-01",718,10,0.0139275766016713,0.0146036161335188,-4.21177480196726,-3.80673473380674,-0.405040068160516,0.116476719657313,-0.521516787817829,-0.183247720356297,-0.338269067461532,-0.643647475931096,0.305378408469563,-4.51715321043682,0.0108021068665332,0.0146036161335188,0.0217375941071289,0.0243574620690612,0.020362138883727,0.0108021068665332,0.00261986796193227,-0.00399532318533418,-0.00956003201719386,0.00312546973513813,0.0139275766016713
"2019-03-01",32,"2021-11-01","2022-01-01",701,7,0.00998573466476462,0.0106837606837607,-4.52828914165213,-3.80673473380674,-0.721554407845392,0.132416258675008,-0.8539706665204,-0.183247720356297,-0.670722946164103,-0.663257137665227,-0.0074658084988759,-4.52082333315326,0.0107629603870566,0.0106837606837607,0.0217375941071289,0.0247391376828066,0.0206825359097284,0.0107629603870566,0.00300154357567763,-0.00405660177307822,-0.00991957552267176,-0.000777225722291972,0.00998573466476462
"2019-03-01",33,"2021-12-01","2022-02-01",688,7,0.0101744186046512,0.0108853410740203,-4.50939323059432,-3.80673473380674,-0.702658496787581,0.139526428591446,-0.842184925379027,-0.183247720356297,-0.65893720502273,-0.571170004196953,-0.0877672008257774,-4.42162602976855,0.0118720413851085,0.0108853410740203,0.0217375941071289,0.0249112664840387,0.0208270426304717,0.0118720413851085,0.0031736723769098,-0.00408422385356706,-0.00895500124536318,-0.00169762278045734,0.0101744186046512
"2019-03-01",34,"2022-01-01","2022-03-01",674,8,0.0118694362017804,0.0125925925925926,-4.36197397612249,-3.80673473380674,-0.555239242315752,0.131428628410337,-0.686667870726088,-0.183247720356297,-0.503420150369791,-0.575151865655676,0.0717317152858844,-4.43370569140838,0.011731166087563,0.0125925925925926,0.0217375941071289,0.0247153201974912,0.0206625411541485,0.011731166087563,0.00297772609036222,-0.00405277904334264,-0.00893137506658553,0.000138270114217416,0.0118694362017804
"2019-04-01",1,"2019-05-01","2019-07-01",2008,4,0.00199203187250996,0.00223992035838726,-6.09907253530629,-3.80673473380674,-2.29233780149955,-1.7073653881347,-0.584972413364848,-0.181539291015407,-0.403433122349441,0.125605706799516,-0.529038829148958,-5.57003370615733,0.0037958883274306,0.00223992035838726,0.0217375941071289,0.00401337969127483,0.00334933196491156,0.0037958883274306,-0.0177242144158541,-0.000664047726363271,0.000446556362519038,-0.00180385645492064,0.00199203187250996
"2019-04-01",2,"2019-06-01","2019-08-01",1962,30,0.0152905198776758,0.0155374426897606,-4.14884309684821,-3.80673473380674,-0.34210836304147,-0.802500335743768,0.460391972702297,-0.181539291015407,0.641931263717704,0.311937835130062,0.329993428587642,-4.47883652543585,0.0112193059118239,0.0155374426897606,0.0217375941071289,0.00986122148763851,0.00823760132791774,0.0112193059118239,-0.0118763726194904,-0.00162362015972077,0.00298170458390618,0.00407121396585192,0.0152905198776758
"2019-04-01",3,"2019-07-01","2019-09-01",1886,45,0.0238600212089077,0.0241123476417594,-3.70062340992822,-3.80673473380674,0.106111323878526,-0.337459829206784,0.44357115308531,-0.181539291015407,0.625110444100716,0.379299877568343,0.245810566532374,-3.94643397646059,0.0189571684675405,0.0241123476417594,0.0217375941071289,0.0156087071675435,0.0130512544363023,0.0189571684675405,-0.00612888693958539,-0.00255745273124125,0.00590591403123823,0.00490285274136722,0.0238600212089077
"2019-04-01",4,"2019-08-01","2019-10-01",1824,55,0.0301535087719298,0.0304109589041096,-3.46206927903313,-3.80673473380674,0.344665454773612,-0.182480278425218,0.52714573319883,-0.181539291015407,0.708685024214237,0.331113081031449,0.377571943182788,-3.83964122221592,0.0210487386137559,0.0304109589041096,0.0217375941071289,0.0181776956171205,0.0152058216842299,0.0210487386137559,-0.00355989849000843,-0.0029718739328906,0.00584291692952594,0.00910477015817397,0.0301535087719298
"2019-04-01",5,"2019-09-01","2019-11-01",1740,41,0.0235632183908046,0.0238368753589891,-3.71239594189952,-3.80673473380674,0.0943387919072229,-0.110329660461367,0.20466845236859,-0.181539291015407,0.386207743383997,0.279939824453181,0.106267918930816,-3.81866386083033,0.0214853624094706,0.0238368753589891,0.0217375941071289,0.019511164970081,0.0163249068208068,0.0214853624094706,-0.00222642913704798,-0.00318625814927414,0.00516045558866382,0.00207785598133395,0.0235632183908046
"2019-04-01",6,"2019-10-01","2019-12-01",1669,44,0.0263630916716597,0.0266467065868263,-3.59808155057177,-3.80673473380674,0.208653183234976,-0.00462210480800024,0.213275288042976,-0.181539291015407,0.394814579058382,0.327238288421553,0.0675762906368292,-3.6656578412086,0.0249489560876903,0.0266467065868263,0.0217375941071289,0.0216395216911312,0.0181121141243674,0.0249489560876903,-9.8072415997727e-05,-0.00352740756676385,0.00683684196332294,0.00141413558396938,0.0263630916716597
"2019-04-01",7,"2019-11-01","2020-01-01",1611,39,0.0242085661080074,0.0245037220843672,-3.68412131666752,-3.80673473380674,0.122613417139222,0.0795860484344686,0.0430273687047531,-0.181539291015407,0.22456665972016,0.340221937540722,-0.115655277820563,-3.56846603884696,0.0274256974596974,0.0245037220843672,0.0217375941071289,0.0234959992497771,0.0196720564712839,0.0274256974596974,0.00175840514264819,-0.00382394277849324,0.00775364098841349,-0.00321713135168993,0.0242085661080074
"2019-04-01",8,"2019-12-01","2020-02-01",1563,38,0.0243122200895713,0.024616368286445,-3.67941926286299,-3.80673473380674,0.127315470943755,0.14017796756865,-0.012862496624895,-0.181539291015407,0.168676794390512,0.398743386412819,-0.230066592022307,-3.44935267084068,0.030788169960659,0.024616368286445,0.0217375941071289,0.0249270977186229,0.0208752245812962,0.030788169960659,0.00318950361149392,-0.00405187313732663,0.00991294537936279,-0.00647594987108769,0.0243122200895713
"2019-04-01",9,"2020-01-01","2020-03-01",1512,23,0.0152116402116402,0.0155320555188367,-4.14919535100322,-3.80673473380674,-0.342460617196482,0.188722894148899,-0.531183511345381,-0.181539291015407,-0.349644220329974,0.267163533020558,-0.616807753350533,-3.53238759765269,0.0284046210053218,0.0155320555188367,0.0217375941071289,0.026134629384257,0.02189087991538,0.0284046210053218,0.00439703527712805,-0.00424374946887699,0.00651374108994182,-0.0131929807936816,0.0152116402116402
"2019-04-01",10,"2020-02-01","2020-04-01",1476,18,0.0121951219512195,0.0125253893026405,-4.3673930572235,-3.80673473380674,-0.560658323416756,0.249100324734697,-0.809758648151453,-0.181539291015407,-0.628219357136046,0.020954849412792,-0.649174206548838,-3.71821885067466,0.0237017589782207,0.0125253893026405,0.0217375941071289,0.0277160988991316,0.0232216732512249,0.0237017589782207,0.00597850479200264,-0.00449442564790672,0.00048008572699584,-0.0115066370270012,0.0121951219512195
"2019-04-01",11,"2020-03-01","2020-05-01",1439,21,0.014593467685893,0.0149305555555556,-4.18930231911529,-3.80673473380674,-0.382567585308547,0.289264109856582,-0.671831695165129,-0.181539291015407,-0.490292404149723,-0.109104323685269,-0.381188080464454,-3.80811423865083,0.0217082781848009,0.0149305555555556,0.0217375941071289,0.0288192054610655,0.0241503438655459,0.0217082781848009,0.00708161135393656,-0.00466886159551964,-0.002442065680745,-0.00711481049890788,0.014593467685893
"2019-04-01",12,"2020-04-01","2020-06-01",1411,33,0.0233876683203402,0.0237252124645892,-3.71720579163283,-3.80673473380674,0.0895289421739105,0.294297372332265,-0.204768430158355,-0.181539291015407,-0.0232291391429482,-0.0839574631687652,0.0607283240258171,-3.77793411565865,0.0223585516038326,0.0237252124645892,0.0217375941071289,0.0289604143169464,0.0242692478225949,0.0223585516038326,0.00722282020981744,-0.00469116649435153,-0.00191069621876228,0.00102911671650762,0.0233876683203402
"2019-04-01",13,"2020-05-01","2020-07-01",1388,43,0.0309798270893372,0.031317494600432,-3.43176003207232,-3.80673473380674,0.374974701734419,0.303514845354915,0.0714598563795043,-0.181539291015407,0.252999147394911,0.147768516703317,0.105230630691594,-3.53699066276392,0.0282778619322637,0.031317494600432,0.0217375941071289,0.0292207539062206,0.0244884796886408,0.0282778619322637,0.0074831597990917,-0.00473227421757982,0.00378938224362292,0.00270196515707343,0.0309798270893372
"2019-04-01",14,"2020-06-01","2020-08-01",1340,43,0.032089552238806,0.0324384787472036,-3.39543367694541,-3.80673473380674,0.411301056861336,0.282992614882479,0.128308441978857,-0.181539291015407,0.309847732994264,0.304798858195984,0.00504887479827981,-3.40048255174369,0.0322803871688524,0.0324384787472036,0.0217375941071289,0.028644192466134,0.0240029831364672,0.0322803871688524,0.0069065983590051,-0.00464120932966683,0.00827740403238523,-0.000190834930046478,0.032089552238806
"2019-04-01",15,"2020-07-01","2020-09-01",1300,42,0.0323076923076923,0.0326671790930054,-3.388171738645,-3.80673473380674,0.418562995161742,0.290285959980498,0.128277035181244,-0.181539291015407,0.309816326196651,0.275080610897249,0.0347357152994013,-3.4229074539444,0.0315871698225855,0.0326671790930054,0.0217375941071289,0.0288478194500509,0.0241744376278857,0.0315871698225855,0.00711022534292199,-0.00467338182216522,0.00741273219469983,0.000720522485106768,0.0323076923076923
"2019-04-01",16,"2020-08-01","2020-10-01",1266,39,0.0308056872037915,0.0311760063141279,-3.4364341877616,-3.80673473380674,0.370300546045142,0.255943184868061,0.114357361177081,-0.181539291015407,0.295896652192488,0.214259832349531,0.0816368198429563,-3.51807100760456,0.028802406280591,0.0311760063141279,0.0217375941071289,0.02790109687394,0.0233773933611443,0.028802406280591,0.00616350276681102,-0.00452370351279568,0.00542501291944674,0.00200328092320045,0.0308056872037915
"2019-04-01",17,"2020-09-01","2020-11-01",1220,40,0.0327868852459016,0.0331695331695332,-3.37239138241307,-3.80673473380674,0.434343351393667,0.264080020949498,0.170263330444169,-0.181539291015407,0.351802621459575,0.143894773994937,0.207907847464639,-3.58029922987771,0.0271118233664465,0.0331695331695331,0.0217375941071289,0.028122639040942,0.0235638868074497,0.0271118233664465,0.00638504493381307,-0.00455875223349232,0.00354793655899683,0.00567506187945511,0.0327868852459016
"2019-04-01",18,"2020-10-01","2020-12-01",1177,41,0.0348343245539507,0.0352292020373514,-3.31001521605595,-3.80673473380674,0.496719517750796,0.253616829857505,0.243102687893291,-0.181539291015407,0.424641978908697,0.200544233240718,0.224097745667979,-3.53411296172392,0.0283570434797111,0.0352292020373514,0.0217375941071289,0.0278380692675519,0.0233243394535903,0.0283570434797111,0.00610047516042296,-0.00451372981396158,0.00503270402612082,0.00647728107423958,0.0348343245539507
"2019-04-01",19,"2020-11-01","2021-01-01",1147,39,0.034001743679163,0.0344076655052265,-3.33446235714929,-3.80673473380674,0.472272376657451,0.241048700025503,0.231223676631949,-0.181539291015407,0.412762967647355,0.302336275571726,0.110426692075629,-3.44488904922492,0.0309216449099429,0.0344076655052265,0.0217375941071289,0.0274999475031061,0.0230397422472832,0.0309216449099429,0.00576235339597715,-0.00446020525582289,0.00788190266265971,0.00308009876922011,0.034001743679163
"2019-04-01",20,"2020-12-01","2021-02-01",1107,34,0.030713640469738,0.0311371841155235,-3.43772029328152,-3.80673473380674,0.369014440525219,0.19016434378928,0.17885009673594,-0.181539291015407,0.360389387751346,0.160050155148238,0.200339232603109,-3.63805952588463,0.0256292019227617,0.0311371841155234,0.0217375941071289,0.0261713416691865,0.0219217650381399,0.0256292019227617,0.00443374756205756,-0.0042495766310466,0.0037074368846218,0.00508443854697633,0.030713640469738
"2019-04-01",21,"2021-01-01","2021-03-01",1069,24,0.0224508886810103,0.0228971962616822,-3.75357740131801,-3.80673473380674,0.0531573324887344,0.159736706239509,-0.106579373750775,-0.181539291015407,0.074959917264632,-0.0170523393881472,0.0920122566527792,-3.84558965797079,0.0209265155704316,0.0228971962616823,0.0217375941071289,0.0254069305137959,0.0212787631608165,0.0209265155704316,0.00366933640666691,-0.00412816735297935,-0.000352247590384873,0.00152437311057866,0.0224508886810103
"2019-04-01",22,"2021-02-01","2021-04-01",1042,18,0.017274472168906,0.0177372962607862,-4.01418923559468,-3.80673473380674,-0.207454501787934,0.116545108534489,-0.323999610322424,-0.181539291015407,-0.142460319307017,-0.271661745630415,0.129201426323398,-4.14339066191807,0.0156210639796223,0.0177372962607862,0.0217375941071289,0.0243590873272493,0.0203976122266376,0.0156210639796223,0.00262149322012033,-0.00396147510061163,-0.00477654824701536,0.00165340818928366,0.017274472168906
"2019-04-01",23,"2021-03-01","2021-05-01",996,15,0.0150602409638554,0.0155466399197593,-4.14824198979132,-3.80673473380674,-0.341507255984574,0.134096448024832,-0.475603704009406,-0.181539291015407,-0.294064412993999,-0.520233929176068,0.226169516182069,-4.37441150597338,0.0124388779295537,0.0155466399197593,0.0217375941071289,0.0247797081878399,0.0207512831924544,0.0124388779295537,0.00304211408071098,-0.00402842499538556,-0.00831240526290061,0.00262136303430167,0.0150602409638554
"2019-04-01",24,"2021-04-01","2021-06-01",964,14,0.0145228215767635,0.0150259067357513,-4.18283951250196,-3.80673473380674,-0.376104778695214,0.136933913842919,-0.513038692538133,-0.181539291015407,-0.331499401522726,-0.575798699208423,0.244299297685697,-4.42713881018765,0.0118075441503606,0.0150259067357513,0.0217375941071289,0.024848370001482,0.0208090208676577,0.0118075441503606,0.00311077589435308,-0.00403934913382432,-0.0090014767172971,0.00271527742640288,0.0145228215767635
"2019-04-01",25,"2021-05-01","2021-07-01",952,13,0.0136554621848739,0.0141657922350472,-4.24265813340914,-3.80673473380674,-0.435923399602395,0.153144376103385,-0.589067775705779,-0.181539291015407,-0.407528484690373,-0.604464695930074,0.196936211239701,-4.43959434464884,0.0116630916438196,0.0141657922350472,0.0217375941071289,0.025244204774237,0.0211419038507527,0.0116630916438196,0.00350661066710802,-0.00410230092348422,-0.00947881220693314,0.00199237054105434,0.0136554621848739
"2019-04-01",26,"2021-06-01","2021-08-01",924,11,0.0119047619047619,0.0124324324324324,-4.37493634044886,-3.80673473380674,-0.568201606642116,0.150824454081345,-0.719026060723462,-0.181539291015407,-0.537486769708055,-0.615056956882158,0.077570187174103,-4.45250652762296,0.0115151867536716,0.0124324324324324,0.0217375941071289,0.0251871814349458,0.0210939465393263,0.0115151867536716,0.00344958732781681,-0.00409323489561949,-0.00957875978565466,0.000389575151090308,0.0119047619047619
"2019-04-01",27,"2021-07-01","2021-09-01",895,11,0.0122905027932961,0.0128348214285714,-4.34267547823064,-3.80673473380674,-0.535940744423894,0.182987039848669,-0.718927784272563,-0.181539291015407,-0.537388493257157,-0.598645632595379,0.061257139338222,-4.40393261756886,0.0120814072602073,0.0128348214285714,0.0217375941071289,0.0259890387722965,0.0217684019150805,0.0120814072602073,0.00425144466516755,-0.00422063685721594,-0.00968699465487329,0.000209095533088833,0.0122905027932961
"2019-04-01",28,"2021-08-01","2021-10-01",852,10,0.0117370892018779,0.0123094958968347,-4.38499840506304,-3.80673473380674,-0.578263671256298,0.161161887237147,-0.739425558493445,-0.181539291015407,-0.557886267478039,-0.603066826573219,0.0451805590951799,-4.43017896415822,0.0117721238480098,0.0123094958968347,0.0217375941071289,0.0254422438960924,0.0213084642070025,0.0117721238480098,0.00370464978896346,-0.00413377968908988,-0.00953634035899275,-3.50346461318405e-05,0.0117370892018779
"2019-04-01",29,"2021-09-01","2021-11-01",832,7,0.00841346153846154,0.00900360144057623,-4.70108624281792,-3.80673473380674,-0.894351509011177,0.142171123824215,-1.03652263283539,-0.181539291015407,-0.854983341819985,-0.597629828619684,-0.257353513200302,-4.44373272961762,0.0116154844941646,0.00900360144057622,0.0217375941071289,0.024975588751243,0.0209160025263234,0.0116154844941646,0.00323799464411409,-0.00405958622491963,-0.00930051803215884,-0.00320202295570303,0.00841346153846154
"2019-04-01",30,"2021-10-01","2021-12-01",816,8,0.00980392156862745,0.0104039167686659,-4.55511451552089,-3.80673473380674,-0.748379781714149,0.125435575789942,-0.873815357504091,-0.181539291015407,-0.692276066488685,-0.643647475931096,-0.0486285905575892,-4.5064859249633,0.0109166881525332,0.0104039167686659,0.0217375941071289,0.0245712715617039,0.0205760170628225,0.0109166881525332,0.00283367745457492,-0.00399525449888134,-0.00965932891028933,-0.00111276658390574,0.00980392156862745
"2019-04-01",31,"2021-11-01","2022-01-01",806,8,0.00992555831265509,0.0105328376703841,-4.5426688041588,-3.80673473380674,-0.735934070352055,0.116476719657313,-0.852410790009369,-0.181539291015407,-0.670871498993962,-0.663257137665227,-0.0076143613287345,-4.53505444283006,0.0106124902385514,0.0105328376703841,0.0217375941071289,0.0243574620690612,0.0203962457557134,0.0106124902385514,0.00261986796193227,-0.00396121631334777,-0.00978375551716204,-0.000686931925896316,0.00992555831265509
"2019-04-01",32,"2021-12-01","2022-02-01",783,9,0.0114942528735632,0.0121173469387755,-4.40092586125043,-3.80673473380674,-0.594191127443687,0.132416258675008,-0.726607386118695,-0.181539291015407,-0.545068095103288,-0.571170004196953,0.0261019090936642,-4.42702777034409,0.0118088398474889,0.0121173469387755,0.0217375941071289,0.0247391376828066,0.0207171681019151,0.0118088398474889,0.00300154357567763,-0.00402196958089147,-0.00890832825442624,-0.000314586973925645,0.0114942528735632
"2019-04-01",33,"2022-01-01","2022-03-01",764,6,0.00785340314136126,0.00849673202614379,-4.759540621887,-3.80673473380674,-0.952805888080254,0.139526428591446,-1.0923323166717,-0.181539291015407,-0.910793025656293,-0.575151865655676,-0.335641160000618,-4.42389946188638,0.0118454011095175,0.00849673202614378,0.0217375941071289,0.0249112664840387,0.0208619116395738,0.0118454011095175,0.0031736723769098,-0.00404935484446493,-0.00901651053005631,-0.00399199796815625,0.00785340314136126
"2019-04-01",34,"2022-02-01","2022-04-01",757,7,0.00924702774108322,0.00989445910290238,-4.60583663053125,-3.80673473380674,-0.799101896724511,0.131428628410337,-0.930530525134848,-0.181539291015407,-0.748991234119441,-0.323592955257691,-0.42539827886175,-4.1804383516695,0.0150614856400593,0.00989445910290237,0.0217375941071289,0.0247153201974912,0.0206971405733934,0.0150614856400593,0.00297772609036222,-0.0040181796240978,-0.00563565493333409,-0.00581445789897606,0.00924702774108322
"2019-05-01",1,"2019-06-01","2019-08-01",2003,12,0.00599101347978033,0.0062375249500998,-5.07091475831344,-3.80673473380674,-1.2641800245067,-1.7073653881347,0.443185363627997,-0.187160653650995,0.630346017278991,0.311937835130062,0.31840818214893,-5.38932294046237,0.00454431801064803,0.0062375249500998,0.0217375941071289,0.00401337969127483,0.00333061950764935,0.00454431801064803,-0.0177242144158541,-0.000682760183625484,0.00121369850299868,0.0014466954691323,0.00599101347978033
"2019-05-01",2,"2019-07-01","2019-09-01",1959,32,0.0163348647269015,0.0165816326530612,-4.08273901610179,-3.80673473380674,-0.276004282295052,-0.802500335743768,0.526496053448716,-0.187160653650995,0.713656707099711,0.379299877568343,0.334356829531368,-4.41709584563316,0.0119253030972249,0.0165816326530612,0.0217375941071289,0.00986122148763851,0.00819180296290316,0.0119253030972249,-0.0118763726194904,-0.00166941852473535,0.00373350013432176,0.00440956162967657,0.0163348647269015
"2019-05-01",3,"2019-08-01","2019-10-01",1902,40,0.0210304942166141,0.0212821860220704,-3.82837297614122,-3.80673473380674,-0.0216382423344799,-0.337459829206784,0.315821586872304,-0.187160653650995,0.502982240523299,0.331113081031449,0.171869159491849,-4.00024213563307,0.017981933690657,0.0212821860220704,0.0217375941071289,0.0156087071675435,0.0129790439714095,0.017981933690657,-0.00612888693958539,-0.00262966319613403,0.00500288971924749,0.00304856052595708,0.0210304942166141
"2019-05-01",4,"2019-09-01","2019-11-01",1840,38,0.0206521739130435,0.0209125475285171,-3.84627162786537,-3.80673473380674,-0.0395368940586245,-0.182480278425218,0.142943384366594,-0.187160653650995,0.330104038017588,0.279939824453181,0.050164213564407,-3.89643584142977,0.0199097354886744,0.0209125475285171,0.0217375941071289,0.0181776956171205,0.0151218729993933,0.0199097354886744,-0.00355989849000843,-0.00305582261772722,0.00478786248928114,0.000742438424369045,0.0206521739130435
"2019-05-01",5,"2019-10-01","2019-12-01",1766,33,0.0186862967157418,0.0189586870401811,-3.94635232629406,-3.80673473380674,-0.139617592487316,-0.110329660461367,-0.0292879320259485,-0.187160653650995,0.157872721625046,0.327238288421553,-0.169365566796507,-3.77698675949755,0.0223792689004834,0.0189586870401811,0.0217375941071289,0.019511164970081,0.0162348817147394,0.0223792689004834,-0.00222642913704798,-0.00327628325534158,0.00614438718574401,-0.00369297218474161,0.0186862967157418
"2019-05-01",6,"2019-11-01","2020-01-01",1716,35,0.0203962703962704,0.0206755969714619,-3.85790883469895,-3.80673473380674,-0.0511741008922129,-0.00462210480800024,-0.0465519960842126,-0.187160653650995,0.140608657566782,0.340221937540722,-0.19961327997394,-3.65829555472501,0.02512868256633,0.0206755969714619,0.0217375941071289,0.0216395216911312,0.0180124137808266,0.02512868256633,-9.8072415997727e-05,-0.00362710791030459,0.00711626878550337,-0.0047324121700596,0.0203962703962704
"2019-05-01",7,"2019-12-01","2020-02-01",1650,35,0.0212121212121212,0.0215021199273168,-3.81786708878318,-3.80673473380674,-0.0111323549764415,0.0795860484344686,-0.09071840341091,-0.187160653650995,0.0964422502400846,0.398743386412819,-0.302301136172734,-3.51556595261045,0.0288725625263057,0.0215021199273168,0.0217375941071289,0.0234959992497771,0.0195639403269459,0.0288725625263057,0.00175840514264819,-0.00393205892283126,0.00930862219935981,-0.00766044131418446,0.0212121212121212
"2019-05-01",8,"2020-01-01","2020-03-01",1590,32,0.020125786163522,0.0204274041483344,-3.8702390098717,-3.80673473380674,-0.0635042760649589,0.14017796756865,-0.203682243633609,-0.187160653650995,-0.0165215899826147,0.267163533020558,-0.283685123003173,-3.58655388686853,0.026947332761444,0.0204274041483344,0.0217375941071289,0.0249270977186229,0.020760635950351,0.026947332761444,0.00318950361149392,-0.0041664617682719,0.006186696811093,-0.00682154659792196,0.020125786163522
"2019-05-01",9,"2020-02-01","2020-04-01",1553,31,0.0199613650998068,0.0202702702702703,-3.87812145375246,-3.80673473380674,-0.0713867199457234,0.188722894148899,-0.260109614094622,-0.187160653650995,-0.0729489604436276,0.020954849412792,-0.0939038098564196,-3.78421764389605,0.022221613618504,0.0202702702702703,0.0217375941071289,0.026134629384257,0.0217708400957482,0.022221613618504,0.00439703527712805,-0.0043637892885088,0.000450773522755771,-0.00226024851869714,0.0199613650998068
"2019-05-01",10,"2020-03-01","2020-05-01",1526,29,0.0190039318479685,0.0193189259986902,-3.92716206664383,-3.80673473380674,-0.120427332837089,0.249100324734697,-0.369527657571787,-0.187160653650995,-0.182367003920792,-0.109104323685269,-0.0732626802355228,-3.85389938640831,0.0207569369605713,0.0193189259986902,0.0217375941071289,0.0277160988991316,0.0230945082581423,0.0207569369605713,0.00597850479200264,-0.00462159064098927,-0.00233757129757097,-0.00175300511260279,0.0190039318479685
"2019-05-01",11,"2020-04-01","2020-06-01",1493,32,0.0214333556597455,0.0217536813922356,-3.80597849521561,-3.80673473380674,0.000756238591132607,0.289264109856582,-0.288507871265449,-0.187160653650995,-0.101347217614455,-0.0839574631687652,-0.0173897544456896,-3.78858874076992,0.0221268373240052,0.0217536813922356,0.0217375941071289,0.0288192054610655,0.0240182183968826,0.0221268373240052,0.00708161135393656,-0.00480098706418289,-0.00189138107287741,-0.000693481664259723,0.0214333556597455
"2019-05-01",12,"2020-05-01","2020-07-01",1446,35,0.0242047026279391,0.0245335176226676,-3.68287555121217,-3.80673473380674,0.123859182594567,0.294297372332265,-0.170438189737698,-0.187160653650995,0.0167224639132967,0.147768516703317,-0.13104605279002,-3.55182949842215,0.0278729587492623,0.0245335176226676,0.0217375941071289,0.0289604143169464,0.0241364879254162,0.0278729587492623,0.00722282020981744,-0.00482392639153022,0.00373647082384619,-0.00366825612132321,0.0242047026279391
"2019-05-01",13,"2020-06-01","2020-08-01",1402,42,0.0299572039942939,0.0302922309337135,-3.46610348229293,-3.80673473380674,0.340631251513811,0.303514845354915,0.0371164061588966,-0.187160653650995,0.224277059809891,0.304798858195984,-0.0805217983860926,-3.38558168390684,0.0327491240539083,0.0302922309337135,0.0217375941071289,0.0292207539062206,0.0243545504628889,0.0327491240539083,0.0074831597990917,-0.00486620344333172,0.00839457359101934,-0.00279192005961439,0.0299572039942939
"2019-05-01",14,"2020-07-01","2020-09-01",1353,36,0.0266075388026608,0.0269571639586411,-3.58617901982707,-3.80673473380674,0.22055571397967,0.282992614882479,-0.0624369009028093,-0.187160653650995,0.124723752748185,0.275080610897249,-0.150356858149064,-3.43582216167801,0.0311944972935663,0.0269571639586411,0.0217375941071289,0.028644192466134,0.0238716441501664,0.0311944972935663,0.0069065983590051,-0.00477254831596767,0.00732285314339992,-0.00458695849090554,0.0266075388026608
"2019-05-01",15,"2020-08-01","2020-10-01",1316,32,0.0243161094224924,0.0246772968868641,-3.67688472721425,-3.80673473380674,0.129850006592495,0.290285959980498,-0.160435953388003,-0.187160653650995,0.0267247002629917,0.214259832349531,-0.187535132086539,-3.48934959512771,0.0296167908611324,0.0246772968868641,0.0217375941071289,0.0288478194500509,0.0240421835908812,0.0296167908611324,0.00711022534292199,-0.00480563585916971,0.00557460727025118,-0.00530068143864001,0.0243161094224924
"2019-05-01",16,"2020-09-01","2020-11-01",1264,27,0.0213607594936709,0.0217391304347826,-3.80666248977032,-3.80673473380674,7.2244036421143e-05,0.255943184868061,-0.25587094083164,-0.187160653650995,-0.0687102871806452,0.143894773994937,-0.212605061175582,-3.59405742859474,0.0267512779184333,0.0217391304347826,0.0217375941071289,0.02790109687394,0.0232493959210025,0.0267512779184333,0.00616350276681102,-0.00465170095293748,0.00350188199743079,-0.00539051842476238,0.0213607594936709
"2019-05-01",17,"2020-10-01","2020-12-01",1217,27,0.0221857025472473,0.0225779967159278,-3.76794266125439,-3.80673473380674,0.0387920725523494,0.264080020949498,-0.225287948397149,-0.187160653650995,-0.0381272947461541,0.200544233240718,-0.238671527986872,-3.52927113326752,0.0284907550839105,0.0225779967159278,0.0217375941071289,0.028122639040942,0.023434892768331,0.0284907550839105,0.00638504493381307,-0.00468774627261101,0.00505586231557952,-0.00630505253666318,0.0221857025472473
"2019-05-01",18,"2020-11-01","2021-01-01",1185,37,0.0312236286919831,0.0316188870151771,-3.42187108915279,-3.80673473380674,0.384863644653954,0.253616829857505,0.131246814796448,-0.187160653650995,0.318407468447443,0.302336275571726,0.0160711928757166,-3.4379422820285,0.0311304879314886,0.0316188870151771,0.0217375941071289,0.0278380692675519,0.0231966255981414,0.0311304879314886,0.00610047516042296,-0.00464144366941045,0.00793386233334718,9.31407604944992e-05,0.0312236286919831
"2019-05-01",19,"2020-12-01","2021-02-01",1154,40,0.0346620450606586,0.0350649350649351,-3.31485917871343,-3.80673473380674,0.491875555093311,0.241048700025503,0.250826855067809,-0.187160653650995,0.437987508718803,0.160050155148238,0.277937353570565,-3.592796532284,0.02678412576628,0.0350649350649351,0.0217375941071289,0.0274999475031061,0.0229135501617545,0.02678412576628,0.00576235339597715,-0.00458639734135161,0.00387057560452553,0.00787791929437856,0.0346620450606586
"2019-05-01",20,"2021-01-01","2021-03-01",1110,36,0.0324324324324324,0.0328532853285329,-3.38229845549412,-3.80673473380674,0.424436278312622,0.19016434378928,0.234271934523342,-0.187160653650995,0.421432588174337,-0.0170523393881472,0.438484927562484,-3.8207833830566,0.0214408472867454,0.0328532853285328,0.0217375941071289,0.0261713416691865,0.0218015596332275,0.0214408472867454,0.00443374756205756,-0.00436978203595901,-0.000360712346482068,0.010991585145687,0.0324324324324324
"2019-05-01",21,"2021-02-01","2021-04-01",1059,23,0.0217186024551464,0.0221698113207547,-3.78660451072572,-3.80673473380674,0.0201302230810203,0.159736706239509,-0.139606483158489,-0.187160653650995,0.0475541704925058,-0.271661745630415,0.319215916122921,-4.10582042684864,0.0162094210783922,0.0221698113207547,0.0217375941071289,0.0254069305137959,0.0211620072947728,0.0162094210783922,0.00366933640666691,-0.00424492321902309,-0.00495258621638061,0.00550918137675421,0.0217186024551464
"2019-05-01",22,"2021-03-01","2021-05-01",1011,14,0.0138476755687438,0.0143280632411067,-4.23110349933749,-3.80673473380674,-0.424368765530748,0.116545108534489,-0.540913874065238,-0.187160653650995,-0.353753220414243,-0.520233929176068,0.166480708761825,-4.39758420809931,0.0121574135387812,0.0143280632411067,0.0217375941071289,0.0243590873272493,0.0202855909964235,0.0121574135387812,0.00262149322012033,-0.00407349633082573,-0.00812817745764233,0.00169026202996261,0.0138476755687438
"2019-05-01",23,"2021-04-01","2021-06-01",978,13,0.0132924335378323,0.0137895812053115,-4.26995641642419,-3.80673473380674,-0.463221682617444,0.134096448024832,-0.597318130642276,-0.187160653650995,-0.410157476991281,-0.575798699208423,0.165641222217142,-4.43559763864133,0.0117092519609541,0.0137895812053115,0.0217375941071289,0.0247797081878399,0.0206373605628561,0.0117092519609541,0.00304211408071098,-0.00414234762498378,-0.00892810860190206,0.00158318157687823,0.0132924335378323
"2019-05-01",24,"2021-05-01","2021-07-01",950,10,0.0105263157894737,0.0110410094637224,-4.49503639157761,-3.80673473380674,-0.688301657770866,0.136933913842919,-0.825235571613785,-0.187160653650995,-0.638074917962791,-0.604464695930074,-0.0336102220327171,-4.46142616954489,0.0114140992709081,0.0110410094637224,0.0217375941071289,0.024848370001482,0.0206947879622786,0.0114140992709081,0.00311077589435308,-0.00415358203920338,-0.00928068869137058,-0.00088778348143438,0.0105263157894737
"2019-05-01",25,"2021-06-01","2021-08-01",933,10,0.0107181136120043,0.0112419700214133,-4.47679554247582,-3.80673473380674,-0.670060808669076,0.153144376103385,-0.823205184772461,-0.187160653650995,-0.636044531121466,-0.615056956882158,-0.020987574239308,-4.45580796823651,0.0114776683580402,0.0112419700214133,0.0217375941071289,0.025244204774237,0.0210258827946849,0.0114776683580402,0.00350661066710802,-0.00421832197955206,-0.00954821443664467,-0.000759554746035951,0.0107181136120043
"2019-05-01",26,"2021-07-01","2021-09-01",905,8,0.00883977900552486,0.00938189845474614,-4.65954695686616,-3.80673473380674,-0.852812223059422,0.150824454081345,-1.00363667714077,-0.187160653650995,-0.816476023489772,-0.598645632595379,-0.217830390894394,-4.44171656597177,0.0116386539982872,0.00938189845474614,0.0217375941071289,0.0251871814349458,0.0209781830198108,0.0116386539982872,0.00344958732781681,-0.00420899841513495,-0.00933952902152359,-0.00279887499276235,0.00883977900552486
"2019-05-01",27,"2021-08-01","2021-10-01",860,12,0.013953488372093,0.0145180023228804,-4.21774144036603,-3.80673473380674,-0.411006706559284,0.182987039848669,-0.593993746407953,-0.187160653650995,-0.406833092756959,-0.603066826573219,0.19623373381626,-4.41397517418229,0.0119621303129603,0.0145180023228804,0.0217375941071289,0.0259890387722965,0.0216490188449511,0.0119621303129603,0.00425144466516755,-0.00434001992734543,-0.00968688853199072,0.00199135805913268,0.013953488372093
"2019-05-01",28,"2021-09-01","2021-11-01",843,10,0.0118623962040332,0.0124407582938389,-4.37425844502737,-3.80673473380674,-0.56752371122063,0.161161887237147,-0.728685598457777,-0.187160653650995,-0.541524944806782,-0.597629828619684,0.0561048838129019,-4.43036332884027,0.0117699792269794,0.0124407582938389,0.0217375941071289,0.0254422438960924,0.0211915489009491,0.0117699792269794,0.00370464978896346,-0.00425069499514327,-0.00942156967396975,9.24169770538299e-05,0.0118623962040332
"2019-05-01",29,"2021-10-01","2021-12-01",835,10,0.0119760479041916,0.0125598086124402,-4.3646140061967,-3.80673473380674,-0.557879272389964,0.142171123824215,-0.700050396214179,-0.187160653650995,-0.512889742563184,-0.643647475931096,0.130757733367911,-4.49537173956462,0.0110373483639983,0.0125598086124402,0.0217375941071289,0.024975588751243,0.0208011948117901,0.0110373483639983,0.00323799464411409,-0.00417439393945294,-0.00976384644779178,0.000938699540193306,0.0119760479041916
"2019-05-01",30,"2021-11-01","2022-01-01",813,5,0.00615006150061501,0.00675675675675676,-4.99043258677874,-3.80673473380674,-1.18369785297199,0.125435575789942,-1.30913342876194,-0.187160653650995,-1.12197277511094,-0.663257137665227,-0.458715637445715,-4.53171694933302,0.0106475907687591,0.00675675675675676,0.0217375941071289,0.0245712715617039,0.0204630365214327,0.0106475907687591,0.00283367745457492,-0.00410823504027118,-0.0098154457526736,-0.00449752926814408,0.00615006150061501
"2019-05-01",31,"2021-12-01","2022-02-01",797,7,0.00878293601003764,0.0093984962406015,-4.65776263610726,-3.80673473380674,-0.851027902300521,0.116476719657313,-0.967504621957834,-0.187160653650995,-0.78034396830684,-0.571170004196953,-0.209173964109887,-4.44858867199738,0.0115598675405924,0.0093984962406015,0.0217375941071289,0.0243574620690612,0.0202842318746006,0.0115598675405924,0.00261986796193227,-0.00407323019446064,-0.00872436433400818,-0.00277693153055476,0.00878293601003764
"2019-05-01",32,"2022-01-01","2022-03-01",776,8,0.0103092783505155,0.0109395109395109,-4.50437439948238,-3.80673473380674,-0.697639665675639,0.132416258675008,-0.830055924350647,-0.187160653650995,-0.642895270699652,-0.575151865655676,-0.0677434050439762,-4.4366309944384,0.0116972998492787,0.0109395109395109,0.0217375941071289,0.0247391376828066,0.0206034288204544,0.0116972998492787,0.00300154357567763,-0.00413570886235215,-0.00890612897117575,-0.00138802149876321,0.0103092783505155
"2019-05-01",33,"2022-02-01","2022-04-01",769,12,0.0156046814044213,0.0162337662337662,-4.10429489307527,-3.80673473380674,-0.297560159268528,0.139526428591446,-0.437086587859974,-0.187160653650995,-0.249925934208979,-0.323592955257691,0.0736670210487121,-4.17796191412398,0.0150982668453048,0.0162337662337662,0.0217375941071289,0.0249112664840387,0.0207473945377548,0.0150982668453048,0.0031736723769098,-0.0041638719462839,-0.00564912769245002,0.000506414559116508,0.0156046814044213
"2019-05-01",34,"2022-03-01","2022-05-01",740,15,0.0202702702702703,0.0209176788124157,-3.84602104839904,-3.80673473380674,-0.0392863145923004,0.131428628410337,-0.170714943002637,-0.187160653650995,0.0164457106483576,-0.0272117273172376,0.0436574379655952,-3.88967848636464,0.0200420226964153,0.0209176788124157,0.0217375941071289,0.0247153201974912,0.0205835089339254,0.0200420226964153,0.00297772609036222,-0.00413181126356576,-0.00054148623751013,0.000228247573854996,0.0202702702702703
"2019-06-01",1,"2019-07-01","2019-09-01",1852,20,0.0107991360691145,0.0110631408526713,-4.49301154761644,-3.80673473380674,-0.686276813809703,-1.7073653881347,1.021088574325,-0.17873367045125,1.19982224477625,0.379299877568343,0.820522367207904,-5.31353391482435,0.0049003613957004,0.0110631408526713,0.0217375941071289,0.00401337969127483,0.00335871050806304,0.0049003613957004,-0.0177242144158541,-0.000654669183211787,0.00154165088763736,0.00589877467341407,0.0107991360691145
"2019-06-01",2,"2019-08-01","2019-10-01",1796,31,0.017260579064588,0.0175292153589316,-4.02620166953685,-3.80673473380674,-0.219466935730113,-0.802500335743768,0.583033400013655,-0.17873367045125,0.761767070464905,0.331113081031449,0.430653989433456,-4.45685565897031,0.0114657874127508,0.0175292153589315,0.0217375941071289,0.00986122148763851,0.00826055418055499,0.0114657874127508,-0.0118763726194904,-0.00160066730708351,0.00320523323219586,0.00579479165183712,0.017260579064588
"2019-06-01",3,"2019-09-01","2019-11-01",1750,46,0.0262857142857143,0.0265562535693889,-3.60157477898465,-3.80673473380674,0.205159954822094,-0.337459829206784,0.542619784028878,-0.17873367045125,0.721353454480128,0.279939824453181,0.441413630026947,-4.04298840901159,0.0172424444297377,0.0265562535693889,0.0217375941071289,0.0156087071675435,0.0130874428246778,0.0172424444297377,-0.00612888693958539,-0.00252126434286572,0.00415500160505986,0.0090432698559766,0.0262857142857143
"2019-06-01",4,"2019-10-01","2019-12-01",1665,42,0.0252252252252252,0.0255102040816327,-3.64283551561253,-3.80673473380674,0.163899218194212,-0.182480278425218,0.34637949661943,-0.17873367045125,0.52511316707068,0.327238288421553,0.197874878649127,-3.84071039426166,0.0210267188648616,0.0255102040816327,0.0217375941071289,0.0181776956171205,0.0152478919372312,0.0210267188648616,-0.00355989849000843,-0.00292980367988932,0.0057788269276304,0.00419850636036362,0.0252252252252252
"2019-06-01",5,"2019-11-01","2020-01-01",1608,42,0.0261194029850746,0.026413921690491,-3.60709503446188,-3.80673473380674,0.199639699344866,-0.110329660461367,0.309969359806233,-0.17873367045125,0.488703030257484,0.340221937540722,0.148481092716761,-3.75557612717864,0.0228525215551341,0.026413921690491,0.0217375941071289,0.019511164970081,0.0163700218017969,0.0228525215551341,-0.00222642913704798,-0.0031411431682841,0.00648249975333727,0.0032668814299405,0.0261194029850746
"2019-06-01",6,"2019-12-01","2020-02-01",1557,40,0.0256904303147078,0.02599486521181,-3.62351754882116,-3.80673473380674,0.183217184985581,-0.00462210480800024,0.187839289793582,-0.17873367045125,0.366572960244832,0.398743386412819,-0.0321704261679863,-3.59134712265317,0.0268219330698159,0.02599486521181,0.0217375941071289,0.0216395216911312,0.0181620769808345,0.0268219330698159,-9.8072415997727e-05,-0.00347744471029669,0.00865985608898135,-0.0011315027551081,0.0256904303147078
"2019-06-01",7,"2020-01-01","2020-03-01",1501,31,0.0206528980679547,0.0209720372836218,-3.84337021216246,-3.80673473380674,-0.0366354783557212,0.0795860484344686,-0.11622152679019,-0.17873367045125,0.0625121436610607,0.267163533020558,-0.204651389359498,-3.63871882280296,0.025612742880227,0.0209720372836218,0.0217375941071289,0.0234959992497771,0.0197262360287065,0.025612742880227,0.00175840514264819,-0.00376976322107058,0.00588650685152049,-0.00495984481227233,0.0206528980679547
"2019-06-01",8,"2020-02-01","2020-04-01",1465,26,0.0177474402730375,0.0180763983628922,-3.99490637706005,-3.80673473380674,-0.188171643253313,0.14017796756865,-0.328349610821963,-0.17873367045125,-0.149615940370713,0.020954849412792,-0.170570789783505,-3.82433558727655,0.0213664445604901,0.0180763983628922,0.0217375941071289,0.0249270977186229,0.0209326470734353,0.0213664445604901,0.00318950361149392,-0.00399445064518759,0.000433797487054795,-0.00361900428745253,0.0177474402730375
"2019-06-01",9,"2020-03-01","2020-05-01",1429,27,0.0188943317004899,0.0192307692307692,-3.93182563272433,-3.80673473380674,-0.125090898917585,0.188722894148899,-0.313813793066483,-0.17873367045125,-0.135080122615233,-0.109104323685269,-0.0259757989299637,-3.90584983379436,0.0197268649206381,0.0192307692307692,0.0217375941071289,0.026134629384257,0.0219510335852984,0.0197268649206381,0.00439703527712805,-0.00418359579895855,-0.00222416866466031,-0.000832533220148274,0.0188943317004899
"2019-06-01",10,"2020-04-01","2020-06-01",1387,32,0.023071377072819,0.0234149855907781,-3.73068557960303,-3.80673473380674,0.0760491542037127,0.249100324734697,-0.173051170530985,-0.17873367045125,0.00568249992026593,-0.0839574631687652,0.0896399630890312,-3.82032554269206,0.0214504554033263,0.0234149855907781,0.0217375941071289,0.0277160988991316,0.0232853967337561,0.0214504554033263,0.00597850479200264,-0.00443070216537544,-0.00183494133042982,0.00162092166949271,0.023071377072819
"2019-06-01",11,"2020-05-01","2020-07-01",1360,36,0.0264705882352941,0.0268185157972079,-3.59147804812368,-3.80673473380674,0.215256685683063,0.289264109856582,-0.0740074241735192,-0.17873367045125,0.104726246277731,0.147768516703317,-0.0430422704255854,-3.54843577769809,0.0279650626859003,0.026818515797208,0.0217375941071289,0.0288192054610655,0.0242165525680241,0.0279650626859003,0.00708161135393656,-0.00460265289304142,0.00374851011787618,-0.00149447445060615,0.0264705882352941
"2019-06-01",12,"2020-06-01","2020-08-01",1315,39,0.0296577946768061,0.0300151975683891,-3.47557656477446,-3.80673473380674,0.331158169032279,0.294297372332265,0.0368607967000139,-0.17873367045125,0.215594467151264,0.304798858195984,-0.0892043910447195,-3.38637217372974,0.0327240932556275,0.0300151975683891,0.0217375941071289,0.0289604143169464,0.0243357743736572,0.0327240932556275,0.00722282020981744,-0.00462463994328918,0.00838831888197028,-0.0030662985788214,0.0296577946768061
"2019-06-01",13,"2020-07-01","2020-09-01",1271,42,0.033044846577498,0.0334119496855346,-3.36485878572588,-3.80673473380674,0.441875948080865,0.303514845354915,0.13836110272595,-0.17873367045125,0.317094773177201,0.275080610897249,0.0420141622799516,-3.40687294800583,0.0320813572064538,0.0334119496855346,0.0217375941071289,0.0292207539062206,0.0245555920714195,0.0320813572064538,0.0074831597990917,-0.00466516183480119,0.00752576513503433,0.000963489371044249,0.033044846577498
"2019-06-01",14,"2020-08-01","2020-10-01",1228,44,0.0358306188925081,0.0362082994304312,-3.28158683442665,-3.80673473380674,0.525147899380096,0.282992614882479,0.242155284497617,-0.17873367045125,0.420888954948867,0.214259832349531,0.206629122599336,-3.48821595702598,0.0296493885872283,0.0362082994304313,0.0217375941071289,0.028644192466134,0.0240687978105025,0.0296493885872283,0.0069065983590051,-0.0045753946556315,0.0055805907767258,0.00618123030527981,0.0358306188925081
"2019-06-01",15,"2020-09-01","2020-11-01",1184,41,0.0346283783783784,0.0350210970464135,-3.31615558622618,-3.80673473380674,0.490579147580558,0.290285959980498,0.20029318760006,-0.17873367045125,0.379026858051311,0.143894773994937,0.235132084056374,-3.55128767028256,0.0278876439116509,0.0350210970464135,0.0217375941071289,0.0288478194500509,0.0242407107431349,0.0278876439116509,0.00711022534292199,-0.00460710870691599,0.00364693316851601,0.00674073446672743,0.0346283783783784
"2019-06-01",16,"2020-10-01","2020-12-01",1137,45,0.0395778364116095,0.0399824253075571,-3.17851160101284,-3.80673473380674,0.628223132793901,0.255943184868061,0.37227994792584,-0.17873367045125,0.551013618377091,0.200544233240718,0.350469385136372,-3.52898098614921,0.0284987871740611,0.0399824253075571,0.0217375941071289,0.02790109687394,0.0234415339060714,0.0284987871740611,0.00616350276681102,-0.00445956296786859,0.00505725326798969,0.0110790492375484,0.0395778364116095
"2019-06-01",17,"2020-11-01","2021-01-01",1091,42,0.0384967919340055,0.0389194139194139,-3.20656506333032,-3.80673473380674,0.600169670476425,0.264080020949498,0.336089649526927,-0.17873367045125,0.514823319978177,0.302336275571726,0.212487044406451,-3.41905210773677,0.0317053158418039,0.0389194139194139,0.0217375941071289,0.028122639040942,0.023628526654675,0.0317053158418039,0.00638504493381307,-0.00449411238626699,0.00807678918712885,0.00679147609220163,0.0384967919340055
"2019-06-01",18,"2020-12-01","2021-02-01",1056,38,0.0359848484848485,0.0364238410596026,-3.27542799437312,-3.80673473380674,0.531306739433619,0.253616829857505,0.277689909576114,-0.17873367045125,0.456423580027364,0.160050155148238,0.296373424879127,-3.57180141925225,0.0273368711867939,0.0364238410596026,0.0217375941071289,0.0278380692675519,0.0233883379205253,0.0273368711867939,0.00610047516042296,-0.00444973134702658,0.00394853326626863,0.00864797729805454,0.0359848484848485
"2019-06-01",19,"2021-01-01","2021-03-01",1014,28,0.0276134122287968,0.0280788177339901,-3.54425923818807,-3.80673473380674,0.262475495618676,0.241048700025503,0.0214267955931735,-0.17873367045125,0.200160466044424,-0.0170523393881472,0.217212805432571,-3.76147204362064,0.0227212337895454,0.0280788177339902,0.0217375941071289,0.0274999475031061,0.0231029782942082,0.0227212337895454,0.00576235339597715,-0.00439696920889793,-0.000381744504662791,0.00489217843925147,0.0276134122287968
"2019-06-01",20,"2021-02-01","2021-04-01",988,22,0.0222672064777328,0.0227502527805865,-3.76016598943801,-3.80673473380674,0.0465687443687299,0.19016434378928,-0.14359559942055,-0.17873367045125,0.0351380710307007,-0.271661745630415,0.306799816661116,-4.06696580609913,0.0168408122608577,0.0227502527805864,0.0217375941071289,0.0261713416691865,0.0219820016695533,0.0168408122608577,0.00443374756205756,-0.00418933999963319,-0.00514118940869565,0.00542639421687514,0.0222672064777328
"2019-06-01",21,"2021-03-01","2021-05-01",954,12,0.0125786163522013,0.0130890052356021,-4.32280727501391,-3.80673473380674,-0.516072541207169,0.159736706239509,-0.675809247446678,-0.17873367045125,-0.497075576995428,-0.520233929176068,0.0231583521806403,-4.34596562719455,0.0127932016966405,0.0130890052356021,0.0217375941071289,0.0254069305137959,0.0213372714960359,0.0127932016966405,0.00366933640666691,-0.00406965901775997,-0.00854406979939535,-0.000214585344439275,0.0125786163522013
"2019-06-01",22,"2021-04-01","2021-06-01",918,6,0.0065359477124183,0.00707290533188248,-4.94438590855505,-3.80673473380674,-1.13765117474831,0.116545108534489,-1.2541962832828,-0.17873367045125,-1.07546261283155,-0.575798699208423,-0.499663913623129,-4.44472199493193,0.011604132654882,0.00707290533188248,0.0217375941071289,0.0243590873272493,0.0204537483721993,0.011604132654882,0.00262149322012033,-0.00390533895504999,-0.00884961571731732,-0.00506818494246367,0.0065359477124183
"2019-06-01",23,"2021-05-01","2021-07-01",896,4,0.00446428571428571,0.00501672240802676,-5.28994911687752,-3.80673473380674,-1.48321438307078,0.134096448024832,-1.61731083109561,-0.17873367045125,-1.43857716064436,-0.604464695930074,-0.834112464714286,-4.45583665216323,0.0114773429167332,0.00501672240802676,0.0217375941071289,0.0247797081878399,0.0208083719984896,0.0114773429167332,0.00304211408071098,-0.00397133618935027,-0.00933102908175646,-0.00701305720244747,0.00446428571428571
"2019-06-01",24,"2021-06-01","2021-08-01",879,3,0.00341296928327645,0.00397727272727273,-5.52317373586592,-3.80673473380674,-1.71643900205918,0.136933913842919,-1.8533729159021,-0.17873367045125,-1.67463924545085,-0.615056956882158,-1.05958228856869,-4.46359144729723,0.0113896925017255,0.00397727272727273,0.0217375941071289,0.024848370001482,0.0208662651309992,0.0113896925017255,0.00311077589435308,-0.0039821048704828,-0.00947657262927376,-0.00797672321844902,0.00341296928327645
"2019-06-01",25,"2021-07-01","2021-09-01",849,2,0.00235571260306243,0.00294117647058824,-5.82600010738045,-3.80673473380674,-2.01926537357371,0.153144376103385,-2.17240974967709,-0.17873367045125,-1.99367607922584,-0.598645632595379,-1.39503044663046,-4.43096966074999,0.0117629287969696,0.00294117647058824,0.0217375941071289,0.025244204774237,0.0212000440272537,0.0117629287969696,0.00350661066710802,-0.00404416074698325,-0.00943711523028414,-0.00940721619390715,0.00235571260306243
"2019-06-01",26,"2021-08-01","2021-10-01",805,3,0.00372670807453416,0.0043424317617866,-5.4349688865088,-3.80673473380674,-1.62823415270206,0.150824454081345,-1.77905860678341,-0.17873367045125,-1.60032493633216,-0.603066826573219,-0.997258109758937,-4.43771077674987,0.0116848236344225,0.0043424317617866,0.0217375941071289,0.0251871814349458,0.021151957683178,0.0116848236344225,0.00344958732781681,-0.00403522375176775,-0.00946713404875545,-0.00795811555988839,0.00372670807453416
"2019-06-01",27,"2021-09-01","2021-11-01",788,5,0.00634517766497462,0.00697084917617237,-4.95902296955765,-3.80673473380674,-1.15228823575091,0.182987039848669,-1.33527527559958,-0.17873367045125,-1.15654160514833,-0.597629828619684,-0.558911776528644,-4.40011119302901,0.0121271028154961,0.00697084917617237,0.0217375941071289,0.0259890387722965,0.0218282265400966,0.0121271028154961,0.00425144466516755,-0.00416081223219993,-0.00970112372460042,-0.00578192515052153,0.00634517766497462
"2019-06-01",28,"2021-10-01","2021-12-01",777,6,0.00772200772200772,0.0083547557840617,-4.77653449490162,-3.80673473380674,-0.969799761094883,0.161161887237147,-1.13096164833203,-0.17873367045125,-0.95222797788078,-0.643647475931096,-0.308580501949684,-4.46795399295194,0.0113406749426679,0.00835475578406169,0.0217375941071289,0.0254422438960924,0.0213670524256576,0.0113406749426679,0.00370464978896346,-0.00407519147043478,-0.0100263774829897,-0.00361866722066017,0.00772200772200772
"2019-06-01",29,"2021-11-01","2022-01-01",753,7,0.00929614873837981,0.00994694960212202,-4.60049259643698,-3.80673473380674,-0.79375786263024,0.142171123824215,-0.935928986454455,-0.17873367045125,-0.757195316003204,-0.663257137665227,-0.093938178337977,-4.506554418099,0.0109159486217103,0.00994694960212201,0.0217375941071289,0.024975588751243,0.0209735347855757,0.0109159486217103,0.00323799464411409,-0.00400205396566734,-0.0100575861638654,-0.0016197998833305,0.00929614873837981
"2019-06-01",30,"2021-12-01","2022-02-01",741,9,0.0121457489878543,0.0128032345013477,-4.34517154228473,-3.80673473380674,-0.538436808477986,0.125435575789942,-0.663872384267928,-0.17873367045125,-0.485138713816678,-0.571170004196953,0.0860312903802751,-4.431202832665,0.0117602185840677,0.0128032345013477,0.0217375941071289,0.0245712715617039,0.0206326338539676,0.0117602185840677,0.00283367745457492,-0.00393863770773626,-0.00887241526989995,0.000385530403786593,0.0121457489878543
"2019-06-01",31,"2022-01-01","2022-03-01",727,10,0.0137551581843191,0.0144230769230769,-4.2243976904703,-3.80673473380674,-0.417662956663557,0.116476719657313,-0.534139676320871,-0.17873367045125,-0.35540600586962,-0.575151865655676,0.219745859786056,-4.44414355025635,0.0116107689872907,0.0144230769230769,0.0217375941071289,0.0243574620690612,0.0204523782191346,0.0116107689872907,0.00261986796193227,-0.00390508384992662,-0.00884160923184394,0.00214438919702846,0.0137551581843191
"2019-06-01",32,"2022-02-01","2022-04-01",714,11,0.015406162464986,0.0160839160839161,-4.11372084118524,-3.80673473380674,-0.306986107378498,0.132416258675008,-0.439402366053506,-0.17873367045125,-0.260668695602256,-0.323592955257691,0.0629242596554354,-4.17664510084068,0.0151178607743477,0.0160839160839161,0.0217375941071289,0.0247391376828066,0.0207741650450599,0.0151178607743477,0.00300154357567763,-0.00396497263774667,-0.0056563042707122,0.000288301690638298,0.015406162464986
"2019-06-01",33,"2022-03-01","2022-05-01",704,11,0.015625,0.0163120567375887,-4.09940420438568,-3.80673473380674,-0.29266947057894,0.139526428591446,-0.432195899170386,-0.17873367045125,-0.253462228719135,-0.0272117273172376,-0.226250501401898,-3.87315370298378,0.0203691622261227,0.0163120567375887,0.0217375941071289,0.0249112664840387,0.020919298293568,0.0203691622261227,0.0031736723769098,-0.00399196819047074,-0.000550136067445341,-0.00474416222612266,0.015625
"2019-06-01",34,"2022-04-01","2022-06-01",665,12,0.0180451127819549,0.0187687687687688,-3.95661388875602,-3.80673473380674,-0.14987915494928,0.131428628410337,-0.281307783359617,-0.17873367045125,-0.102574112908366,0.13946557299406,-0.242039685902426,-3.71457420285359,0.0237862426413109,0.0187687687687688,0.0217375941071289,0.0247153201974912,0.0207540835846612,0.0237862426413109,0.00297772609036222,-0.00396123661282998,0.00303215905664972,-0.00574112985935601,0.0180451127819549
"2019-07-01",1,"2019-08-01","2019-10-01",2206,22,0.0099728014505893,0.0101948346171273,-4.57562693918112,-3.80673473380674,-0.768892205374375,-1.7073653881347,0.938473182760324,-0.0215533548377784,0.960026537598102,0.331113081031449,0.628913456566653,-5.20454039574777,0.00546158113574678,0.0101948346171273,0.0217375941071289,0.00401337969127483,0.00392813959070021,0.00546158113574678,-0.0177242144158541,-8.52401005746236e-05,0.00153344154504657,0.00451122031484252,0.0099728014505893
"2019-07-01",2,"2019-09-01","2019-11-01",2150,31,0.0144186046511628,0.0146443514644351,-4.2089479449611,-3.80673473380674,-0.402213211154363,-0.802500335743768,0.400287124589405,-0.0215533548377784,0.421840479427183,0.279939824453181,0.141900654974002,-4.35084859993511,0.0127316785051488,0.0146443514644351,0.0217375941071289,0.00986122148763851,0.00965298293107015,0.0127316785051488,-0.0118763726194904,-0.000208238556568357,0.00307869557407864,0.001686926146014,0.0144186046511628
"2019-07-01",3,"2019-10-01","2019-12-01",2089,51,0.0244135950215414,0.0246411483253589,-3.67838771458962,-3.80673473380674,0.128347019217124,-0.337459829206784,0.465806848423907,-0.0215533548377784,0.487360203261686,0.327238288421553,0.160121914840133,-3.83850962942975,0.0210720685048206,0.0246411483253588,0.0217375941071289,0.0156087071675435,0.015280972565589,0.0210720685048206,-0.00612888693958539,-0.000327734601954502,0.00579109593923156,0.0033415265167208,0.0244135950215414
"2019-07-01",4,"2019-11-01","2020-01-01",2004,42,0.0209580838323353,0.0211970074812968,-3.83247037372619,-3.80673473380674,-0.0257356399194508,-0.182480278425218,0.156744638505767,-0.0215533548377784,0.178297993343546,0.340221937540722,-0.161923944197177,-3.67054642952902,0.0248303095886481,0.0211970074812968,0.0217375941071289,0.0181776956171205,0.017796995404974,0.0248303095886481,-0.00355989849000843,-0.000380700212146493,0.00703331418367404,-0.00387222575631273,0.0209580838323353
"2019-07-01",5,"2019-12-01","2020-02-01",1931,58,0.030036250647333,0.0302795031055901,-3.46653686399593,-3.80673473380674,0.34019786981081,-0.110329660461367,0.450527530272177,-0.0215533548377784,0.472080885109956,0.398743386412819,0.0733374986971372,-3.53987436269307,0.028198730675832,0.0302795031055901,0.0217375941071289,0.019511164970081,0.0191030809348335,0.028198730675832,-0.00222642913704798,-0.000408084035247419,0.00909564974099842,0.00183751997150102,0.030036250647333
"2019-07-01",6,"2020-01-01","2020-03-01",1858,47,0.0252960172228202,0.0255513717052179,-3.64118079929454,-3.80673473380674,0.165553934512205,-0.00462210480800024,0.170176039320205,-0.0215533548377784,0.191729394157984,0.267163533020558,-0.0754341388625749,-3.56574666043196,0.0274983261685689,0.0255513717052179,0.0217375941071289,0.0216395216911312,0.021187884157444,0.0274983261685689,-9.8072415997727e-05,-0.000451637533687179,0.00631044201112485,-0.00220230894574865,0.0252960172228202
"2019-07-01",7,"2020-02-01","2020-04-01",1807,51,0.0282235749861649,0.0284845132743363,-3.52949666403619,-3.80673473380674,0.27723806977055,0.0795860484344686,0.197652021336081,-0.0215533548377784,0.21920537617386,0.020954849412792,0.198250526761068,-3.72774719079726,0.0234822710943966,0.0284845132743363,0.0217375941071289,0.0234959992497771,0.0230065263903316,0.0234822710943966,0.00175840514264819,-0.000489472859445547,0.000475744704065063,0.00474130389176827,0.0282235749861649
"2019-07-01",8,"2020-03-01","2020-05-01",1760,39,0.0221590909090909,0.0224304372515616,-3.7746506108715,-3.80673473380674,0.0320841229352387,0.14017796756865,-0.108093844633412,-0.0215533548377784,-0.0865404897956334,-0.109104323685269,0.0225638338896357,-3.79721444476114,0.021940968196748,0.0224304372515616,0.0217375941071289,0.0249270977186229,0.0244085571589259,0.021940968196748,0.00318950361149392,-0.000518540559696978,-0.00246758896217788,0.000218122712342898,0.0221590909090909
"2019-07-01",9,"2020-04-01","2020-06-01",1722,49,0.0284552845528455,0.0287289611143355,-3.52069985107674,-3.80673473380674,0.286034882730005,0.188722894148899,0.0973119885811058,-0.0215533548377784,0.118865343418884,-0.0839574631687652,0.202822806587649,-3.72352265766439,0.023579338505689,0.0287289611143355,0.0217375941071289,0.026134629384257,0.0255916286889508,0.023579338505689,0.00439703527712805,-0.000543000695306221,-0.00201229018326174,0.0048759460471565,0.0284552845528455
"2019-07-01",10,"2020-05-01","2020-07-01",1666,53,0.031812725090036,0.0320935812837433,-3.40647935759006,-3.80673473380674,0.400255376216686,0.249100324734697,0.151155051481989,-0.0215533548377784,0.172708406319767,0.147768516703317,0.0249398896164502,-3.43141924720651,0.0313278345431776,0.0320935812837433,0.0217375941071289,0.0277160988991316,0.0271411556653228,0.0313278345431776,0.00597850479200264,-0.000574943233808752,0.00418667887785473,0.000484890546858449,0.031812725090036
"2019-07-01",11,"2020-06-01","2020-08-01",1607,56,0.0348475420037337,0.035136815920398,-3.31273684573604,-3.80673473380674,0.493997888070702,0.289264109856582,0.20473377821412,-0.0215533548377784,0.226287133051898,0.304798858195984,-0.0785117251440859,-3.23422512059195,0.0378978911002922,0.035136815920398,0.0217375941071289,0.0288192054610655,0.0282220435761399,0.0378978911002922,0.00708161135393656,-0.000597161884925621,0.00967584752415235,-0.00305034909655856,0.0348475420037337
"2019-07-01",12,"2020-07-01","2020-09-01",1554,44,0.0283140283140283,0.0286173633440514,-3.52470681165453,-3.80673473380674,0.282027922152209,0.294297372332265,-0.0122694501800562,-0.0215533548377784,0.00928390465772215,0.275080610897249,-0.265796706239527,-3.258910105415,0.037008031842458,0.0286173633440514,0.0217375941071289,0.0289604143169464,0.0283604118921562,0.037008031842458,0.00722282020981744,-0.000600002424790195,0.00864761995030183,-0.00869400352842969,0.0283140283140283
"2019-07-01",13,"2020-08-01","2020-10-01",1498,35,0.0233644859813084,0.02368245496998,-3.71905340965057,-3.80673473380674,0.0876813241561707,0.303514845354915,-0.215833521198744,-0.0215533548377784,-0.194280166360966,0.214259832349531,-0.408539998710497,-3.31051341094007,0.0352122732572881,0.02368245496998,0.0217375941071289,0.0292207539062206,0.0286155167080596,0.0352122732572881,0.0074831597990917,-0.000605237198160993,0.00659675654922845,-0.0118477872759797,0.0233644859813084
"2019-07-01",14,"2020-09-01","2020-11-01",1445,28,0.0193771626297578,0.0197095435684647,-3.9067459483273,-3.80673473380674,-0.100011214520561,0.282992614882479,-0.38300382940304,-0.0215533548377784,-0.361450474565262,0.143894773994937,-0.505345248560198,-3.4014006997671,0.0322517180404645,0.0197095435684647,0.0217375941071289,0.028644192466134,0.0280505522779812,0.0322517180404645,0.0069065983590051,-0.000593640188152826,0.00420116576248331,-0.0128745554107067,0.0193771626297578
"2019-07-01",15,"2020-10-01","2020-12-01",1399,39,0.0278770550393138,0.0282142857142857,-3.53930688631622,-3.80673473380674,0.267427847490517,0.290285959980498,-0.0228581124899812,-0.0215533548377784,-0.0013047576522028,0.200544233240718,-0.201848990892921,-3.3374578954233,0.034308281092165,0.0282142857142857,0.0217375941071289,0.0288478194500509,0.0282500819023081,0.034308281092165,0.00711022534292199,-0.00059773754774279,0.00605819918985683,-0.00643122605285118,0.0278770550393138
"2019-07-01",16,"2020-11-01","2021-01-01",1359,52,0.0382634289919058,0.0386029411764706,-3.2150590263415,-3.80673473380674,0.591675707465241,0.255943184868061,0.335732522597181,-0.0215533548377784,0.357285877434959,0.302336275571726,0.0549496018632324,-3.27000862820473,0.0366145239228373,0.0386029411764706,0.0217375941071289,0.02790109687394,0.0273224238804618,0.0366145239228373,0.00616350276681102,-0.000578672993478163,0.0092921000423755,0.00164890506906852,0.0382634289919058
"2019-07-01",17,"2020-12-01","2021-02-01",1312,56,0.0426829268292683,0.043031226199543,-3.10184471883125,-3.80673473380674,0.70489001497549,0.264080020949498,0.440809994025991,-0.0215533548377784,0.46236334886377,0.160050155148238,0.302313193715532,-3.40415791254678,0.032165772067861,0.043031226199543,0.0217375941071289,0.028122639040942,0.027539501400134,0.032165772067861,0.00638504493381307,-0.000583137640807974,0.00462627066772692,0.0105171547614073,0.0426829268292683
"2019-07-01",18,"2021-01-01","2021-03-01",1248,45,0.0360576923076923,0.0364291433146517,-3.27527693126622,-3.80673473380674,0.531457802540519,0.253616829857505,0.277840972683014,-0.0215533548377784,0.299394327520793,-0.0170523393881472,0.31644666690894,-3.59172359817516,0.0268121078614903,0.0364291433146517,0.0217375941071289,0.0278380692675519,0.0272606668182174,0.0268121078614903,0.00610047516042296,-0.000577402449334463,-0.000448558956727137,0.009245584446202,0.0360576923076923
"2019-07-01",19,"2021-02-01","2021-04-01",1193,27,0.0226320201173512,0.0230318257956449,-3.74757708678896,-3.80673473380674,0.0591576470177824,0.241048700025503,-0.18189105300772,-0.0215533548377784,-0.160337698169942,-0.271661745630415,0.111324047460473,-3.85890113424943,0.0206555143280244,0.0230318257956449,0.0217375941071289,0.0274999475031061,0.0269293639283631,0.0206555143280244,0.00576235339597715,-0.000570583574743041,-0.00627384960033861,0.00197650578932678,0.0226320201173512
"2019-07-01",20,"2021-03-01","2021-05-01",1151,19,0.0165073848827107,0.0169270833333333,-4.06176839178749,-3.80673473380674,-0.255033657980746,0.19016434378928,-0.445198001770026,-0.0215533548377784,-0.423644646932248,-0.520233929176068,0.0965892822438204,-4.15835767403131,0.0153925762746444,0.0169270833333333,0.0217375941071289,0.0261713416691865,0.0256275982732658,0.0153925762746444,0.00443374756205756,-0.000543743395920719,-0.0102350219986213,0.00111480860806624,0.0165073848827107
"2019-07-01",21,"2021-04-01","2021-06-01",1121,14,0.0124888492417484,0.0129233511586453,-4.33571185249276,-3.80673473380674,-0.52897711868602,0.159736706239509,-0.688713824925529,-0.0215533548377784,-0.667160470087751,-0.575798699208423,-0.0913617708793278,-4.24435008161343,0.0141421833832572,0.0129233511586453,0.0217375941071289,0.0254069305137959,0.0248786630138282,0.0141421833832572,0.00366933640666691,-0.000528267499967618,-0.010736479630571,-0.0016533341415088,0.0124888492417484
"2019-07-01",22,"2021-05-01","2021-07-01",1088,15,0.0137867647058824,0.0142332415059688,-4.23783959339363,-3.80673473380674,-0.431104859586894,0.116545108534489,-0.547649968121383,-0.0215533548377784,-0.526096613283605,-0.604464695930074,0.078368082646469,-4.3162076760401,0.0131745312847089,0.0142332415059688,0.0217375941071289,0.0243590873272493,0.0238520736419473,0.0131745312847089,0.00262149322012033,-0.000507013685301941,-0.0106775423572384,0.000612233421173471,0.0137867647058824
"2019-07-01",23,"2021-06-01","2021-08-01",1059,20,0.0188857412653447,0.0193396226415094,-3.92607022115371,-3.80673473380674,-0.119335487346964,0.134096448024832,-0.253431935371796,-0.0215533548377784,-0.231878580534017,-0.615056956882158,0.383178376348141,-4.30924859750185,0.0132653131971059,0.0193396226415094,0.0217375941071289,0.0247797081878399,0.0242641573702791,0.0132653131971059,0.00304211408071098,-0.000515550817560839,-0.0109988441731732,0.0056204280682388,0.0188857412653447
"2019-07-01",24,"2021-07-01","2021-09-01",1027,20,0.0194741966893866,0.0199416342412451,-3.89480240767648,-3.80673473380674,-0.0880676738697344,0.136933913842919,-0.225001587712654,-0.0215533548377784,-0.203448232874875,-0.598645632595379,0.395197399720503,-4.28999980739698,0.0135196422146892,0.0199416342412451,0.0217375941071289,0.024848370001482,0.0243314262914347,0.0135196422146892,0.00311077589435308,-0.000516943710047322,-0.0108117840767455,0.00595455447469736,0.0194741966893866
"2019-07-01",25,"2021-08-01","2021-10-01",970,18,0.0185567010309278,0.0190525231719876,-3.94131937491658,-3.80673473380674,-0.134584641109836,0.153144376103385,-0.28772901721322,-0.0215533548377784,-0.266175662375442,-0.603066826573219,0.336891164197777,-4.27821053911435,0.0136777791758602,0.0190525231719876,0.0217375941071289,0.025244204774237,0.0247192348938487,0.0136777791758602,0.00350661066710802,-0.000524969880388238,-0.0110414557179885,0.0048789218550676,0.0185567010309278
"2019-07-01",26,"2021-09-01","2021-11-01",937,11,0.0117395944503735,0.0122601279317697,-4.38906701035621,-3.80673473380674,-0.582332276549469,0.150824454081345,-0.733156730630814,-0.0215533548377784,-0.711603375793036,-0.597629828619684,-0.113973547173352,-4.27509346318286,0.0137198945131168,0.0122601279317697,0.0217375941071289,0.0251871814349458,0.0246633673883019,0.0137198945131168,0.00344958732781681,-0.000523814046643829,-0.0109434728751852,-0.00198030006274323,0.0117395944503735
"2019-07-01",27,"2021-10-01","2021-12-01",919,10,0.0108813928182807,0.0114130434782609,-4.4615197407947,-3.80673473380674,-0.654785006987958,0.182987039848669,-0.837772046836627,-0.0215533548377784,-0.816218691998849,-0.643647475931096,-0.172571216067753,-4.28894852472695,0.0135336701990625,0.0114130434782609,0.0217375941071289,0.0259890387722965,0.0254489839738493,0.0135336701990625,0.00425144466516755,-0.000540054798447164,-0.0119153137747868,-0.00265227738078177,0.0108813928182807
"2019-07-01",28,"2021-11-01","2022-01-01",902,9,0.00997782705099778,0.0105204872646733,-4.54385453599299,-3.80673473380674,-0.737119802186246,0.161161887237147,-0.898281689423393,-0.0215533548377784,-0.876728334585615,-0.663257137665227,-0.213471196920388,-4.3303833390726,0.0129915001900603,0.0105204872646733,0.0217375941071289,0.0254422438960924,0.0249132609204139,0.0129915001900603,0.00370464978896346,-0.000528982975678501,-0.0119217607303536,-0.00301367313906248,0.00997782705099778
"2019-07-01",29,"2021-12-01","2022-02-01",882,7,0.00793650793650794,0.00849377123442809,-4.75989213118364,-3.80673473380674,-0.9531573973769,0.142171123824215,-1.09532852120112,-0.0215533548377784,-1.07377516636334,-0.571170004196953,-0.502605162166385,-4.25728696901726,0.0139629440506209,0.00849377123442809,0.0217375941071289,0.024975588751243,0.0244560647674088,0.0139629440506209,0.00323799464411409,-0.000519523983834189,-0.0104931207167879,-0.00602643611411299,0.00793650793650794
"2019-07-01",30,"2022-01-01","2022-03-01",860,8,0.00930232558139535,0.00987224157955865,-4.6081070456614,-3.80673473380674,-0.80137231185466,0.125435575789942,-0.926807887644602,-0.0215533548377784,-0.905254532806824,-0.575151865655676,-0.330102667151148,-4.27800437851025,0.0136805607050809,0.00987224157955866,0.0217375941071289,0.0245712715617039,0.024059950354218,0.0136805607050809,0.00283367745457492,-0.000511321207485829,-0.0103793896491371,-0.00437823512368558,0.00930232558139535
"2019-07-01",31,"2022-02-01","2022-04-01",842,9,0.0106888361045131,0.0112692763938316,-4.47434190358435,-3.80673473380674,-0.667607169777612,0.116476719657313,-0.784083889434925,-0.0215533548377784,-0.762530534597147,-0.323592955257691,-0.438937579339456,-4.0354043242449,0.0173714294584545,0.0112692763938316,0.0217375941071289,0.0243574620690612,0.0238504813851592,0.0173714294584545,0.00261986796193227,-0.000506980683902033,-0.0064790519267047,-0.00668259335394142,0.0106888361045131
"2019-07-01",32,"2022-03-01","2022-05-01",827,16,0.0193470374848851,0.0199275362318841,-3.89552400604811,-3.80673473380674,-0.0887892722413701,0.132416258675008,-0.221205530916378,-0.0215533548377784,-0.1996521760786,-0.0272117273172376,-0.172440448761362,-3.72308355728675,0.0235894501839833,0.019927536231884,0.0217375941071289,0.0247391376828066,0.024224409982325,0.0235894501839833,0.00300154357567763,-0.000514727700481551,-0.000634959798341748,-0.00424241269909814,0.0193470374848851
"2019-07-01",33,"2022-04-01","2022-06-01",806,17,0.0210918114143921,0.0216852540272615,-3.80919895276623,-3.80673473380674,-0.00246421895948723,0.139526428591446,-0.141990647550933,-0.0215533548377784,-0.120437292713155,0.13946557299406,-0.259902865707215,-3.54929608705901,0.0279416863755653,0.0216852540272615,0.0217375941071289,0.0249112664840387,0.0243930470115501,0.0279416863755653,0.0031736723769098,-0.000518219472488691,0.00354863936401522,-0.00684987496117322,0.0210918114143921
"2019-07-01",34,"2022-05-01","2022-07-01",765,21,0.0274509803921569,0.0280678851174935,-3.54465991699045,-3.80673473380674,0.262074816816295,0.131428628410337,0.130646188405958,-0.0215533548377784,0.152199543243736,0.182199961940181,-0.0300004186964446,-3.514659498294,0.0288979893993206,0.0280678851174935,0.0217375941071289,0.0247153201974912,0.0242010757515155,0.0288979893993206,0.00297772609036222,-0.000514244445975705,0.00469691364780517,-0.00144700900716377,0.0274509803921569
"2019-08-01",1,"2019-09-01","2019-11-01",2401,29,0.0120783007080383,0.0122814321398834,-4.38730926713831,-3.80673473380674,-0.580574533331568,-1.7073653881347,1.12679085480313,-0.102756024847372,1.2295468796505,0.279939824453181,0.949607055197321,-5.33691632233563,0.0047876505885849,0.0122814321398834,0.0217375941071289,0.00401337969127483,0.00362288138624679,0.0047876505885849,-0.0177242144158541,-0.000390498305028045,0.00116476920233812,0.00729065011945342,0.0120783007080383
"2019-08-01",2,"2019-10-01","2019-12-01",2314,45,0.0194468452895419,0.0196544276457883,-3.90960249593962,-3.80673473380674,-0.102867762132874,-0.802500335743768,0.699632573610893,-0.102756024847372,0.802388598458265,0.327238288421553,0.475150310036712,-4.38475280597633,0.0123124822413836,0.0196544276457883,0.0217375941071289,0.00986122148763851,0.00890682164479989,0.0123124822413836,-0.0118763726194904,-0.000954399842838618,0.00340566059658367,0.00713436304815836,0.0194468452895419
"2019-08-01",3,"2019-11-01","2020-01-01",2257,60,0.0265839610101905,0.0267936226749336,-3.59243226452254,-3.80673473380674,0.214302469284205,-0.337459829206784,0.551762298490989,-0.102756024847372,0.65451832333836,0.340221937540722,0.314296385797638,-3.90672865032017,0.0197098777873771,0.0267936226749336,0.0217375941071289,0.0156087071675435,0.014105972423874,0.0197098777873771,-0.00612888693958539,-0.00150273474366956,0.00560390536350308,0.00687408322281345,0.0265839610101905
"2019-08-01",4,"2019-12-01","2020-02-01",2175,53,0.024367816091954,0.0245863970588235,-3.68066826428354,-3.80673473380674,0.1260664695232,-0.182480278425218,0.308546747948418,-0.102756024847372,0.41130277279579,0.398743386412819,0.012559386382971,-3.69322765066651,0.0242869906954636,0.0245863970588235,0.0217375941071289,0.0181776956171205,0.0164317589617812,0.0242869906954636,-0.00355989849000843,-0.00174593665533934,0.00785523173368242,8.082539649042e-05,0.024367816091954
"2019-08-01",5,"2020-01-01","2020-03-01",2096,53,0.0252862595419847,0.0255126371006199,-3.64273764910237,-3.80673473380674,0.16399708470437,-0.110329660461367,0.274326745165737,-0.102756024847372,0.377082770013109,0.267163533020558,0.109919236992551,-3.75265688609492,0.022917799917483,0.0255126371006199,0.0217375941071289,0.019511164970081,0.0176394519019178,0.022917799917483,-0.00222642913704798,-0.0018717130681632,0.00527834801556523,0.00236845962450174,0.0252862595419847
"2019-08-01",6,"2020-02-01","2020-04-01",2031,47,0.0231413096996553,0.0233759842519685,-3.73239256118252,-3.80673473380674,0.0743421726242168,-0.00462210480800024,0.0789642774322171,-0.102756024847372,0.181720302279589,0.020954849412792,0.160765452866797,-3.89315801404932,0.0199737975961681,0.0233759842519685,0.0217375941071289,0.0216395216911312,0.0195677093182767,0.0199737975961681,-9.8072415997727e-05,-0.00207181237285454,0.000406088277891455,0.00316751210348721,0.0231413096996553
"2019-08-01",7,"2020-03-01","2020-05-01",1982,45,0.0227043390514632,0.0229450327786183,-3.7514414352706,-3.80673473380674,0.0552932985361441,0.0795860484344686,-0.0242927498983245,-0.102756024847372,0.0784632749490473,-0.109104323685269,0.187567598634316,-3.93900903390491,0.019095750359782,0.0229450327786183,0.0217375941071289,0.0234959992497771,0.0212503045269278,0.019095750359782,0.00175840514264819,-0.00224569472284936,-0.00215455416714573,0.00360858869168113,0.0227043390514632
"2019-08-01",8,"2020-04-01","2020-06-01",1932,50,0.025879917184265,0.0261251939989653,-3.61838262339273,-3.80673473380674,0.188352110414007,0.14017796756865,0.0481741428453565,-0.102756024847372,0.150930167692728,-0.0839574631687652,0.234887630861494,-3.85327025425423,0.0207697286115263,0.0261251939989653,0.0217375941071289,0.0249270977186229,0.0225477801449133,0.0207697286115263,0.00318950361149392,-0.00237931757370954,-0.00177805153338703,0.00511018857273872,0.025879917184265
"2019-08-01",9,"2020-05-01","2020-07-01",1876,49,0.0261194029850746,0.0263718700053277,-3.60873152204929,-3.80673473380674,0.198003211757452,0.188722894148899,0.00928031760855363,-0.102756024847372,0.112036342455925,0.147768516703317,-0.0357321742473913,-3.5729993478019,0.0273050368147272,0.0263718700053277,0.0217375941071289,0.026134629384257,0.0236428463920163,0.0273050368147272,0.00439703527712805,-0.0024917829922407,0.0036621904227109,-0.00118563382965256,0.0261194029850746
"2019-08-01",10,"2020-06-01","2020-08-01",1803,49,0.0271769273433167,0.0274390243902439,-3.56796652544863,-3.80673473380674,0.238768208358116,0.249100324734697,-0.0103321163765813,-0.102756024847372,0.0924239084707905,0.304798858195984,-0.212374949725193,-3.35559157572343,0.0337125372926972,0.0274390243902439,0.0217375941071289,0.0277160988991316,0.0250774148447249,0.0337125372926972,0.00597850479200264,-0.00263868405440672,0.00863512244797233,-0.0065356099493805,0.0271769273433167
"2019-08-01",11,"2020-07-01","2020-09-01",1743,45,0.0258175559380379,0.0260894495412844,-3.61978846164373,-3.80673473380674,0.186946272163008,0.289264109856582,-0.102317837693575,-0.102756024847372,0.000438187153797204,0.275080610897249,-0.274642423743452,-3.34514603790028,0.0340544734883727,0.0260894495412844,0.0217375941071289,0.0288192054610655,0.026078318047602,0.0340544734883727,0.00708161135393656,-0.00274088741346348,0.00797615544077067,-0.00823691755033483,0.0258175559380379
"2019-08-01",12,"2020-08-01","2020-10-01",1694,52,0.0306965761511216,0.0309734513274336,-3.44316158076119,-3.80673473380674,0.363573153045554,0.294297372332265,0.0692757807132884,-0.102756024847372,0.17203180556066,0.214259832349531,-0.042228026788871,-3.40093355397232,0.0322663015686637,0.0309734513274336,0.0217375941071289,0.0289604143169464,0.0262064594472084,0.0322663015686637,0.00722282020981744,-0.00275395486973794,0.00605984212145527,-0.0015697254175421,0.0306965761511216
"2019-08-01",13,"2020-09-01","2020-11-01",1629,65,0.0399017802332719,0.0401840490797546,-3.17327142046773,-3.80673473380674,0.633463313339011,0.303514845354915,0.329948467984096,-0.102756024847372,0.432704492831468,0.143894773994937,0.288809718836531,-3.46208113930426,0.0304106091925314,0.0401840490797546,0.0217375941071289,0.0292207539062206,0.0264427165219758,0.0304106091925314,0.0074831597990917,-0.00277803738424483,0.0039678926705556,0.00949117104074054,0.0399017802332719
"2019-08-01",14,"2020-10-01","2020-12-01",1571,65,0.0413749204328453,0.0416666666666667,-3.13549421592915,-3.80673473380674,0.671240517877592,0.282992614882479,0.388247902995113,-0.102756024847372,0.491003927842484,0.200544233240718,0.290459694601766,-3.42595391053092,0.0314941133444535,0.0416666666666667,0.0217375941071289,0.028644192466134,0.0259195056593121,0.0314941133444535,0.0069065983590051,-0.00272468680682195,0.00557460768514144,0.0098808070883918,0.0413749204328453
"2019-08-01",15,"2020-11-01","2021-01-01",1514,58,0.0383091149273448,0.0386138613861386,-3.21476482216168,-3.80673473380674,0.591969911645063,0.290285959980498,0.301683951664565,-0.102756024847372,0.404439976511937,0.302336275571726,0.10210370094021,-3.31686852310189,0.0349970116011118,0.0386138613861386,0.0217375941071289,0.0288478194500509,0.0261042838140172,0.0349970116011118,0.00711022534292199,-0.00274353563603369,0.00889272778709453,0.00331210332623302,0.0383091149273448
"2019-08-01",16,"2020-12-01","2021-02-01",1447,43,0.0297166551485833,0.0300414364640884,-3.47467570844966,-3.80673473380674,0.332059025357081,0.255943184868061,0.0761158404890205,-0.102756024847372,0.178871865336392,0.160050155148238,0.0188217101881545,-3.49349741863781,0.029497816218953,0.0300414364640884,0.0217375941071289,0.02790109687394,0.0252452575766891,0.029497816218953,0.00616350276681102,-0.00265583929725085,0.00425255864226389,0.000218838929630275,0.0297166551485833
"2019-08-01",17,"2021-01-01","2021-03-01",1402,31,0.0221112696148359,0.0224518888096935,-3.77367276454607,-3.80673473380674,0.0330619692606708,0.264080020949498,-0.231018051688827,-0.102756024847372,-0.128262026841456,-0.0170523393881472,-0.111209687453308,-3.66246307709276,0.0250267915979791,0.0224518888096935,0.0217375941071289,0.028122639040942,0.0254462636842779,0.0250267915979791,0.00638504493381307,-0.00267637535666412,-0.000419472086298806,-0.00291552198314314,0.0221112696148359
"2019-08-01",18,"2021-02-01","2021-04-01",1362,25,0.0183553597650514,0.0187087307410125,-3.95987902660578,-3.80673473380674,-0.15314429279904,0.253616829857505,-0.406761122656545,-0.102756024847372,-0.304005097809173,-0.271661745630415,-0.032343352178758,-3.92753567442702,0.0193118490068203,0.0187087307410125,0.0217375941071289,0.0278380692675519,0.0251880739669743,0.0193118490068203,0.00610047516042296,-0.00264999530057759,-0.00587622496015403,-0.000956489241768884,0.0183553597650514
"2019-08-01",19,"2021-03-01","2021-05-01",1316,15,0.0113981762917933,0.0117691723614275,-4.43043270050942,-3.80673473380674,-0.623697966702678,0.241048700025503,-0.86474666672818,-0.102756024847372,-0.761990641880809,-0.520233929176068,-0.241756712704741,-4.18867598780468,0.0149397702065167,0.0117691723614275,0.0217375941071289,0.0274999475031061,0.0248813153152651,0.0149397702065167,0.00576235339597715,-0.00261863218784096,-0.00994154510874841,-0.00354159391472341,0.0113981762917933
"2019-08-01",20,"2021-04-01","2021-06-01",1280,12,0.009375,0.00975800156128025,-4.61986173473108,-3.80673473380674,-0.81312700092434,0.19016434378928,-1.00329134471362,-0.102756024847372,-0.900535319866248,-0.575798699208423,-0.324736620657825,-4.29512511407326,0.0134514568694031,0.00975800156128025,0.0217375941071289,0.0261713416691865,0.0236761434743972,0.0134514568694031,0.00443374756205756,-0.00249519819478931,-0.010224686604994,-0.00407645686940314,0.009375
"2019-08-01",21,"2021-05-01","2021-07-01",1246,11,0.00882825040128411,0.00922213311948677,-4.67688399005946,-3.80673473380674,-0.870149256252719,0.159736706239509,-1.02988596249223,-0.102756024847372,-0.927129937644856,-0.604464695930074,-0.322665241714783,-4.35421874834468,0.0126893866357611,0.00922213311948678,0.0217375941071289,0.0254069305137959,0.0229828919361331,0.0126893866357611,0.00366933640666691,-0.00242403857766278,-0.0102935053003719,-0.00386113623447702,0.00882825040128411
"2019-08-01",22,"2021-06-01","2021-08-01",1210,8,0.00661157024793388,0.00701899256812552,-4.95209183848365,-3.80673473380674,-1.1453571046769,0.116545108534489,-1.26190221321139,-0.102756024847372,-1.15914618836402,-0.615056956882158,-0.544089231481864,-4.40800260700178,0.012032926458853,0.00701899256812551,0.0217375941071289,0.0243590873272493,0.0220327618476976,0.012032926458853,0.00262149322012033,-0.00232632547955164,-0.00999983538884463,-0.00542135621091911,0.00661157024793388
"2019-08-01",23,"2021-07-01","2021-09-01",1159,10,0.00862812769628991,0.00905172413793104,-4.69570708703976,-3.80673473380674,-0.888972353233017,0.134096448024832,-1.02306880125785,-0.102756024847372,-0.920312776410477,-0.598645632595379,-0.321667143815098,-4.37403994322466,0.0124434430898977,0.00905172413793104,0.0217375941071289,0.0247797081878399,0.022414135704936,0.0124434430898977,0.00304211408071098,-0.00236557248290395,-0.0099706926150383,-0.00381531539360777,0.00862812769628991
"2019-08-01",24,"2021-08-01","2021-10-01",1108,9,0.00812274368231047,0.00856627592425609,-4.75131901138832,-3.80673473380674,-0.94458427758158,0.136933913842919,-1.0815181914245,-0.102756024847372,-0.978762166577127,-0.603066826573219,-0.375695340003908,-4.37562367138441,0.0124239963020325,0.00856627592425609,0.0217375941071289,0.024848370001482,0.0224763938508478,0.0124239963020325,0.00311077589435308,-0.00237197615063424,-0.0100523975488153,-0.00430125261972201,0.00812274368231047
"2019-08-01",25,"2021-09-01","2021-11-01",1084,14,0.0129151291512915,0.0133640552995392,-4.30173245860321,-3.80673473380674,-0.494997724796468,0.153144376103385,-0.648142100899852,-0.102756024847372,-0.545386076052481,-0.597629828619684,0.0522437525672033,-4.35397621117041,0.0126924255894357,0.0133640552995392,0.0217375941071289,0.025244204774237,0.0228353278540384,0.0126924255894357,0.00350661066710802,-0.00240887692019858,-0.0101429022646027,0.000222703561855817,0.0129151291512915
"2019-08-01",26,"2021-10-01","2021-12-01",1062,12,0.0112994350282486,0.0117591721542803,-4.4312928759768,-3.80673473380674,-0.624558142170058,0.150824454081345,-0.775382596251404,-0.102756024847372,-0.672626571404032,-0.643647475931096,-0.0289790954729361,-4.40231378050386,0.0121007440731353,0.0117591721542803,0.0217375941071289,0.0251871814349458,0.0227836186669848,0.0121007440731353,0.00344958732781681,-0.00240356276796097,-0.0106828745938494,-0.000801309044886744,0.0112994350282486
"2019-08-01",27,"2021-11-01","2022-01-01",1047,13,0.0124164278892073,0.012881679389313,-4.33898381174121,-3.80673473380674,-0.532249077934472,0.182987039848669,-0.715236117783141,-0.102756024847372,-0.61248009293577,-0.663257137665227,0.0507770447294578,-4.38976085647067,0.0122517284250302,0.012881679389313,0.0217375941071289,0.0259890387722965,0.0235108018709909,0.0122517284250302,0.00425144466516755,-0.00247823690130556,-0.0112590734459608,0.000164699464177093,0.0124164278892073
"2019-08-01",28,"2021-12-01","2022-02-01",1028,11,0.0107003891050584,0.011175898931001,-4.48275688194755,-3.80673473380674,-0.676022148140804,0.161161887237147,-0.837184035377951,-0.102756024847372,-0.73442801053058,-0.571170004196953,-0.163258006333627,-4.31949887561392,0.0131318110074803,0.011175898931001,0.0217375941071289,0.0254422438960924,0.0230149156828688,0.0131318110074803,0.00370464978896346,-0.00242732821322358,-0.00988310467538855,-0.0024314219024219,0.0107003891050584
"2019-08-01",29,"2022-01-01","2022-03-01",1005,12,0.0119402985074627,0.0124254473161034,-4.37550541768362,-3.80673473380674,-0.568770683876875,0.142171123824215,-0.71094180770109,-0.102756024847372,-0.608185782853718,-0.575151865655676,-0.0330339171980427,-4.34247150048557,0.0128374061015442,0.0124254473161034,0.0217375941071289,0.024975588751243,0.0225917498972368,0.0128374061015442,0.00323799464411409,-0.00238383885400627,-0.00975434379569253,-0.000897107594081544,0.0119402985074627
"2019-08-01",30,"2022-02-01","2022-04-01",980,17,0.0173469387755102,0.0178389398572885,-4.00837160692495,-3.80673473380674,-0.201636873118211,0.125435575789942,-0.327072448908153,-0.102756024847372,-0.224316424060782,-0.323592955257691,0.0992765311969096,-4.10764813812186,0.0161803009163721,0.0178389398572885,0.0217375941071289,0.0245712715617039,0.0222251438155141,0.0161803009163721,0.00283367745457492,-0.00234612774618978,-0.00604484289914198,0.0011666378591381,0.0173469387755102
"2019-08-01",31,"2022-03-01","2022-05-01",953,15,0.0157397691500525,0.0162473794549266,-4.10344283210136,-3.80673473380674,-0.296708098294622,0.116476719657313,-0.413184817951935,-0.102756024847372,-0.310428793104564,-0.0272117273172376,-0.283217065787326,-3.82022576631404,0.0214525498427665,0.0162473794549266,0.0217375941071289,0.0243574620690612,0.0220312882988952,0.0214525498427665,0.00261986796193227,-0.00232617377016604,-0.000578738456128634,-0.00571278069271407,0.0157397691500525
"2019-08-01",32,"2022-04-01","2022-06-01",935,19,0.0203208556149733,0.0208333333333333,-3.85014760171006,-3.80673473380674,-0.0434128679033172,0.132416258675008,-0.175829126578325,-0.102756024847372,-0.0730731017309534,0.13946557299406,-0.212538674725014,-3.63760892698504,0.0256404568399175,0.0208333333333333,0.0217375941071289,0.0247391376828066,0.0223773493563086,0.0256404568399175,0.00300154357567763,-0.00236178832649794,0.00326310748360882,-0.00531960122494419,0.0203208556149733
"2019-08-01",33,"2022-05-01","2022-07-01",910,14,0.0153846153846154,0.0159165751920966,-4.12434964361866,-3.80673473380674,-0.317614909811917,0.139526428591446,-0.457141338403363,-0.102756024847372,-0.354385313555991,0.182199961940181,-0.536585275496172,-3.58776436812249,0.0269156106904475,0.0159165751920966,0.0217375941071289,0.0249112664840387,0.0225334250973301,0.0269156106904475,0.0031736723769098,-0.00237784138670864,0.00438218559311737,-0.0115309953058321,0.0153846153846154
"2019-08-01",34,"2022-06-01","2022-08-01",852,16,0.0187793427230047,0.0193434935521688,-3.92586613952034,-3.80673473380674,-0.119131405713603,0.131428628410337,-0.250560034123939,-0.102756024847372,-0.147804009276567,0.163317043844825,-0.311121053121393,-3.61474508639895,0.0262179023485009,0.0193434935521688,0.0217375941071289,0.0247153201974912,0.0223557535493254,0.0262179023485009,0.00297772609036222,-0.00235956664816576,0.0038621487991755,-0.0074385596254962,0.0187793427230047
"2019-09-01",1,"2019-10-01","2019-12-01",2291,26,0.011348756001746,0.0115619546247819,-4.44840603111502,-3.80673473380674,-0.641671297308275,-1.7073653881347,1.06569409082642,-0.000808609934271061,1.06650270076069,0.327238288421553,0.739264412339141,-5.18767044345416,0.00555398324188671,0.0115619546247818,0.0217375941071289,0.00401337969127483,0.00401014875301698,0.00555398324188671,-0.0177242144158541,-3.23093825785239e-06,0.00154383448886973,0.00579477275985925,0.011348756001746
"2019-09-01",2,"2019-11-01","2020-01-01",2215,40,0.018058690744921,0.0182761732851986,-3.98371182804824,-3.80673473380674,-0.1769770942415,-0.802500335743768,0.625523241502268,-0.000808609934271061,0.626331851436539,0.340221937540722,0.286109913895816,-4.26982174194406,0.0137914128212274,0.0182761732851985,0.0217375941071289,0.00986122148763851,0.00985332936651566,0.0137914128212274,-0.0118763726194904,-7.89212112284506e-06,0.00393808345471177,0.00426727792369356,0.018058690744921
"2019-09-01",3,"2019-12-01","2020-02-01",2161,71,0.032855159648311,0.0330712303422757,-3.37546110109666,-3.80673473380674,0.431273632710083,-0.337459829206784,0.768733461916867,-0.000808609934271061,0.769542071851138,0.398743386412819,0.37079868543832,-3.74625978653498,0.0230614854751296,0.0330712303422757,0.0217375941071289,0.0156087071675435,0.015596287680098,0.0230614854751296,-0.00612888693958539,-1.2419487445587e-05,0.00746519779503168,0.00979367417318133,0.032855159648311
"2019-09-01",4,"2020-01-01","2020-03-01",2071,56,0.0270400772573636,0.0272683397683398,-3.57438194440483,-3.80673473380674,0.232352789401916,-0.182480278425218,0.414833067827134,-0.000808609934271061,0.415641677761405,0.267163533020558,0.148478144740847,-3.72286008914567,0.0235945978710151,0.0272683397683398,0.0217375941071289,0.0181776956171205,0.0181632697609159,0.0235945978710151,-0.00355989849000843,-1.44258562046057e-05,0.00543132811009915,0.00344547938634853,0.0270400772573636
"2019-09-01",5,"2020-02-01","2020-04-01",2023,51,0.0252100840336134,0.0254446640316206,-3.64547524505034,-3.80673473380674,0.161259488756402,-0.110329660461367,0.27158914921777,-0.000808609934271061,0.272397759152041,0.020954849412792,0.251442909739249,-3.89691815478959,0.0199003261240582,0.0254446640316205,0.0217375941071289,0.019511164970081,0.0194957018830669,0.0199003261240582,-0.00222642913704798,-1.54630870140664e-05,0.000404624240991348,0.0053097579095552,0.0252100840336134
"2019-09-01",6,"2020-03-01","2020-05-01",1971,36,0.0182648401826484,0.0185091277890467,-3.97080870942926,-3.80673473380674,-0.164073975622516,-0.00462210480800024,-0.159451870814516,-0.000808609934271061,-0.158643260880244,-0.109104323685269,-0.0495389371949754,-3.92126977223428,0.0194308764258237,0.0185091277890466,0.0217375941071289,0.0216395216911312,0.0216224090260342,0.0194308764258237,-9.8072415997727e-05,-1.71126650969945e-05,-0.00219153260021049,-0.00116603624317533,0.0182648401826484
"2019-09-01",7,"2020-04-01","2020-06-01",1926,44,0.0228452751817238,0.0230928905033731,-3.74486677050185,-3.80673473380674,0.0618679633048873,0.0795860484344686,-0.0177180851295812,-0.000808609934271061,-0.0169094751953102,-0.0839574631687652,0.0670479879734551,-3.81191475847531,0.0216277129806208,0.0230928905033731,0.0217375941071289,0.0234959992497771,0.0234774537008894,0.0216277129806208,0.00175840514264819,-1.85455488877113e-05,-0.00184974072026861,0.00121756220110298,0.0228452751817238
"2019-09-01",8,"2020-05-01","2020-07-01",1867,62,0.0332083556507766,0.033458244111349,-3.36342628397516,-3.80673473380674,0.443308449831584,0.14017796756865,0.303130482262934,-0.000808609934271061,0.303939092197205,0.147768516703317,0.156170575493888,-3.51959685946905,0.0287597545632411,0.033458244111349,0.0217375941071289,0.0249270977186229,0.0249074514059814,0.0287597545632411,0.00318950361149392,-1.96463126414838e-05,0.0038523031572597,0.00444860108753557,0.0332083556507766
"2019-09-01",9,"2020-06-01","2020-08-01",1804,69,0.0382483370288248,0.0385041551246537,-3.21772408273109,-3.80673473380674,0.589010651075647,0.188722894148899,0.400287756926748,-0.000808609934271061,0.401096366861019,0.304798858195984,0.0962975086650353,-3.31402159139613,0.0350932861935612,0.0385041551246537,0.0217375941071289,0.026134629384257,0.026114056843086,0.0350932861935612,0.00439703527712805,-2.0572541170976e-05,0.0089792293504752,0.00315505083526361,0.0382483370288248
"2019-09-01",10,"2020-07-01","2020-09-01",1744,66,0.0378440366972477,0.03810888252149,-3.22845386875828,-3.80673473380674,0.57828086504846,0.249100324734697,0.329180540313763,-0.000808609934271061,0.329989150248034,0.275080610897249,0.0549085393507845,-3.28336240810907,0.036146387776966,0.03810888252149,0.0217375941071289,0.0277160988991316,0.0276943168655337,0.036146387776966,0.00597850479200264,-2.17820335979141e-05,0.00845207091143235,0.00169764892028169,0.0378440366972477
"2019-09-01",11,"2020-08-01","2020-10-01",1666,49,0.0294117647058824,0.0296940611877624,-3.48666435680041,-3.80673473380674,0.32007037700633,0.289264109856582,0.0308062671497479,-0.000808609934271061,0.031614877084019,0.214259832349531,-0.182644955265512,-3.3040194015349,0.0354335572733552,0.0296940611877624,0.0217375941071289,0.0288192054610655,0.0287965821742045,0.0354335572733552,0.00708161135393656,-2.26232868609684e-05,0.00663697509915067,-0.00602179256747285,0.0294117647058824
"2019-09-01",12,"2020-09-01","2020-11-01",1599,36,0.0225140712945591,0.0228125,-3.75736991630945,-3.80673473380674,0.0493648174972909,0.294297372332265,-0.244932554834974,-0.000808609934271061,-0.244123944900703,0.143894773994937,-0.38801871889564,-3.36935119741381,0.0332671683142328,0.0228125,0.0217375941071289,0.0289604143169464,0.0289376834830313,0.0332671683142328,0.00722282020981744,-2.27308339150606e-05,0.00432948483120147,-0.0107530970196737,0.0225140712945591
"2019-09-01",13,"2020-10-01","2020-12-01",1544,40,0.0259067357512953,0.0262135922330097,-3.61491392195761,-3.80673473380674,0.191820811849135,0.303514845354915,-0.11169403350578,-0.000808609934271061,-0.110885423571509,0.200544233240718,-0.311429656812227,-3.30348426514538,0.0354518517234163,0.0262135922330097,0.0217375941071289,0.0292207539062206,0.0291978248777038,0.0354518517234163,0.0074831597990917,-2.29290285168604e-05,0.00625402684571252,-0.00954511597212096,0.0259067357512953
"2019-09-01",14,"2020-11-01","2021-01-01",1492,54,0.0361930294906166,0.036503683858004,-3.2731554813224,-3.80673473380674,0.533579252484337,0.282992614882479,0.250586637601858,-0.000808609934271061,0.251395247536129,0.302336275571726,-0.0509410280355974,-3.22221445328681,0.0383382585528342,0.036503683858004,0.0217375941071289,0.028644192466134,0.0286217025168312,0.0383382585528342,0.0069065983590051,-2.24899493028279e-05,0.00971655603600301,-0.0021452290622176,0.0361930294906166
"2019-09-01",15,"2020-12-01","2021-02-01",1454,57,0.0392022008253095,0.0395189003436426,-3.19065525722595,-3.80673473380674,0.616079476580792,0.290285959980498,0.325793516600294,-0.000808609934271061,0.326602126534565,0.160050155148238,0.166551971386327,-3.35720722861228,0.0336599454127516,0.0395189003436426,0.0217375941071289,0.0288478194500509,0.0288251743676896,0.0336599454127516,0.00711022534292199,-2.2645082361359e-05,0.00483477104506198,0.00554225541255794,0.0392022008253095
"2019-09-01",16,"2021-01-01","2021-03-01",1373,46,0.0335032774945375,0.0338427947598253,-3.35160044052278,-3.80673473380674,0.455134293283958,0.255943184868061,0.199191108415897,-0.000808609934271061,0.199999718350168,-0.0170523393881472,0.217052057738316,-3.5686524982611,0.0274207243674086,0.0338427947598253,0.0217375941071289,0.02790109687394,0.0278791736196443,0.0274207243674086,0.00616350276681102,-2.19232542956679e-05,-0.000458449252235711,0.00608255312712892,0.0335032774945375
"2019-09-01",17,"2021-02-01","2021-04-01",1300,33,0.0253846153846154,0.0257494235203689,-3.63325629663432,-3.80673473380674,0.173478437172424,0.264080020949498,-0.0906015837770743,-0.000808609934271061,-0.0897929738428032,-0.271661745630415,0.181868771787612,-3.81512506842193,0.0215598871864809,0.0257494235203689,0.0217375941071289,0.028122639040942,0.0281005467421916,0.0215598871864809,0.00638504493381307,-2.20922987503938e-05,-0.00654065955571067,0.00382472819813444,0.0253846153846154
"2019-09-01",18,"2021-03-01","2021-05-01",1257,20,0.0159108989657916,0.0162957074721781,-4.10042360829848,-3.80673473380674,-0.293688874491742,0.253616829857505,-0.547305704349247,-0.000808609934271061,-0.546497094414976,-0.520233929176068,-0.0262631652389076,-4.07416044305958,0.016722102388761,0.0162957074721781,0.0217375941071289,0.0278380692675519,0.0278161941200201,0.016722102388761,0.00610047516042296,-2.18751475318246e-05,-0.0110940917312591,-0.000811203422969409,0.0159108989657916
"2019-09-01",19,"2021-04-01","2021-06-01",1226,19,0.0154975530179445,0.0158924205378973,-4.12589291995703,-3.80673473380674,-0.319158186150285,0.241048700025503,-0.560206886175788,-0.000808609934271061,-0.559398276241517,-0.575798699208423,0.0164004229669065,-4.14229334292393,0.015637946476305,0.0158924205378973,0.0217375941071289,0.0274999475031061,0.0274783305416234,0.015637946476305,0.00576235339597715,-2.16169614826733e-05,-0.0118403840653184,-0.000140393458360501,0.0154975530179445
"2019-09-01",20,"2021-05-01","2021-07-01",1195,14,0.0117154811715481,0.012123745819398,-4.40039144720043,-3.80673473380674,-0.593656713393693,0.19016434378928,-0.783821057182972,-0.000808609934271061,-0.783012447248701,-0.604464695930074,-0.178547751318628,-4.22184369588181,0.0144594271487529,0.012123745819398,0.0217375941071289,0.0261713416691865,0.0261507410050139,0.0144594271487529,0.00443374756205756,-2.06006641725563e-05,-0.011691313856261,-0.00274394597720481,0.0117154811715481
"2019-09-01",21,"2021-06-01","2021-08-01",1174,16,0.0136286201022147,0.0140425531914894,-4.2515209629659,-3.80673473380674,-0.444786229159154,0.159736706239509,-0.604522935398664,-0.000808609934271061,-0.603714325464393,-0.615056956882158,0.0113426314177655,-4.26286359438366,0.0138863729231368,0.0140425531914894,0.0217375941071289,0.0254069305137959,0.0253869158668194,0.0138863729231368,0.00366933640666691,-2.00146469764816e-05,-0.0115005429436826,-0.000257752820922113,0.0136286201022147
"2019-09-01",22,"2021-07-01","2021-09-01",1110,11,0.00990990990990991,0.0103510351035104,-4.56026377462561,-3.80673473380674,-0.75352904081887,0.116545108534489,-0.87007414935336,-0.000808609934271061,-0.869265539419089,-0.598645632595379,-0.27061990682371,-4.2896438678019,0.013524390153859,0.0103510351035103,0.0217375941071289,0.0243590873272493,0.0243398775174824,0.013524390153859,0.00262149322012033,-1.92098097668708e-05,-0.0108154873636234,-0.00361448024394906,0.00990990990990991
"2019-09-01",23,"2021-08-01","2021-10-01",1046,9,0.00860420650095602,0.00907354345749761,-4.69327745349836,-3.80673473380674,-0.886542719691617,0.134096448024832,-1.02063916771645,-0.000808609934271061,-1.01983055778218,-0.603066826573219,-0.416763731208959,-4.2765137222894,0.0137006893183605,0.00907354345749761,0.0217375941071289,0.0247797081878399,0.0247601750905786,0.0137006893183605,0.00304211408071098,-1.95330972613088e-05,-0.0110594857722181,-0.00509648281740447,0.00860420650095602
"2019-09-01",24,"2021-09-01","2021-11-01",1024,10,0.009765625,0.0102439024390244,-4.57077590210239,-3.80673473380674,-0.764041168295651,0.136933913842919,-0.90097508213857,-0.000808609934271061,-0.900166472204299,-0.597629828619684,-0.302536643584615,-4.26823925851778,0.013812953079186,0.0102439024390244,0.0217375941071289,0.024848370001482,0.0248287841581621,0.013812953079186,0.00311077589435308,-1.95858433199546e-05,-0.011015831078976,-0.00404732807918605,0.009765625
"2019-09-01",25,"2021-10-01","2021-12-01",1006,14,0.0139165009940358,0.0143992055610725,-4.22607836313482,-3.80673473380674,-0.419343629328075,0.153144376103385,-0.57248800543146,-0.000808609934271061,-0.571679395497189,-0.643647475931096,0.0719680804339067,-4.29804644356872,0.0134127443742521,0.0143992055610725,0.0217375941071289,0.025244204774237,0.0252243149988396,0.0134127443742521,0.00350661066710802,-1.98897753973214e-05,-0.0118115706245876,0.000503756619783708,0.0139165009940358
"2019-09-01",26,"2021-11-01","2022-01-01",981,15,0.0152905198776758,0.0157841140529532,-4.13284127472318,-3.80673473380674,-0.326106540916443,0.150824454081345,-0.476930994997789,-0.000808609934271061,-0.476122385063518,-0.663257137665227,0.18713475260171,-4.31997602732489,0.0131256288598511,0.0157841140529532,0.0217375941071289,0.0251871814349458,0.0251673354279244,0.0131256288598511,0.00344958732781681,-1.9846007021318e-05,-0.0120417065680734,0.00216489101782477,0.0152905198776758
"2019-09-01",27,"2021-12-01","2022-02-01",959,16,0.0166840458811262,0.0171875,-4.04623598390207,-3.80673473380674,-0.239501250095329,0.182987039848669,-0.422488289943998,-0.000808609934271061,-0.421679680009727,-0.571170004196953,0.149490324187226,-4.1957263080893,0.0148363676973615,0.0171875,0.0217375941071289,0.0259890387722965,0.025968577780489,0.0148363676973615,0.00425144466516755,-2.04609918074625e-05,-0.0111322100831275,0.00184767818376468,0.0166840458811262
"2019-09-01",28,"2022-01-01","2022-03-01",936,14,0.014957264957265,0.0154749199573106,-4.15293872648815,-3.80673473380674,-0.346203992681413,0.161161887237147,-0.50736587991856,-0.000808609934271061,-0.506557269984289,-0.575151865655676,0.0685945956713869,-4.22153332215954,0.0144638507501795,0.0154749199573106,0.0217375941071289,0.0254422438960924,0.0254222021561761,0.0144638507501795,0.00370464978896346,-2.0041739916276e-05,-0.0109583514059966,0.000493414207085456,0.014957264957265
"2019-09-01",29,"2022-02-01","2022-04-01",912,14,0.0153508771929825,0.015881708652793,-4.12657805679708,-3.80673473380674,-0.319843322990343,0.142171123824215,-0.462014446814559,-0.000808609934271061,-0.461205836880288,-0.323592955257691,-0.137612881622597,-3.98896517517449,0.0181821550625832,0.015881708652793,0.0217375941071289,0.024975588751243,0.0249559051985077,0.0181821550625832,0.00323799464411409,-1.96835527353847e-05,-0.0067737501359244,-0.00283127786960079,0.0153508771929825
"2019-09-01",30,"2022-03-01","2022-05-01",886,15,0.0169300225733634,0.0174746335963923,-4.02937584103487,-3.80673473380674,-0.222641107228133,0.125435575789942,-0.348076683018075,-0.000808609934271061,-0.347268073083804,-0.0272117273172376,-0.320056345766567,-3.70931949526831,0.0239085651684613,0.0174746335963923,0.0217375941071289,0.0245712715617039,0.0245518986322703,0.0239085651684613,0.00283367745457492,-1.93729294335337e-05,-0.000643333463809015,-0.00697854259509788,0.0169300225733634
"2019-09-01",31,"2022-04-01","2022-06-01",874,19,0.0217391304347826,0.0222857142857143,-3.78127162776255,-3.80673473380674,0.0254631060441941,0.116476719657313,-0.0910136136131194,-0.000808609934271061,-0.0902050036788483,0.13946557299406,-0.229670576672909,-3.55160105108964,0.0278791494388645,0.0222857142857143,0.0217375941071289,0.0243574620690612,0.0243382535090155,0.0278791494388645,0.00261986796193227,-1.92085600457109e-05,0.00354089592984896,-0.00614001900408186,0.0217391304347826
"2019-09-01",32,"2022-05-01","2022-07-01",856,20,0.0233644859813084,0.0239206534422404,-3.70880163428252,-3.80673473380674,0.0979330995242251,0.132416258675008,-0.0344831591507828,-0.000808609934271061,-0.0336745492165117,0.182199961940181,-0.215874511156693,-3.49292712312582,0.0295141468464404,0.0239206534422404,0.0217375941071289,0.0247391376828066,0.0247196357554181,0.0295141468464404,0.00300154357567763,-1.95019273884697e-05,0.00479451109102233,-0.00614966086513202,0.0233644859813084
"2019-09-01",33,"2022-06-01","2022-08-01",834,17,0.0203836930455636,0.0209580838323353,-3.84405002184194,-3.80673473380674,-0.0373152880351988,0.139526428591446,-0.176841716626644,-0.000808609934271061,-0.176033106692373,0.163317043844825,-0.339350150537198,-3.50469987130474,0.0291788006168993,0.0209580838323353,0.0217375941071289,0.0249112664840387,0.0248916323302751,0.0291788006168993,0.0031736723769098,-1.96341537636001e-05,0.00428716828662419,-0.00879510757133579,0.0203836930455636
"2019-09-01",34,"2022-07-01","2022-09-01",797,18,0.0225846925972397,0.0231829573934837,-3.74088195641355,-3.80673473380674,0.065852777393189,0.131428628410337,-0.0655758510171477,-0.000808609934271061,-0.0647672410828766,0.2976639458145,-0.362431186897376,-3.37845076951618,0.0329757614904588,0.0231829573934837,0.0217375941071289,0.0247153201974912,0.0246958365700534,0.0329757614904588,0.00297772609036222,-1.94836274378142e-05,0.00827992492040545,-0.0103910688932192,0.0225846925972397
"2019-10-01",1,"2019-11-01","2020-01-01",3111,27,0.00867888138862102,0.00883676092544987,-4.71995884397717,-3.80673473380674,-0.913224110170426,-1.7073653881347,0.794141277964272,-0.0940095558367882,0.888150833801061,0.340221937540722,0.547928896260338,-5.26788774023751,0.00512805421002545,0.00883676092544987,0.0217375941071289,0.00401337969127483,0.00365459147494706,0.00512805421002545,-0.0177242144158541,-0.000358788216327777,0.00147346273507839,0.00355082717859558,0.00867888138862102
"2019-10-01",2,"2019-12-01","2020-02-01",3013,50,0.016594756057086,0.0167551426675514,-4.07215294494658,-3.80673473380674,-0.265418211139838,-0.802500335743768,0.53708212460393,-0.0940095558367882,0.631091680440718,0.398743386412819,0.2323482940279,-4.30450123897448,0.0133275968111331,0.0167551426675514,0.0217375941071289,0.00986122148763851,0.00898436358803845,0.0133275968111331,-0.0118763726194904,-0.000876857899600059,0.00434323322309469,0.00326715924595283,0.016594756057086
"2019-10-01",3,"2020-01-01","2020-03-01",2955,75,0.0253807106598985,0.0255412719891746,-3.64158651291746,-3.80673473380674,0.165148220889282,-0.337459829206784,0.502608050096066,-0.0940095558367882,0.596617605932854,0.267163533020558,0.329454072912296,-3.97104058582975,0.0185049158674118,0.0255412719891746,0.0217375941071289,0.0156087071675435,0.0142281278801067,0.0185049158674118,-0.00612888693958539,-0.00138057928743681,0.00427678798730506,0.00687579479248668,0.0253807106598985
"2019-10-01",4,"2020-02-01","2020-04-01",2853,65,0.0227830354013319,0.0229502452697968,-3.7512089531884,-3.80673473380674,0.0555257806183391,-0.182480278425218,0.238006059043557,-0.0940095558367882,0.332015614880345,0.020954849412792,0.311060765467553,-4.06226971865595,0.0169187429949276,0.0229502452697968,0.0217375941071289,0.0181776956171205,0.0165737167696966,0.0169187429949276,-0.00355989849000843,-0.00160397884742391,0.000345026225230971,0.00586429240640435,0.0227830354013319
"2019-10-01",5,"2020-03-01","2020-05-01",2795,64,0.0228980322003578,0.023068669527897,-3.74594096403405,-3.80673473380674,0.0607937697726957,-0.110329660461367,0.171123430234063,-0.0940095558367882,0.265132986070851,-0.109104323685269,0.37423730975612,-4.12017827379017,0.0159820444563449,0.023068669527897,0.0217375941071289,0.019511164970081,0.0177916545203841,0.0159820444563449,-0.00222642913704798,-0.0017195104496969,-0.00180961006403912,0.00691598774401284,0.0228980322003578
"2019-10-01",6,"2020-04-01","2020-06-01",2736,65,0.0237573099415205,0.0239313116550968,-3.70834524875662,-3.80673473380674,0.0983894850501215,-0.00462210480800024,0.103011589858122,-0.0940095558367882,0.19702114569491,-0.0839574631687652,0.280978608863675,-3.9893238576203,0.0181757531262874,0.0239313116550968,0.0217375941071289,0.0216395216911312,0.0197362157041284,0.0181757531262874,-9.8072415997727e-05,-0.00190330598700286,-0.00156046257784094,0.00558155681523305,0.0237573099415205
"2019-10-01",7,"2020-05-01","2020-07-01",2655,72,0.0271186440677966,0.027296686746988,-3.57331378586661,-3.80673473380674,0.233420947940131,0.0795860484344686,0.153834899505662,-0.0940095558367882,0.247844455342451,0.147768516703317,0.100075938639134,-3.67338972450574,0.0247615556475278,0.0272966867469879,0.0217375941071289,0.0234959992497771,0.0214329837471069,0.0247615556475278,0.00175840514264819,-0.00206301550267022,0.00332857190042089,0.00235708842026881,0.0271186440677966
"2019-10-01",8,"2020-06-01","2020-08-01",2575,76,0.0295145631067961,0.0296972049689441,-3.48655525002113,-3.80673473380674,0.320179483785606,0.14017796756865,0.180001516216956,-0.0940095558367882,0.274011072053744,0.304798858195984,-0.0307877861422398,-3.45576746387889,0.0305973259530394,0.0296972049689441,0.0217375941071289,0.0249270977186229,0.0227413540139714,0.0305973259530394,0.00318950361149392,-0.00218574370465146,0.00785597193906804,-0.00108276284624333,0.0295145631067961
"2019-10-01",9,"2020-07-01","2020-09-01",2465,74,0.0300202839756592,0.0302108678021087,-3.46887693773484,-3.80673473380674,0.337857796071904,0.188722894148899,0.149134901923005,-0.0940095558367882,0.243144457759793,0.275080610897249,-0.0319361531374562,-3.43694078459738,0.031160708665004,0.0302108678021087,0.0217375941071289,0.026134629384257,0.023845592113444,0.031160708665004,0.00439703527712805,-0.00228903727081302,0.00731511655156,-0.00114042468934475,0.0300202839756592
"2019-10-01",10,"2020-08-01","2020-10-01",2379,68,0.028583438419504,0.028781512605042,-3.5188181981601,-3.80673473380674,0.287916535646641,0.249100324734697,0.0388162109119436,-0.0940095558367882,0.132825766748732,0.214259832349531,-0.0814340656007994,-3.4373841325593,0.031147326896398,0.028781512605042,0.0217375941071289,0.0277160988991316,0.0252921438184999,0.031147326896398,0.00597850479200264,-0.00242395508063172,0.00585518307789815,-0.00256388847689402,0.028583438419504
"2019-10-01",11,"2020-09-01","2020-11-01",2296,73,0.031794425087108,0.0319982585981715,-3.40955240373196,-3.80673473380674,0.397182330074781,0.289264109856582,0.107918220218199,-0.0940095558367882,0.201927776054987,0.143894773994937,0.0580330020600503,-3.46758540579201,0.0302487302938843,0.0319982585981715,0.0217375941071289,0.0288192054610655,0.0263013861881144,0.0302487302938843,0.00708161135393656,-0.00251781927295107,0.00394734410576989,0.0015456947932237,0.031794425087108
"2019-10-01",12,"2020-10-01","2020-12-01",2213,68,0.0307275192046995,0.0309394760614273,-3.4442941591634,-3.80673473380674,0.362440574643342,0.294297372332265,0.0681432023110764,-0.0940095558367882,0.162152758147865,0.200544233240718,-0.0383914750928538,-3.40590268407055,0.0321114996640737,0.0309394760614273,0.0217375941071289,0.0289604143169464,0.0264305939346729,0.0321114996640737,0.00722282020981744,-0.00252982038227351,0.00568090572940088,-0.00138398045937425,0.0307275192046995
"2019-10-01",13,"2020-11-01","2021-01-01",2126,75,0.035277516462841,0.035496003761166,-3.30219385562726,-3.80673473380674,0.504540878179479,0.303514845354915,0.201026032824565,-0.0940095558367882,0.295035588661353,0.302336275571726,-0.00730068691037355,-3.29489316871689,0.0357467997367664,0.035496003761166,0.0217375941071289,0.0292207539062206,0.0266688162940014,0.0357467997367664,0.0074831597990917,-0.00255193761221924,0.00907798344276498,-0.000469283273925356,0.035277516462841
"2019-10-01",14,"2020-12-01","2021-02-01",2037,58,0.0284732449680903,0.0287046123650638,-3.52157281230837,-3.80673473380674,0.285161921498367,0.282992614882479,0.00216930661588793,-0.0940095558367882,0.0961788624526761,0.160050155148238,-0.0638712926955616,-3.45770151961281,0.030540011725907,0.0287046123650638,0.0217375941071289,0.028644192466134,0.0261412518162809,0.030540011725907,0.0069065983590051,-0.00250294064985318,0.00439875990962619,-0.00206676675781671,0.0284732449680903
"2019-10-01",15,"2021-01-01","2021-03-01",1979,55,0.0277918140474987,0.028030303030303,-3.54603845197141,-3.80673473380674,0.260696281835329,0.290285959980498,-0.0295896781451686,-0.0940095558367882,0.0644198776916196,-0.0170523393881472,0.0814722170797669,-3.62751066905118,0.0258939540075635,0.028030303030303,0.0217375941071289,0.0288478194500509,0.0263275680558574,0.0258939540075635,0.00711022534292199,-0.0025202513941935,-0.000433614048293948,0.00189786003993525,0.0277918140474987
"2019-10-01",16,"2021-02-01","2021-04-01",1902,37,0.019453207150368,0.0197057277982133,-3.90694345968485,-3.80673473380674,-0.100208725878106,0.255943184868061,-0.356151910746167,-0.0940095558367882,-0.262142354909379,-0.271661745630415,0.00951939072103603,-3.91646285040588,0.0195226761193316,0.0197057277982133,0.0217375941071289,0.02790109687394,0.0254613861942298,0.0195226761193316,0.00616350276681102,-0.00243971067971017,-0.00593871007489819,-6.94689689635687e-05,0.019453207150368
"2019-10-01",17,"2021-03-01","2021-05-01",1835,31,0.0168937329700272,0.017156862745098,-4.04805127825126,-3.80673473380674,-0.241316544444515,0.264080020949498,-0.505396565394013,-0.0940095558367882,-0.411387009557225,-0.520233929176068,0.108846919618844,-4.1568981978701,0.0154147112285661,0.017156862745098,0.0217375941071289,0.028122639040942,0.025664067839011,0.0154147112285661,0.00638504493381307,-0.00245857120193097,-0.0102493566104449,0.0014790217414611,0.0168937329700272
"2019-10-01",18,"2021-04-01","2021-06-01",1785,22,0.0123249299719888,0.0125979843225084,-4.36154044046573,-3.80673473380674,-0.554805706658991,0.253616829857505,-0.808422536516496,-0.0940095558367882,-0.714412980679708,-0.575798699208423,-0.138614281471285,-4.22292615899445,0.0144440097728121,0.0125979843225084,0.0217375941071289,0.0278380692675519,0.0254037257853358,0.0144440097728121,0.00610047516042296,-0.00243434348221609,-0.0109597160125237,-0.00211907980082335,0.0123249299719888
"2019-10-01",19,"2021-05-01","2021-07-01",1745,22,0.0126074498567335,0.0128865979381443,-4.33859707674655,-3.80673473380674,-0.531862342939805,0.241048700025503,-0.772911042965307,-0.0940095558367882,-0.678901487128519,-0.604464695930074,-0.0744367911984455,-4.2641602855481,0.0138686278166962,0.0128865979381443,0.0217375941071289,0.0274999475031061,0.0250944083792435,0.0138686278166962,0.00576235339597715,-0.00240553912386262,-0.0112257805625472,-0.00126117795996272,0.0126074498567335
"2019-10-01",20,"2021-06-01","2021-08-01",1712,21,0.0122663551401869,0.0125510799766492,-4.36531805308715,-3.80673473380674,-0.558583319280404,0.19016434378928,-0.748747663069684,-0.0940095558367882,-0.654738107232896,-0.615056956882158,-0.0396811503507379,-4.32563690273641,0.0130525033170261,0.0125510799766492,0.0217375941071289,0.0261713416691865,0.0238791677465877,0.0130525033170261,0.00443374756205756,-0.00229217392259876,-0.0108266644295616,-0.000786148176839198,0.0122663551401869
"2019-10-01",21,"2021-07-01","2021-09-01",1639,17,0.0103721781574131,0.0106707317073171,-4.52952256764878,-3.80673473380674,-0.722787833842036,0.159736706239509,-0.882524540081545,-0.0940095558367882,-0.788514984244757,-0.598645632595379,-0.189869351649378,-4.3396532159994,0.0128731701926448,0.0106707317073171,0.0217375941071289,0.0254069305137959,0.0231801126768865,0.0128731701926448,0.00366933640666691,-0.00222681783690936,-0.0103069424842417,-0.0025009920352317,0.0103721781574131
"2019-10-01",22,"2021-08-01","2021-10-01",1562,17,0.0108834827144686,0.0111964171465131,-4.4809018806427,-3.80673473380674,-0.674167146835962,0.116545108534489,-0.790712255370451,-0.0940095558367882,-0.696702699533663,-0.603066826573219,-0.0936358729604443,-4.38726600768226,0.0122819569140507,0.0111964171465131,0.0217375941071289,0.0243590873272493,0.0222220147780355,0.0122819569140507,0.00262149322012033,-0.00213707254921377,-0.00994005786398477,-0.0013984741995821,0.0108834827144686
"2019-10-01",23,"2021-09-01","2021-11-01",1515,17,0.0112211221122112,0.0115435356200528,-4.45001900582725,-3.80673473380674,-0.643284272020509,0.134096448024832,-0.77738072004534,-0.0940095558367882,-0.683371164208552,-0.597629828619684,-0.0857413355888683,-4.36427767023838,0.0125639805550392,0.0115435356200528,0.0217375941071289,0.0247797081878399,0.0226065887653735,0.0125639805550392,0.00304211408071098,-0.00217311942246645,-0.0100426082103343,-0.00134285844282796,0.0112211221122112
"2019-10-01",24,"2021-10-01","2021-12-01",1486,18,0.0121130551816958,0.0124411566913248,-4.3742260185544,-3.80673473380674,-0.567491284747654,0.136933913842919,-0.704425198590574,-0.0940095558367882,-0.610415642753785,-0.643647475931096,0.0332318331773104,-4.40745785173171,0.0120394043049196,0.0124411566913248,0.0217375941071289,0.024848370001482,0.0226693690783673,0.0120394043049196,0.00311077589435308,-0.0021790009231147,-0.0106299647734477,7.36508767762052e-05,0.0121130551816958
"2019-10-01",25,"2021-11-01","2022-01-01",1448,15,0.0103591160220994,0.0106970324361629,-4.52703426139822,-3.80673473380674,-0.720299527591482,0.153144376103385,-0.873443903694867,-0.0940095558367882,-0.779434347858079,-0.663257137665227,-0.116177210192851,-4.41085705120537,0.0119990396634835,0.0106970324361629,0.0217375941071289,0.025244204774237,0.0230313121682729,0.0119990396634835,0.00350661066710802,-0.0022128926059641,-0.0110322725047893,-0.00163992364138408,0.0103591160220994
"2019-10-01",26,"2021-12-01","2022-02-01",1412,17,0.0120396600566572,0.0123849964614296,-4.37880717204691,-3.80673473380674,-0.572072438240167,0.150824454081345,-0.722896892321512,-0.0940095558367882,-0.628887336484724,-0.571170004196953,-0.0577173322877716,-4.32108983975914,0.0131112090823463,0.0123849964614296,0.0217375941071289,0.0251871814349458,0.0229791696232087,0.0131112090823463,0.00344958732781681,-0.00220801181173704,-0.00986796054086238,-0.00107154902568911,0.0120396600566572
"2019-10-01",27,"2022-01-01","2022-03-01",1372,19,0.0138483965014577,0.0142024763292061,-4.24003464348465,-3.80673473380674,-0.433299909677913,0.182987039848669,-0.616286949526582,-0.0940095558367882,-0.522277393689794,-0.575151865655676,0.0528744719658816,-4.29290911545054,0.0134808960417599,0.0142024763292061,0.0217375941071289,0.0259890387722965,0.0237124427646762,0.0134808960417599,0.00425144466516755,-0.00227659600762026,-0.0102315467229163,0.000367500459697811,0.0138483965014577
"2019-10-01",28,"2022-02-01","2022-04-01",1343,24,0.0178704393149665,0.0182291666666667,-3.9863350383927,-3.80673473380674,-0.179600304585956,0.161161887237147,-0.340762191823103,-0.0940095558367882,-0.246752635986315,-0.323592955257691,0.0768403192713759,-4.06317535766407,0.0169036865430976,0.0182291666666667,0.0217375941071289,0.0254422438960924,0.023212404696856,0.0169036865430976,0.00370464978896346,-0.00222983919923643,-0.00630871815375832,0.000966752771868844,0.0178704393149665
"2019-10-01",29,"2022-03-01","2022-05-01",1307,26,0.0198928844682479,0.0202599388379205,-3.87864181281195,-3.80673473380674,-0.0719070790052081,0.142171123824215,-0.214078202829423,-0.0940095558367882,-0.120068646992635,-0.0272117273172376,-0.0928569196753977,-3.78578489313655,0.0221875862059049,0.0202599388379205,0.0217375941071289,0.024975588751243,0.0227856924492982,0.0221875862059049,0.00323799464411409,-0.00218989630194483,-0.000598106243393282,-0.00229470173765703,0.0198928844682479
"2019-10-01",30,"2022-04-01","2022-06-01",1282,26,0.0202808112324493,0.0206547155105222,-3.85894062399147,-3.80673473380674,-0.0522058901847293,0.125435575789942,-0.177641465974671,-0.0940095558367882,-0.0836319101378833,0.13946557299406,-0.223097483131944,-3.63584314085953,0.0256846084874604,0.0206547155105222,0.0217375941071289,0.0245712715617039,0.0224160113560954,0.0256846084874604,0.00283367745457492,-0.00215526020560842,0.00326859713136498,-0.00540379725501112,0.0202808112324493
"2019-10-01",31,"2022-05-01","2022-07-01",1246,24,0.0192616372391653,0.0196471531676022,-3.90998010379835,-3.80673473380674,-0.103245369991605,0.116476719657313,-0.219722089648918,-0.0940095558367882,-0.12571253381213,0.182199961940181,-0.307912495752311,-3.60206760804604,0.0265435164081555,0.0196471531676022,0.0217375941071289,0.0243574620690612,0.0222205288596032,0.0265435164081555,0.00261986796193227,-0.00213693320945797,0.0043229875485522,-0.00728187916899012,0.0192616372391653
"2019-10-01",32,"2022-06-01","2022-08-01",1212,20,0.0165016501650165,0.0169002473206925,-4.06338233661813,-3.80673473380674,-0.256647602811393,0.132416258675008,-0.389063861486401,-0.0940095558367882,-0.295054305649613,0.163317043844825,-0.458371349494438,-3.6050109871237,0.0264675684523727,0.0169002473206925,0.0217375941071289,0.0247391376828066,0.0225694938526365,0.0264675684523727,0.00300154357567763,-0.00216964383017007,0.00389807459973615,-0.00996591828735615,0.0165016501650165
"2019-10-01",33,"2022-07-01","2022-09-01",1180,29,0.0245762711864407,0.0249788314987299,-3.66443045591497,-3.80673473380674,0.142304277891776,0.139526428591446,0.00277784930032993,-0.0940095558367882,0.0967874051371181,0.2976639458145,-0.200876540677382,-3.46355391523758,0.0303672132304545,0.0249788314987299,0.0217375941071289,0.0249112664840387,0.022726878592999,0.0303672132304545,0.0031736723769098,-0.00218438789103973,0.00764033463745544,-0.00579094204401378,0.0245762711864407
"2019-10-01",34,"2022-08-01","2022-10-01",1118,29,0.0259391771019678,0.0263628239499553,-3.6090838910389,-3.80673473380674,0.197650842767841,0.131428628410337,0.0662222143575041,-0.0940095558367882,0.160231770194292,0.288943584343451,-0.128711814149159,-3.48037207688974,0.0298758938916972,0.0263628239499553,0.0217375941071289,0.0247153201974912,0.02254771688873,0.0298758938916972,0.00297772609036222,-0.0021676033087612,0.00732817700296728,-0.00393671678972945,0.0259391771019678
"2019-11-01",1,"2019-12-01","2020-02-01",3017,26,0.00861783228372556,0.00878064943671305,-4.72638547983791,-3.80673473380674,-0.919650746031169,-1.7073653881347,0.787714642103529,-0.286785702756875,1.0745003448604,0.398743386412819,0.675756958447586,-5.4021424382855,0.00448669365885444,0.00878064943671305,0.0217375941071289,0.00401337969127483,0.00301575178079195,0.00448669365885444,-0.0177242144158541,-0.000997627910482881,0.00147094187806249,0.00413113862487111,0.00861783228372556
"2019-11-01",2,"2020-01-01","2020-03-01",2946,33,0.0112016293279022,0.0113674923651171,-4.46556494775211,-3.80673473380674,-0.658830213945367,-0.802500335743768,0.1436701217984,-0.286785702756875,0.430455824555276,0.267163533020558,0.163292291534717,-4.62885723928683,0.00967146217310094,0.0113674923651171,0.0217375941071289,0.00986122148763851,0.00742079386788222,0.00967146217310094,-0.0118763726194904,-0.00244042761975629,0.00225066830521873,0.0015301671548013,0.0112016293279022
"2019-11-01",3,"2020-02-01","2020-04-01",2902,37,0.012749827705031,0.0129176713744402,-4.33615720101543,-3.80673473380674,-0.529422467208686,-0.337459829206784,-0.191962638001902,-0.286785702756875,0.0948230647549729,0.020954849412792,0.0738682153421809,-4.41002541635761,0.0120089027490085,0.0129176713744402,0.0217375941071289,0.0156087071675435,0.0117628055188873,0.0120089027490085,-0.00612888693958539,-0.0038459016486562,0.00024609723012118,0.000740924956022484,0.012749827705031
"2019-11-01",4,"2020-03-01","2020-05-01",2842,35,0.0123152709359606,0.0124868097080549,-4.37051699013123,-3.80673473380674,-0.563782256324487,-0.182480278425218,-0.381301977899269,-0.286785702756875,-0.0945162751423933,-0.109104323685269,0.0145880485428758,-4.3851050386741,0.0123081995157735,0.0124868097080549,0.0217375941071289,0.0181776956171205,0.0137076233056789,0.0123081995157735,-0.00355989849000843,-0.00447007231144166,-0.00139942378990538,7.07142018711686e-06,0.0123152709359606
"2019-11-01",5,"2020-04-01","2020-06-01",2787,48,0.0172228202368138,0.0173959827833572,-4.03396690303503,-3.80673473380674,-0.227232169228292,-0.110329660461367,-0.116902508766924,-0.286785702756875,0.169883193989951,-0.0839574631687652,0.253840657158716,-4.28780756019375,0.0135489111151157,0.0173959827833572,0.0217375941071289,0.019511164970081,0.0147180951740888,0.0135489111151157,-0.00222642913704798,-0.00479306979599219,-0.00116918405897311,0.00367390912169811,0.0172228202368138
"2019-11-01",6,"2020-05-01","2020-07-01",2708,63,0.0232644017725258,0.0234403839055002,-3.72957545644554,-3.80673473380674,0.0771592773612007,-0.00462210480800024,0.0817813821692009,-0.286785702756875,0.368567084926076,0.147768516703317,0.220798568222759,-3.9503740246683,0.0188840309761516,0.0234403839055002,0.0217375941071289,0.0216395216911312,0.0163323137080852,0.0188840309761516,-9.8072415997727e-05,-0.00530720798304599,0.00255171726806641,0.00438037079637421,0.0232644017725258
"2019-11-01",7,"2020-06-01","2020-08-01",2625,64,0.0243809523809524,0.0245620715917746,-3.68168307957753,-3.80673473380674,0.125051654229211,0.0795860484344686,0.0454656057947423,-0.286785702756875,0.332251308551618,0.304798858195984,0.0274524503556338,-3.70913552993316,0.0239128587335314,0.0245620715917746,0.0217375941071289,0.0234959992497771,0.0177417369335445,0.0239128587335314,0.00175840514264819,-0.00575426231623263,0.00617112179998693,0.000468093647420949,0.0243809523809524
"2019-11-01",8,"2020-07-01","2020-09-01",2555,64,0.0250489236790607,0.0252347417840376,-3.65397499391973,-3.80673473380674,0.152759739887009,0.14017796756865,0.0125817723183582,-0.286785702756875,0.299367475075234,0.275080610897249,0.0242868641779844,-3.67826185809772,0.0246441733364929,0.0252347417840376,0.0217375941071289,0.0249270977186229,0.0188291118224452,0.0246441733364929,0.00318950361149392,-0.00609798589617767,0.00581506151404772,0.000404750342567744,0.0250489236790607
"2019-11-01",9,"2020-08-01","2020-10-01",2484,60,0.0241545893719807,0.0243460764587525,-3.69073723150861,-3.80673473380674,0.11599750229813,0.188722894148899,-0.0727253918507689,-0.286785702756875,0.214060310906106,0.214259832349531,-0.000199521443424749,-3.69053771006519,0.0243508162102387,0.0243460764587525,0.0217375941071289,0.026134629384257,0.0197472241195949,0.0243508162102387,0.00439703527712805,-0.00638740526466209,0.00460359209064379,-0.000196226838258012,0.0241545893719807
"2019-11-01",10,"2020-09-01","2020-11-01",2370,50,0.0210970464135021,0.0212990299451708,-3.82756462239992,-3.80673473380674,-0.020829888593175,0.249100324734697,-0.269930213327872,-0.286785702756875,0.0168554894290031,0.143894773994937,-0.127039284565933,-3.70052533783398,0.0241146554782611,0.0212990299451708,0.0217375941071289,0.0277160988991316,0.0209504913603071,0.0241146554782611,0.00597850479200264,-0.00676560753882453,0.00316416411795408,-0.00301760906475903,0.0210970464135021
"2019-11-01",11,"2020-10-01","2020-12-01",2284,51,0.0223292469352014,0.0225382932166302,-3.76974333312248,-3.80673473380674,0.0369914006842582,0.289264109856582,-0.252272709172324,-0.286785702756875,0.0345129935845515,0.200544233240718,-0.166031239656167,-3.60371209346632,0.0265010576858132,0.0225382932166302,0.0217375941071289,0.0288192054610655,0.0217903601284253,0.0265010576858132,0.00708161135393656,-0.00702884533264025,0.00471069755738791,-0.00417181075061177,0.0223292469352014
"2019-11-01",12,"2020-11-01","2021-01-01",2207,59,0.0267331218849116,0.0269474637681159,-3.58654889066347,-3.80673473380674,0.220185843143275,0.294297372332265,-0.0741115291889898,-0.286785702756875,0.212674173567886,0.302336275571726,-0.0896621020038409,-3.49688678865963,0.0294009409478487,0.0269474637681159,0.0217375941071289,0.0289604143169464,0.0218979054674455,0.0294009409478487,0.00722282020981744,-0.00706250884950091,0.00750303548040319,-0.00266781906293701,0.0267331218849116
"2019-11-01",13,"2020-12-01","2021-02-01",2145,60,0.027972027972028,0.0281919850885368,-3.5401205486002,-3.80673473380674,0.266614185206537,0.303514845354915,-0.0369006601483777,-0.286785702756875,0.249885042608498,0.160050155148238,0.0898348874602599,-3.62995543606046,0.0258323599546952,0.0281919850885368,0.0217375941071289,0.0292207539062206,0.0220962013384377,0.0258323599546952,0.0074831597990917,-0.00712455256778292,0.00373615861625748,0.00213966801733277,0.027972027972028
"2019-11-01",14,"2021-01-01","2021-03-01",2080,49,0.0235576923076923,0.0237866410379625,-3.71455704585314,-3.80673473380674,0.0921776879536047,0.282992614882479,-0.190814926928874,-0.286785702756875,0.095970775828001,-0.0170523393881472,0.113023115216148,-3.82758016106929,0.0212987060380928,0.0237866410379625,0.0217375941071289,0.028644192466134,0.0216570799802679,0.0212987060380928,0.0069065983590051,-0.00698711248586611,-0.00035837394217517,0.00225898626959955,0.0235576923076923
"2019-11-01",15,"2021-02-01","2021-04-01",1993,32,0.0160561966884094,0.0162988966900702,-4.10022467631392,-3.80673473380674,-0.293489942507175,0.290285959980498,-0.583775902487672,-0.286785702756875,-0.296990199730797,-0.271661745630415,-0.0253284541003818,-4.07489622221353,0.0167100086602911,0.0162988966900702,0.0217375941071289,0.0288478194500509,0.0218121520628763,0.0167100086602911,0.00711022534292199,-0.00703566738717464,-0.00510214340258517,-0.00065381197188169,0.0160561966884094
"2019-11-01",16,"2021-03-01","2021-05-01",1925,19,0.00987012987012987,0.0101246105919003,-4.58260991372792,-3.80673473380674,-0.775875179921176,0.255943184868061,-1.03181836478924,-0.286785702756875,-0.745032662032361,-0.520233929176068,-0.224798732856293,-4.35781118087162,0.0126444580275756,0.0101246105919003,0.0217375941071289,0.02790109687394,0.0210913102175255,0.0126444580275756,0.00616350276681102,-0.00680978665641444,-0.00844685218994991,-0.00277432815744573,0.00987012987012987
"2019-11-01",17,"2021-04-01","2021-06-01",1870,15,0.00802139037433155,0.0082843399251737,-4.78506945657545,-3.80673473380674,-0.97833472276871,0.264080020949498,-1.24241474371821,-0.286785702756875,-0.955629040961333,-0.575798699208423,-0.379830341752909,-4.40523911482254,0.0120658235679289,0.0082843399251737,0.0217375941071289,0.028122639040942,0.0212599634114555,0.0120658235679289,0.00638504493381307,-0.0068626756294865,-0.00919413984352659,-0.00404443319359737,0.00802139037433155
"2019-11-01",18,"2021-05-01","2021-07-01",1820,17,0.00934065934065934,0.00961010433827567,-4.63528361941413,-3.80673473380674,-0.828548885607384,0.253616829857505,-1.08216571546489,-0.286785702756875,-0.795380012708014,-0.604464695930074,-0.19091531677794,-4.44436830263619,0.0116081900212829,0.00961010433827567,0.0217375941071289,0.0278380692675519,0.021043332679887,0.0116081900212829,0.00610047516042296,-0.00679473658766485,-0.00943514265860412,-0.00226753068062359,0.00934065934065934
"2019-11-01",19,"2021-06-01","2021-08-01",1790,23,0.0128491620111732,0.0131211613623674,-4.32032097662061,-3.80673473380674,-0.513586242813873,0.241048700025503,-0.754634942839376,-0.286785702756875,-0.4678492400825,-0.615056956882158,0.147207716799658,-4.46752869342027,0.011345444419403,0.0131211613623674,0.0217375941071289,0.0274999475031061,0.0207859753582523,0.011345444419403,0.00576235339597715,-0.00671397214485384,-0.00944053093884929,0.00150371759177023,0.0128491620111732
"2019-11-01",20,"2021-07-01","2021-09-01",1718,24,0.0139697322467986,0.0142524723676556,-4.23646987349643,-3.80673473380674,-0.429735139689684,0.19016434378928,-0.619899483478964,-0.286785702756875,-0.333113780722088,-0.598645632595379,0.26553185187329,-4.50200172536972,0.0109652127009137,0.0142524723676556,0.0217375941071289,0.0261713416691865,0.019775145975645,0.0109652127009137,0.00443374756205756,-0.00639619569354154,-0.00880993327473125,0.0030045195458849,0.0139697322467986
"2019-11-01",21,"2021-08-01","2021-10-01",1632,23,0.014093137254902,0.0143906919779547,-4.22667842958875,-3.80673473380674,-0.419943695782008,0.159736706239509,-0.579680402021517,-0.286785702756875,-0.292894699264642,-0.603066826573219,0.310172127308577,-4.53685055689733,0.0105936478502461,0.0143906919779547,0.0217375941071289,0.0254069305137959,0.0191938724024249,0.0105936478502461,0.00366933640666691,-0.00621305811137097,-0.00860022455217879,0.00349948940465587,0.014093137254902
"2019-11-01",22,"2021-09-01","2021-11-01",1585,21,0.0132492113564669,0.0135561160151324,-4.28726862797532,-3.80673473380674,-0.480533894168579,0.116545108534489,-0.597079002703068,-0.286785702756875,-0.310293299946193,-0.597629828619684,0.287336528673491,-4.57460515664881,0.0102051504843756,0.0135561160151324,0.0217375941071289,0.0243590873272493,0.0183974336586015,0.0102051504843756,0.00262149322012033,-0.00596165366864772,-0.00819228317422594,0.00304406087209127,0.0132492113564669
"2019-11-01",23,"2021-10-01","2021-12-01",1532,18,0.0117493472584856,0.0120678408349641,-4.40506989838301,-3.80673473380674,-0.598335164576271,0.134096448024832,-0.732431612601103,-0.286785702756875,-0.445645909844228,-0.643647475931096,0.198001566086868,-4.60307146446988,0.00992158495907029,0.0120678408349641,0.0217375941071289,0.0247797081878399,0.0187170864846176,0.00992158495907029,0.00304211408071098,-0.00606262170322235,-0.00879550152554728,0.00182776229941535,0.0117493472584856
"2019-11-01",24,"2021-11-01","2022-01-01",1495,17,0.011371237458194,0.0116978609625668,-4.43658245836306,-3.80673473380674,-0.629847724556322,0.136933913842919,-0.766781638399242,-0.286785702756875,-0.479995935642366,-0.663257137665227,0.183261202022861,-4.61984366038592,0.0097581762113023,0.0116978609625668,0.0217375941071289,0.024848370001482,0.0187692727620527,0.0097581762113023,0.00311077589435308,-0.00607909723942934,-0.0090110965507504,0.00161306124689168,0.011371237458194
"2019-11-01",25,"2021-12-01","2022-02-01",1463,16,0.0109364319890636,0.0112704918032787,-4.47423282854062,-3.80673473380674,-0.667498094733874,0.153144376103385,-0.820642470837259,-0.286785702756875,-0.533856768080384,-0.571170004196953,0.0373132361165691,-4.51154606465718,0.0108621862222796,0.0112704918032787,0.0217375941071289,0.025244204774237,0.0190701612714897,0.0108621862222796,0.00350661066710802,-0.00617404350274726,-0.00820797504921008,7.42457667839425e-05,0.0109364319890636
"2019-11-01",26,"2022-01-01","2022-03-01",1431,15,0.010482180293501,0.0108240223463687,-4.51510429534537,-3.80673473380674,-0.708369561538629,0.150824454081345,-0.859194015619974,-0.286785702756875,-0.572408312863099,-0.575151865655676,0.00274355279257665,-4.51784784813795,0.0107946868917277,0.0108240223463687,0.0217375941071289,0.0251871814349458,0.0190268120578868,0.0107946868917277,0.00344958732781681,-0.00616036937705892,-0.00823212516615909,-0.000312506598226693,0.010482180293501
"2019-11-01",27,"2022-02-01","2022-04-01",1402,17,0.0121255349500713,0.0124732715609408,-4.37161548337356,-3.80673473380674,-0.564880749566823,0.182987039848669,-0.747867789415492,-0.286785702756875,-0.461082086658617,-0.323592955257691,-0.137489131400926,-4.23412635197264,0.0142854348049593,0.0124732715609408,0.0217375941071289,0.0259890387722965,0.0196364989457756,0.0142854348049593,0.00425144466516755,-0.00635253982652087,-0.00535106414081631,-0.00215989985488799,0.0121255349500713
"2019-11-01",28,"2022-03-01","2022-05-01",1362,23,0.0168869309838473,0.0172413793103448,-4.04305126783455,-3.80673473380674,-0.236316534027809,0.161161887237147,-0.397478421264956,-0.286785702756875,-0.110692718508081,-0.0272117273172376,-0.0834809911908434,-3.95957027664371,0.0187143998356803,0.0172413793103448,0.0217375941071289,0.0254422438960924,0.0192207204939401,0.0187143998356803,0.00370464978896346,-0.0062215234021523,-0.000506320658259847,-0.00182746885183297,0.0168869309838473
"2019-11-01",29,"2022-04-01","2022-06-01",1335,28,0.0209737827715356,0.0213323353293413,-3.82596810866447,-3.80673473380674,-0.0192333748577318,0.142171123824215,-0.161404498681947,-0.286785702756875,0.125381204074928,0.13946557299406,-0.0140843689191321,-3.81188373974534,0.0216283693452909,0.0213323353293413,0.0217375941071289,0.024975588751243,0.0188659698763759,0.0216283693452909,0.00323799464411409,-0.00610961887486717,0.002762399468915,-0.000654586573755285,0.0209737827715356
"2019-11-01",30,"2022-05-01","2022-07-01",1307,33,0.0252486610558531,0.025611620795107,-3.63876378498515,-3.80673473380674,0.167970948821592,0.125435575789942,0.0425353730316498,-0.286785702756875,0.329321075788525,0.182199961940181,0.147121113848344,-3.78588489883349,0.0221854166562571,0.025611620795107,0.0217375941071289,0.0245712715617039,0.018558675646331,0.0221854166562571,0.00283367745457492,-0.00601259591537288,0.00362674100992616,0.00306324439959596,0.0252486610558531
"2019-11-01",31,"2022-06-01","2022-08-01",1273,29,0.0227808326787117,0.0231554160125589,-3.74209885846187,-3.80673473380674,0.0646358753448686,0.116476719657313,-0.0518408443124449,-0.286785702756875,0.23494485844443,0.163317043844825,0.0716278145996054,-3.81372667306148,0.021589406163162,0.0231554160125589,0.0217375941071289,0.0243574620690612,0.0183961986667272,0.021589406163162,0.00261986796193227,-0.00596126340233404,0.00319320749643481,0.00119142651554971,0.0227808326787117
"2019-11-01",32,"2022-07-01","2022-09-01",1251,31,0.0247801758593125,0.0251597444089457,-3.65702834400143,-3.80673473380674,0.149706389805314,0.132416258675008,0.017290131130306,-0.286785702756875,0.304075833887181,0.2976639458145,0.00641188807268167,-3.66344023207411,0.0250029596382874,0.0251597444089457,0.0217375941071289,0.0247391376828066,0.018686251796464,0.0250029596382874,0.00300154357567763,-0.0060528858863426,0.00631670784182341,-0.000222783778974833,0.0247801758593125
"2019-11-01",33,"2022-08-01","2022-10-01",1219,29,0.0237899917965546,0.0241803278688525,-3.69773840258114,-3.80673473380674,0.108996331225598,0.139526428591446,-0.0305300973658477,-0.286785702756875,0.256255605391028,0.288943584343451,-0.0326879789524234,-3.66505042362872,0.0249637366994514,0.0241803278688525,0.0217375941071289,0.0249112664840387,0.0188170786886847,0.0249637366994514,0.0031736723769098,-0.00609418779535401,0.00614665801076665,-0.00117374490289684,0.0237899917965546
"2019-11-01",34,"2022-09-01","2022-11-01",1157,29,0.0250648228176318,0.0254749568221071,-3.64425433291182,-3.80673473380674,0.162480400894925,0.131428628410337,0.0310517724845882,-0.286785702756875,0.317837475241463,0.299585493365441,0.0182519818760219,-3.66250631478784,0.0250257366003724,0.0254749568221071,0.0217375941071289,0.0247153201974912,0.0186681501517176,0.0250257366003724,0.00297772609036222,-0.00604717004577356,0.00635758644865481,3.90862172593848e-05,0.0250648228176318
"2019-12-01",1,"2020-01-01","2020-03-01",2869,22,0.00766817706517951,0.0078397212543554,-4.84068138611096,-3.80673473380674,-1.03394665230422,-1.7073653881347,0.673418735830477,-0.338374903856802,1.01179363968728,0.267163533020558,0.74463010666672,-5.58531149277768,0.00373855146987861,0.00783972125435539,0.0217375941071289,0.00401337969127483,0.00286455092185991,0.00373855146987861,-0.0177242144158541,-0.00114882876941492,0.000874000548018703,0.00392962559530089,0.00766817706517951
"2019-12-01",2,"2020-02-01","2020-04-01",2830,27,0.00954063604240283,0.00971388202048746,-4.6244379108912,-3.80673473380674,-0.817703177084461,-0.802500335743768,-0.0152028413406931,-0.338374903856802,0.323172062516108,0.020954849412792,0.302217213103316,-4.92665512399452,0.0071985210812319,0.00971388202048745,0.0217375941071289,0.00986122148763851,0.00705029905955783,0.0071985210812319,-0.0118763726194904,-0.00281092242808068,0.000148222021674067,0.00234211496117093,0.00954063604240283
"2019-12-01",3,"2020-03-01","2020-05-01",2807,35,0.0124688279301746,0.0126424501424501,-4.35797202274315,-3.80673473380674,-0.55123728893641,-0.337459829206784,-0.213777459729627,-0.338374903856802,0.124597444127175,-0.109104323685269,0.233701767812444,-4.5916737905556,0.010034173660604,0.0126424501424501,0.0217375941071289,0.0156087071675435,0.0111779702444378,0.010034173660604,-0.00612888693958539,-0.00443073692310575,-0.00114379658383383,0.0024346542695706,0.0124688279301746
"2019-12-01",4,"2020-04-01","2020-06-01",2731,36,0.0131819846210179,0.0133601756954612,-4.30202673430328,-3.80673473380674,-0.495292000496536,-0.182480278425218,-0.312811722071318,-0.338374903856802,0.0255631817854834,-0.0839574631687652,0.109520644954249,-4.41154737925753,0.0119908585375231,0.0133601756954612,0.0217375941071289,0.0181776956171205,0.0130273682462559,0.0119908585375231,-0.00355989849000843,-0.0051503273708646,-0.00103650970873283,0.00119112608349485,0.0131819846210179
"2019-12-01",5,"2020-05-01","2020-07-01",2677,54,0.020171834142697,0.0203510082150859,-3.87406388145757,-3.80673473380674,-0.0673291476508271,-0.110329660461367,0.0430005128105404,-0.338374903856802,0.381375416667342,0.147768516703317,0.233606899964025,-4.10767078142159,0.0161799404729817,0.0203510082150859,0.0217375941071289,0.019511164970081,0.0139884056051265,0.0161799404729817,-0.00222642913704798,-0.00552275936495443,0.0021915348678552,0.00399189366971531,0.020171834142697
"2019-12-01",6,"2020-06-01","2020-08-01",2594,64,0.0246723207401696,0.0248554913294798,-3.66950696685241,-3.80673473380674,0.137227766954335,-0.00462210480800024,0.141849871762336,-0.338374903856802,0.480224775619137,0.304798858195984,0.175425917423153,-3.84493288427556,0.0209399761764756,0.0248554913294798,0.0217375941071289,0.0216395216911312,0.0155238557894109,0.0209399761764756,-9.8072415997727e-05,-0.00611566590172033,0.00541612038706467,0.00373234456369406,0.0246723207401696
"2019-12-01",7,"2020-07-01","2020-09-01",2497,61,0.0244293151782139,0.0246196957566053,-3.67928068747109,-3.80673473380674,0.127454046335652,0.0795860484344686,0.0478679979011838,-0.338374903856802,0.386242901757985,0.275080610897249,0.111162290860736,-3.79044297833182,0.0220867522705953,0.0246196957566053,0.0217375941071289,0.0234959992497771,0.0168647079798946,0.0220867522705953,0.00175840514264819,-0.00663129126988253,0.00522204429070074,0.00234256290761852,0.0244293151782139
"2019-12-01",8,"2020-08-01","2020-10-01",2398,46,0.0191826522101751,0.0193830762817841,-3.92378155886622,-3.80673473380674,-0.117046825059483,0.14017796756865,-0.257224792628133,-0.338374903856802,0.0811501112286684,0.214259832349531,-0.133109721120863,-3.79067183774536,0.0220818096932972,0.0193830762817841,0.0217375941071289,0.0249270977186229,0.0178993100707903,0.0220818096932972,0.00318950361149392,-0.00702778764783255,0.00418249962250693,-0.0028991574831221,0.0191826522101751
"2019-12-01",9,"2020-09-01","2020-11-01",2332,45,0.0192967409948542,0.0195027861123018,-3.91750247119277,-3.80673473380674,-0.110767737386031,0.188722894148899,-0.299490631534929,-0.338374903856802,0.0388842723218722,0.143894773994937,-0.105010501673064,-3.81249196951971,0.0216155025927819,0.0195027861123018,0.0217375941071289,0.026134629384257,0.0187729524468781,0.0216155025927819,0.00439703527712805,-0.0073616769373789,0.0028425501459038,-0.00231876159792769,0.0192967409948542
"2019-12-01",10,"2020-10-01","2020-12-01",2228,46,0.0206463195691203,0.0208613728129206,-3.84877397512045,-3.80673473380674,-0.0420392413137054,0.249100324734697,-0.291139566048403,-0.338374903856802,0.0472353378083989,0.200544233240718,-0.153308895432319,-3.69546507968813,0.0242340264387341,0.0208613728129206,0.0217375941071289,0.0277160988991316,0.0199180601879868,0.0242340264387341,0.00597850479200264,-0.00779803871114482,0.00431596625074736,-0.00358770686961384,0.0206463195691203
"2019-12-01",11,"2020-11-01","2021-01-01",2149,53,0.024662633783155,0.0248837209302326,-3.66834291270886,-3.80673473380674,0.138391821097885,0.289264109856582,-0.150872288758697,-0.338374903856802,0.187502615098104,0.302336275571726,-0.114833660473622,-3.55350925223523,0.0278274801221778,0.0248837209302326,0.0217375941071289,0.0288192054610655,0.0207174163944138,0.0278274801221778,0.00708161135393656,-0.00810178906665172,0.00711006372776405,-0.00316484633902287,0.024662633783155
"2019-12-01",12,"2020-12-01","2021-02-01",2086,43,0.0206136145733461,0.0208433157642549,-3.84965836490969,-3.80673473380674,-0.0429236311029522,0.294297372332265,-0.337221003435217,-0.338374903856802,0.00115390042158409,0.160050155148238,-0.158896254726654,-3.69076211018304,0.0243454855140082,0.0208433157642549,0.0217375941071289,0.0289604143169464,0.0208197789743867,0.0243454855140082,0.00722282020981744,-0.00814063534255966,0.00352570653962152,-0.00373187094066212,0.0206136145733461
"2019-12-01",13,"2021-01-01","2021-03-01",2020,37,0.0183168316831683,0.0185551707075705,-3.96827730697802,-3.80673473380674,-0.161542573171279,0.303514845354915,-0.465057418526193,-0.338374903856802,-0.126682514669392,-0.0170523393881472,-0.109630175281245,-3.85864713169678,0.0206606531367786,0.0185551707075705,0.0217375941071289,0.0292207539062206,0.0210085215980016,0.0206606531367786,0.0074831597990917,-0.008212232308219,-0.000347868461223061,-0.00234382145361027,0.0183168316831683
"2019-12-01",14,"2021-02-01","2021-04-01",1947,24,0.012326656394453,0.0125770020533881,-4.36322860464167,-3.80673473380674,-0.556493870834927,0.282992614882479,-0.839486485717406,-0.338374903856802,-0.501111581860605,-0.271661745630415,-0.22944983623019,-4.13377876841148,0.0157695567205537,0.0125770020533881,0.0217375941071289,0.028644192466134,0.0205905607392325,0.0157695567205537,0.0069065983590051,-0.0080536317269015,-0.00482100401867884,-0.0034429003261007,0.012326656394453
"2019-12-01",15,"2021-03-01","2021-05-01",1897,24,0.0126515550869794,0.0129083245521602,-4.33689050068306,-3.80673473380674,-0.530155766876319,0.290285959980498,-0.820441726856817,-0.338374903856802,-0.482066823000016,-0.520233929176068,0.0381671061760525,-4.37505760685911,0.0124309436275972,0.0129083245521602,0.0217375941071289,0.0288478194500509,0.0207381580557874,0.0124309436275972,0.00711022534292199,-0.00810966139426352,-0.00830721442819024,0.000220611459382264,0.0126515550869794
"2019-12-01",16,"2021-04-01","2021-06-01",1841,17,0.00923411189570885,0.00950054288816504,-4.64686037494703,-3.80673473380674,-0.840125641140292,0.255943184868061,-1.09606882600835,-0.338374903856802,-0.757693922151552,-0.575798699208423,-0.181895222943128,-4.4649651520039,0.0113742350090991,0.00950054288816504,0.0217375941071289,0.02790109687394,0.0200520816816386,0.0113742350090991,0.00616350276681102,-0.00784901519230139,-0.00867784667253945,-0.00214012311339027,0.00923411189570885
"2019-12-01",17,"2021-05-01","2021-07-01",1796,21,0.0116926503340757,0.0119643850862549,-4.41378441724953,-3.80673473380674,-0.607049683442784,0.264080020949498,-0.871129704392282,-0.338374903856802,-0.532754800535481,-0.604464695930074,0.071709895394593,-4.48549431264412,0.0111456880339964,0.0119643850862549,0.0217375941071289,0.028122639040942,0.020212596441528,0.0111456880339964,0.00638504493381307,-0.00791004259941401,-0.0090669084075316,0.000546962300079324,0.0116926503340757
"2019-12-01",18,"2021-06-01","2021-08-01",1757,17,0.00967558338076266,0.00995449374288965,-4.59972682632203,-3.80673473380674,-0.792992092515284,0.253616829857505,-1.04660892237279,-0.338374903856802,-0.708234018515988,-0.615056956882158,-0.0931770616338297,-4.5065497646882,0.0109159988637271,0.00995449374288965,0.0217375941071289,0.0278380692675519,0.0200064198190783,0.0109159988637271,0.00610047516042296,-0.00783164944847365,-0.00909042095535111,-0.00124041548296448,0.00967558338076266
"2019-12-01",19,"2021-07-01","2021-09-01",1678,15,0.00893921334922527,0.00923168552709946,-4.67583907153333,-3.80673473380674,-0.869104337726589,0.241048700025503,-1.11015303775209,-0.338374903856802,-0.77177813389529,-0.598645632595379,-0.173132501299911,-4.50270657023342,0.010957571308967,0.00923168552709947,0.0217375941071289,0.0274999475031061,0.0197614878233006,0.010957571308967,0.00576235339597715,-0.00773845967980545,-0.00880391651433368,-0.00201835795974169,0.00893921334922527
"2019-12-01",20,"2021-08-01","2021-10-01",1602,15,0.00936329588014981,0.00966936993137867,-4.62907570684165,-3.80673473380674,-0.822340973034905,0.19016434378928,-1.01250531682418,-0.338374903856802,-0.674130412967383,-0.603066826573219,-0.071063586394164,-4.55801212044748,0.0103741262525776,0.00966936993137866,0.0217375941071289,0.0261713416691865,0.018799523137899,0.0103741262525776,0.00443374756205756,-0.00737181853128752,-0.0084253968853214,-0.00101083037242776,0.00936329588014981
"2019-12-01",21,"2021-09-01","2021-11-01",1580,16,0.010126582278481,0.0104364326375712,-4.5519611822024,-3.80673473380674,-0.745226448395661,0.159736706239509,-0.90496315463517,-0.338374903856802,-0.566588250778368,-0.597629828619684,0.0310415778413156,-4.58300276004372,0.0101206742033101,0.0104364326375712,0.0217375941071289,0.0254069305137959,0.0182463933478796,0.0101206742033101,0.00366933640666691,-0.00716053716591628,-0.0081257191445695,5.90807517093436e-06,0.010126582278481
"2019-12-01",22,"2021-10-01","2021-12-01",1535,17,0.0110749185667752,0.0113932291666667,-4.46327740355633,-3.80673473380674,-0.656542669749594,0.116545108534489,-0.773087778284083,-0.338374903856802,-0.434712874427282,-0.643647475931096,0.208934601503814,-4.67221200506015,0.00926491947261559,0.0113932291666667,0.0217375941071289,0.0243590873272493,0.0174885686847122,0.00926491947261559,0.00262149322012033,-0.0068705186425371,-0.00822364921209658,0.00180999909415966,0.0110749185667752
"2019-12-01",23,"2021-11-01","2022-01-01",1480,14,0.00945945945945946,0.00979068197164078,-4.61648523899098,-3.80673473380674,-0.809750505184236,0.134096448024832,-0.943846953209068,-0.338374903856802,-0.605472049352266,-0.663257137665227,0.0577850883129614,-4.67427032730394,0.00924604503811026,0.00979068197164078,0.0217375941071289,0.0247797081878399,0.0177927163474188,0.00924604503811026,0.00304211408071098,-0.00698699184042109,-0.00854667130930857,0.000213414421349195,0.00945945945945946
"2019-12-01",24,"2021-12-01","2022-02-01",1446,14,0.00968188105117566,0.0100207325501037,-4.59302779916237,-3.80673473380674,-0.786293065355625,0.136933913842919,-0.923226979198544,-0.338374903856802,-0.584852075341742,-0.571170004196953,-0.0136820711447897,-4.57934572801758,0.0101573769626012,0.0100207325501037,0.0217375941071289,0.024848370001482,0.0178423721929247,0.0101573769626012,0.00311077589435308,-0.00700599780855732,-0.00768499523032349,-0.000475495911425559,0.00968188105117566
"2019-12-01",25,"2022-01-01","2022-03-01",1404,18,0.0128205128205128,0.0131672597864769,-4.31676713297155,-3.80673473380674,-0.510032399164812,0.153144376103385,-0.663176775268197,-0.338374903856802,-0.324801871411395,-0.575151865655676,0.250349994244281,-4.56711712721583,0.010281065179913,0.0131672597864769,0.0217375941071289,0.025244204774237,0.0181286761711544,0.010281065179913,0.00350661066710802,-0.0071155286030826,-0.00784761099124134,0.00253944764059979,0.0128205128205128
"2019-12-01",26,"2022-02-01","2022-04-01",1375,19,0.0138181818181818,0.014171511627907,-4.24224866652929,-3.80673473380674,-0.435513932722544,0.150824454081345,-0.586338386803889,-0.338374903856802,-0.247963482947088,-0.323592955257691,0.0756294723106035,-4.31787813883989,0.0131528313116205,0.014171511627907,0.0217375941071289,0.0251871814349458,0.0180874276263035,0.0131528313116205,0.00344958732781681,-0.00709975380864221,-0.00493459631468307,0.000665350506561345,0.0138181818181818
"2019-12-01",27,"2022-03-01","2022-05-01",1345,25,0.0185873605947955,0.0189450222882615,-3.94708727957281,-3.80673473380674,-0.140352545766065,0.182987039848669,-0.323339585614734,-0.338374903856802,0.0150353182420672,-0.0272117273172376,0.0422470455593047,-3.98933432513211,0.0181755663303452,0.0189450222882615,0.0217375941071289,0.0259890387722965,0.0186675861042429,0.0181755663303452,0.00425144466516755,-0.00732145266805355,-0.000492019773897741,0.000411794264450333,0.0185873605947955
"2019-12-01",28,"2022-04-01","2022-06-01",1309,29,0.0221543162719633,0.0225190839694656,-3.77061564229381,-3.80673473380674,0.0361190915129357,0.161161887237147,-0.125042795724211,-0.338374903856802,0.21333210813259,0.13946557299406,0.0738665351385298,-3.84448217743234,0.0209492183352959,0.0225190839694657,0.0217375941071289,0.0254422438960924,0.0182719408104128,0.0209492183352959,0.00370464978896346,-0.00717030308567965,0.00267727752488312,0.00120509793666746,0.0221543162719633
"2019-12-01",29,"2022-05-01","2022-07-01",1276,42,0.0329153605015674,0.0332811276429131,-3.36891723285486,-3.80673473380674,0.437817500951878,0.142171123824215,0.295646377127663,-0.338374903856802,0.634021280984464,0.182199961940181,0.451821319044283,-3.82073855189915,0.0214417879155982,0.0332811276429131,0.0217375941071289,0.024975588751243,0.0179343813030682,0.0214417879155982,0.00323799464411409,-0.00704120744817483,0.00350740661253001,0.0114735725859692,0.0329153605015674
"2019-12-01",30,"2022-06-01","2022-08-01",1244,41,0.0329581993569132,0.0333333333333333,-3.36729582998647,-3.80673473380674,0.439438903820267,0.125435575789942,0.314003328030325,-0.338374903856802,0.652378231887127,0.163317043844825,0.489061188042301,-3.85635701802878,0.020707041719472,0.0333333333333333,0.0217375941071289,0.0245712715617039,0.0176419882034027,0.020707041719472,0.00283367745457492,-0.00692928335830119,0.00306505351606933,0.0122511576374412,0.0329581993569132
"2019-12-01",31,"2022-07-01","2022-09-01",1207,42,0.0347970173985087,0.035182119205298,-3.31140138254544,-3.80673473380674,0.495333351261301,0.116476719657313,0.378856631603987,-0.338374903856802,0.717231535460789,0.2976639458145,0.419567589646289,-3.73096897219173,0.0234085062058105,0.035182119205298,0.0217375941071289,0.0243574620690612,0.0174873936166527,0.0234085062058105,0.00261986796193227,-0.0068700684524085,0.0059211125891578,0.0113885111926982,0.0347970173985087
"2019-12-01",32,"2022-08-01","2022-10-01",1168,30,0.0256849315068493,0.0260906757912746,-3.61974020189043,-3.80673473380674,0.186994531916313,0.132416258675008,0.0545782732413047,-0.338374903856802,0.392953177098106,0.288943584343451,0.104009592754655,-3.72374979464508,0.0235741096165896,0.0260906757912746,0.0217375941071289,0.0247391376828066,0.0177633769082228,0.0235741096165896,0.00300154357567763,-0.00697576077458377,0.00581073270836677,0.00211082189025974,0.0256849315068493
"2019-12-01",33,"2022-09-01","2022-11-01",1137,30,0.0263852242744063,0.0268014059753954,-3.59213381830592,-3.80673473380674,0.214600915500816,0.139526428591446,0.0750744869093707,-0.338374903856802,0.413449390766172,0.299585493365441,0.113863897400731,-3.70599771570666,0.0239862080762499,0.0268014059753954,0.0217375941071289,0.0249112664840387,0.017887860312984,0.0239862080762499,0.0031736723769098,-0.0070234061710547,0.00609834776326589,0.0023990161981564,0.0263852242744063
"2019-12-01",34,"2022-10-01","2022-12-01",1060,23,0.0216981132075472,0.0221489161168709,-3.78756883095474,-3.80673473380674,0.0191659028520008,0.131428628410337,-0.112262725558336,-0.338374903856802,0.226112178298466,0.328594061749957,-0.102481883451491,-3.68508694750325,0.0244806509257732,0.0221489161168709,0.0217375941071289,0.0247153201974912,0.0177461530986379,0.0244806509257732,0.00297772609036222,-0.00696916709885322,0.00673449782713524,-0.00278253771822602,0.0216981132075472
"2020-01-01",1,"2020-02-01","2020-04-01",2469,5,0.00202511138112596,0.00222672064777328,-6.10499613390701,-3.80673473380674,-2.29826140010027,-1.7073653881347,-0.590896011965567,-0.460259000339776,-0.130637011625792,0.020954849412792,-0.151591861038584,-5.95340427286842,0.00259025774924389,0.00222672064777328,0.0217375941071289,0.00401337969127483,0.00253668028956993,0.00259025774924389,-0.0177242144158541,-0.0014766994017049,5.35774596739616e-05,-0.000565146368117927,0.00202511138112596
"2020-01-01",2,"2020-03-01","2020-05-01",2441,12,0.00491601802539943,0.00511875511875512,-5.2697121095377,-3.80673473380674,-1.46297737573096,-0.802500335743768,-0.660477039987194,-0.460259000339776,-0.200218039647418,-0.109104323685269,-0.0911137159621491,-5.17859839357555,0.00560431483596874,0.00511875511875512,0.0217375941071289,0.00986122148763851,0.00624633743558572,0.00560431483596874,-0.0118763726194904,-0.00361488405205279,-0.000642022599616984,-0.000688296810569309,0.00491601802539943
"2020-01-01",3,"2020-04-01","2020-06-01",2400,20,0.00833333333333333,0.0085381091211995,-4.75464094249021,-3.80673473380674,-0.947906208683469,-0.337459829206784,-0.610446379476685,-0.460259000339776,-0.15018737913691,-0.0839574631687652,-0.0662299159681447,-4.68841102652207,0.00911740324215518,0.0085381091211995,0.0217375941071289,0.0156087071675435,0.00990801759025483,0.00911740324215518,-0.00612888693958539,-0.00570068957728872,-0.000790614348099654,-0.000784069908821844,0.00833333333333333
"2020-01-01",4,"2020-05-01","2020-07-01",2347,31,0.0132083510864934,0.0134156729131175,-4.29782515902512,-3.80673473380674,-0.491090425218374,-0.182480278425218,-0.308610146793156,-0.460259000339776,0.15164885354662,0.147768516703317,0.00388033684330283,-4.30170549586842,0.0133644108201929,0.0134156729131176,0.0217375941071289,0.0181776956171205,0.0115497558027,0.0133644108201929,-0.00355989849000843,-0.00662793981442051,0.00181465501749291,-0.00015605973369952,0.0132083510864934
"2020-01-01",5,"2020-06-01","2020-08-01",2292,47,0.0205061082024433,0.0207152202354993,-3.8559537814872,-3.80673473380674,-0.0492190476804559,-0.110329660461367,0.0611106127809115,-0.460259000339776,0.521369613120687,0.304798858195984,0.216570754924703,-4.0725245364119,0.0167490220173473,0.0207152202354993,0.0217375941071289,0.019511164970081,0.0124031585830872,0.0167490220173473,-0.00222642913704798,-0.00710800638699374,0.00434586343426008,0.00375708618509598,0.0205061082024433
"2020-01-01",6,"2020-07-01","2020-09-01",2235,49,0.021923937360179,0.0221377459749553,-3.78808470127833,-3.80673473380674,0.0186500325284107,-0.00462210480800024,0.0232721373364109,-0.460259000339776,0.483531137676186,0.275080610897249,0.208450526778937,-3.99653522805727,0.0180475095241169,0.0221377459749553,0.0217375941071289,0.0216395216911312,0.0137670322053517,0.0180475095241169,-9.8072415997727e-05,-0.0078724894857795,0.0042804773187652,0.00387642783606205,0.021923937360179
"2020-01-01",7,"2020-08-01","2020-10-01",2156,43,0.0199443413729128,0.0201668984700974,-3.88333968191221,-3.80673473380674,-0.0766049481054649,0.0795860484344686,-0.156190996539933,-0.460259000339776,0.304068003799842,0.214259832349531,0.0898081714503109,-3.97314785336252,0.0184666814629216,0.0201668984700974,0.0217375941071289,0.0234959992497771,0.0149584467548117,0.0184666814629216,0.00175840514264819,-0.00853755249496547,0.00350823470810992,0.00147765990999122,0.0199443413729128
"2020-01-01",8,"2020-09-01","2020-11-01",2094,33,0.0157593123209169,0.0159904534606205,-4.11964371331593,-3.80673473380674,-0.312908979509192,0.14017796756865,-0.453086947077843,-0.460259000339776,0.00717205326193293,0.143894773994937,-0.136722720733004,-3.98292099258293,0.0182903679844526,0.0159904534606205,0.0217375941071289,0.0249270977186229,0.0158779938000539,0.0182903679844526,0.00318950361149392,-0.00904910391856893,0.00241237418439865,-0.00253105566353569,0.0157593123209169
"2020-01-01",9,"2020-10-01","2020-12-01",2036,39,0.0191552062868369,0.0193912616593029,-3.92335100573335,-3.80673473380674,-0.116616271926612,0.188722894148899,-0.305339166075511,-0.460259000339776,0.154919834264264,0.200544233240718,-0.045624398976454,-3.8777266067569,0.0202781131748292,0.0193912616593029,0.0217375941071289,0.026134629384257,0.0166546513792599,0.0202781131748292,0.00439703527712805,-0.00947997800499711,0.00362346179556935,-0.0011229068879923,0.0191552062868369
"2020-01-01",10,"2020-11-01","2021-01-01",1969,53,0.0269172168613509,0.0271573604060914,-3.57857423091865,-3.80673473380674,0.228160502888092,0.249100324734697,-0.0209398218466048,-0.460259000339776,0.439319178493171,0.302336275571726,0.136982902921444,-3.71555713384009,0.0237634292147732,0.0271573604060914,0.0217375941071289,0.0277160988991316,0.0176728747639806,0.0237634292147732,0.00597850479200264,-0.010043224135151,0.00609055445079262,0.00315378764657772,0.0269172168613509
"2020-01-01",11,"2020-12-01","2021-02-01",1896,52,0.0274261603375527,0.0276752767527675,-3.55915034743915,-3.80673473380674,0.247584386367589,0.289264109856582,-0.0416797234889932,-0.460259000339776,0.418579276850782,0.160050155148238,0.258529121702545,-3.8176794691417,0.021506067757473,0.0276752767527675,0.0217375941071289,0.0288192054610655,0.0183838167937526,0.021506067757473,0.00708161135393656,-0.0104353886673129,0.00312225096372042,0.00592009258007971,0.0274261603375527
"2020-01-01",12,"2021-01-01","2021-03-01",1813,35,0.0193050193050193,0.0195700110253583,-3.91399289490714,-3.80673473380674,-0.107258161100399,0.294297372332265,-0.401555533432664,-0.460259000339776,0.0587034669071116,-0.0170523393881472,0.0757558062952588,-3.9897487012024,0.0181681731764279,0.0195700110253583,0.0217375941071289,0.0289604143169464,0.0184748668260616,0.0181681731764279,0.00722282020981744,-0.0104855474908848,-0.000306693649633684,0.00113684612859138,0.0193050193050193
"2020-01-01",13,"2021-02-01","2021-04-01",1747,18,0.0103033772180882,0.01058352402746,-4.53781689629294,-3.80673473380674,-0.731082162486203,0.303514845354915,-1.03459700784112,-0.460259000339776,-0.574338007501342,-0.271661745630415,-0.302676261870927,-4.23514063442202,0.0142711593615202,0.01058352402746,0.0217375941071289,0.0292207539062206,0.0186427562776478,0.0142711593615202,0.0074831597990917,-0.0105779976285728,-0.00437159691612767,-0.00396778214343202,0.0103033772180882
"2020-01-01",14,"2021-03-01","2021-05-01",1690,12,0.00710059171597633,0.00739207569485511,-4.89992717211183,-3.80673473380674,-1.09319243830509,0.282992614882479,-1.37618505318757,-0.460259000339776,-0.915926052847796,-0.520233929176068,-0.395692123671728,-4.50423504844011,0.0109410187979788,0.00739207569485512,0.0217375941071289,0.028644192466134,0.0182709835007062,0.0109410187979788,0.0069065983590051,-0.0103732089654278,-0.00732996470272745,-0.00384042708200246,0.00710059171597633
"2020-01-01",15,"2021-04-01","2021-06-01",1653,20,0.0120992135511192,0.0123941958887545,-4.37805534489676,-3.80673473380674,-0.571320611090021,0.290285959980498,-0.861606571070519,-0.460259000339776,-0.401347570730743,-0.575798699208423,0.17445112847768,-4.55250647337444,0.0104308026387184,0.0123941958887545,0.0217375941071289,0.0288478194500509,0.018402266027923,0.0104308026387184,0.00711022534292199,-0.0104455534221279,-0.00797146338920461,0.00166841091240079,0.0120992135511192
"2020-01-01",16,"2021-05-01","2021-07-01",1601,26,0.0162398500936914,0.016541822721598,-4.08518322820515,-3.80673473380674,-0.278448494398412,0.255943184868061,-0.534391679266473,-0.460259000339776,-0.0741326789266974,-0.604464695930074,0.530332017003376,-4.61551524520853,0.00980009036409817,0.016541822721598,0.0217375941071289,0.02790109687394,0.0177920634570509,0.00980009036409817,0.00616350276681102,-0.010109033416889,-0.00799197309295276,0.00643975972959327,0.0162398500936914
"2020-01-01",17,"2021-06-01","2021-08-01",1559,25,0.0160359204618345,0.0163461538461538,-4.09728142189541,-3.80673473380674,-0.290546688088669,0.264080020949498,-0.554626709038167,-0.460259000339776,-0.0943677086983913,-0.615056956882158,0.520689248183767,-4.61797067007918,0.00977629145932335,0.0163461538461538,0.0217375941071289,0.028122639040942,0.0179348181155372,0.00977629145932335,0.00638504493381307,-0.0101878209254048,-0.00815852665621388,0.00625962900251116,0.0160359204618345
"2020-01-01",18,"2021-07-01","2021-09-01",1495,22,0.0147157190635452,0.0150401069518717,-4.18188049296737,-3.80673473380674,-0.375145759160634,0.253616829857505,-0.628762589018139,-0.460259000339776,-0.168503588678363,-0.598645632595379,0.430142043917015,-4.61202253688439,0.00983404187011465,0.0150401069518716,0.0217375941071289,0.0278380692675519,0.0177514547988301,0.00983404187011465,0.00610047516042296,-0.0100866144687218,-0.00791741292871543,0.0048816771934305,0.0147157190635452
"2020-01-01",19,"2021-08-01","2021-10-01",1437,16,0.011134307585247,0.0114742698191933,-4.45610755018452,-3.80673473380674,-0.649372816377778,0.241048700025503,-0.890421516403281,-0.460259000339776,-0.430162516063505,-0.603066826573219,0.172904310509713,-4.62901186069423,0.00966998133313182,0.0114742698191933,0.0217375941071289,0.0274999475031061,0.0175336356664642,0.00966998133313182,0.00576235339597715,-0.00996631183664185,-0.00786365433333242,0.00146432625211522,0.011134307585247
"2020-01-01",20,"2021-09-01","2021-11-01",1403,16,0.0114041339985745,0.0117521367521368,-4.43189846471405,-3.80673473380674,-0.625163730907313,0.19016434378928,-0.815328074696593,-0.460259000339776,-0.355069074356817,-0.597629828619684,0.242560754262867,-4.67445921897692,0.00924431484581349,0.0117521367521368,0.0217375941071289,0.0261713416691865,0.0166782748497358,0.00924431484581349,0.00443374756205756,-0.00949306681945066,-0.00743396000392235,0.00215981915276099,0.0114041339985745
"2020-01-01",21,"2021-10-01","2021-12-01",1369,15,0.0109569028487947,0.0113138686131387,-4.47034763759995,-3.80673473380674,-0.663612903793208,0.159736706239509,-0.823349610032717,-0.460259000339776,-0.363090609692941,-0.643647475931096,0.280556866238154,-4.7509045038381,0.00856979701049628,0.0113138686131387,0.0217375941071289,0.0254069305137959,0.0161865279820981,0.00856979701049628,0.00366933640666691,-0.00922040253169778,-0.0076167309716018,0.00238710583829846,0.0109569028487947
"2020-01-01",22,"2021-11-01","2022-01-01",1337,10,0.0074794315632012,0.007847533632287,-4.83967749595262,-3.80673473380674,-1.03294276214587,0.116545108534489,-1.14948787068036,-0.460259000339776,-0.689228870340589,-0.663257137665227,-0.0259717326753612,-4.81370576327725,0.00805235476170205,0.007847533632287,0.0217375941071289,0.0243590873272493,0.0155129035649754,0.00805235476170205,0.00262149322012033,-0.00884618376227386,-0.00746054880327335,-0.000572923198500855,0.0074794315632012
"2020-01-01",23,"2021-12-01","2022-02-01",1299,9,0.0069284064665127,0.00730769230769231,-4.91149322055217,-3.80673473380674,-1.10475848674543,0.134096448024832,-1.23885493477026,-0.460259000339776,-0.778595934430488,-0.571170004196953,-0.207425930233535,-4.70406729031864,0.00897704182967509,0.00730769230769231,0.0217375941071289,0.0247797081878399,0.0157832439408322,0.00897704182967509,0.00304211408071098,-0.00899646424700773,-0.0068062021111571,-0.00204863536316238,0.0069284064665127
"2020-01-01",24,"2022-01-01","2022-03-01",1271,9,0.00708103855232101,0.0074685534591195,-4.88955736254302,-3.80673473380674,-1.08282262873628,0.136933913842919,-1.2197565425792,-0.460259000339776,-0.759497542239422,-0.575151865655676,-0.184345676583746,-4.70521168595927,0.00896686648475778,0.0074685534591195,0.0217375941071289,0.024848370001482,0.0158273821266434,0.00896686648475778,0.00311077589435308,-0.00902098787483864,-0.00686051564188561,-0.00188582793243677,0.00708103855232101
"2020-01-01",25,"2022-02-01","2022-04-01",1244,18,0.0144694533762058,0.014859437751004,-4.19414913161426,-3.80673473380674,-0.387414397807524,0.153144376103385,-0.540558773910908,-0.460259000339776,-0.0802997735711326,-0.323592955257691,0.243293181686559,-4.43744231330082,0.0116879243342591,0.014859437751004,0.0217375941071289,0.025244204774237,0.0160818824023675,0.0116879243342591,0.00350661066710802,-0.00916232237186951,-0.0043939580681084,0.00278152904194673,0.0144694533762058
"2020-01-01",26,"2022-03-01","2022-05-01",1214,24,0.0197693574958814,0.0201646090534979,-3.88345554837624,-3.80673473380674,-0.0767208145694949,0.150824454081345,-0.22754526865084,-0.460259000339776,0.232713731688935,-0.0272117273172376,0.259925459006173,-4.14338100738241,0.0156212124385588,0.0201646090534979,0.0217375941071289,0.0251871814349458,0.0160452148649044,0.0156212124385588,0.00344958732781681,-0.0091419665700414,-0.000424002426345505,0.00414814505732253,0.0197693574958814
"2020-01-01",27,"2022-04-01","2022-06-01",1191,26,0.0218303946263644,0.0222315436241611,-3.78376072548364,-3.80673473380674,0.0229740083231058,0.182987039848669,-0.160013031525563,-0.460259000339776,0.300245968814212,0.13946557299406,0.160780395820152,-3.94454112130379,0.018992403470771,0.0222315436241611,0.0217375941071289,0.0259890387722965,0.016560973690668,0.018992403470771,0.00425144466516755,-0.00942806508162848,0.00243142978010295,0.00283799115559344,0.0218303946263644
"2020-01-01",28,"2022-05-01","2022-07-01",1165,22,0.0188841201716738,0.0192967409948542,-3.92833370425246,-3.80673473380674,-0.12159897044572,0.161161887237147,-0.282760857682868,-0.460259000339776,0.177498142656908,0.182199961940181,-0.00470181928327307,-3.92363188496919,0.019385921393979,0.0192967409948542,0.0217375941071289,0.0254422438960924,0.0162092389673929,0.019385921393979,0.00370464978896346,-0.00923300492869952,0.00317668242658611,-0.000501801222305174,0.0188841201716738
"2020-01-01",29,"2022-06-01","2022-08-01",1136,22,0.0193661971830986,0.0197889182058048,-3.90264584361555,-3.80673473380674,-0.0959111098088079,0.142171123824215,-0.238082233633023,-0.460259000339776,0.222176766706752,0.163317043844825,0.0588597228619272,-3.96150556647748,0.018678892925276,0.0197889182058048,0.0217375941071289,0.024975588751243,0.015909168698028,0.018678892925276,0.00323799464411409,-0.00906642005321504,0.002769724227248,0.000687304257822593,0.0193661971830986
"2020-01-01",30,"2022-07-01","2022-09-01",1108,27,0.0243682310469314,0.0247971145175834,-3.67191824072059,-3.80673473380674,0.134816493086154,0.125435575789942,0.00938091729621135,-0.460259000339776,0.469639917635987,0.2976639458145,0.171975971821487,-3.84389421254207,0.0209612810974626,0.0247971145175834,0.0217375941071289,0.0245712715617039,0.0156492674980926,0.0209612810974626,0.00283367745457492,-0.00892200406361122,0.00531201359936994,0.00340694994946882,0.0243682310469314
"2020-01-01",31,"2022-08-01","2022-10-01",1077,29,0.0269266480965645,0.0273654916512059,-3.5707255869962,-3.80673473380674,0.236009146810541,0.116476719657313,0.119532427153227,-0.460259000339776,0.579791427493003,0.288943584343451,0.290847843149552,-3.86157343014575,0.0206015260061063,0.0273654916512059,0.0217375941071289,0.0243574620690612,0.0155118591473199,0.0206015260061063,0.00261986796193227,-0.00884560292174132,0.00508966685878637,0.00632512209045826,0.0269266480965645
"2020-01-01",32,"2022-09-01","2022-11-01",1043,27,0.0258868648130393,0.0263409961685824,-3.60993462839588,-3.80673473380674,0.196800105410865,0.132416258675008,0.0643838467358575,-0.460259000339776,0.524642847075633,0.299585493365441,0.225057353710192,-3.83499198210607,0.0211447530386276,0.0263409961685824,0.0217375941071289,0.0247391376828066,0.0157571648791818,0.0211447530386276,0.00300154357567763,-0.00898197280362477,0.00538758815944577,0.00474211177441173,0.0258868648130393
"2020-01-01",33,"2022-10-01","2022-12-01",1013,28,0.0276406712734452,0.0281065088757396,-3.54324503931817,-3.80673473380674,0.263489694488571,0.139526428591446,0.123963265897126,-0.460259000339776,0.584222266236901,0.328594061749957,0.255628204486944,-3.79887324380511,0.0219053993100542,0.0281065088757396,0.0217375941071289,0.0249112664840387,0.0158678161387949,0.0219053993100542,0.0031736723769098,-0.00904345034524383,0.00603758317125927,0.00573527196339103,0.0276406712734452
"2020-01-01",34,"2022-11-01","2023-01-01",968,32,0.0330578512396694,0.0335397316821465,-3.36090943254845,-3.80673473380674,0.44582530125829,0.131428628410337,0.314396672847953,-0.460259000339776,0.774655673187728,0.422005802626359,0.352649870561369,-3.71355930310982,0.0238098204708359,0.0335397316821465,0.0217375941071289,0.0247153201974912,0.0157418551664055,0.0238098204708359,0.00297772609036222,-0.00897346503108564,0.00806796530443039,0.0092480307688335,0.0330578512396694
"2020-02-01",1,"2020-03-01","2020-05-01",2054,4,0.00194741966893866,0.00218978102189781,-6.12176154805584,-3.80673473380674,-2.3150268142491,-1.7073653881347,-0.6076614261144,-0.402260545724346,-0.205400880390054,-0.109104323685269,-0.0962965567047854,-6.02546499135105,0.00241060264114517,0.00218978102189781,0.0217375941071289,0.00401337969127483,0.00268774686498713,0.00241060264114517,-0.0177242144158541,-0.00132563282628771,-0.00027714422384196,-0.00046318297220651,0.00194741966893866
"2020-02-01",2,"2020-04-01","2020-06-01",2017,8,0.00396628656420426,0.00421209117938553,-5.46557505039299,-3.80673473380674,-1.65884031658624,-0.802500335743768,-0.856339980842476,-0.402260545724346,-0.454079435118131,-0.0839574631687652,-0.370121971949365,-5.09545307844362,0.00608724956376157,0.00421209117938553,0.0217375941071289,0.00986122148763851,0.00661685919846109,0.00608724956376157,-0.0118763726194904,-0.00324436228917742,-0.000529609634699522,-0.0021209629995573,0.00396628656420426
"2020-02-01",3,"2020-05-01","2020-07-01",1979,16,0.00808489135927236,0.00833333333333333,-4.77912349311153,-3.80673473380674,-0.972388759304788,-0.337459829206784,-0.634928930098005,-0.402260545724346,-0.232668384373659,0.147768516703317,-0.380436901076976,-4.39868659203455,0.012144181454149,0.00833333333333333,0.0217375941071289,0.0156087071675435,0.0104934502367202,0.012144181454149,-0.00612888693958539,-0.00511525693082331,0.00165073121742875,-0.00405929009487663,0.00808489135927236
"2020-02-01",4,"2020-06-01","2020-08-01",1934,30,0.015511892450879,0.0157622739018088,-4.13424810230529,-3.80673473380674,-0.327513368498551,-0.182480278425218,-0.145033090073333,-0.402260545724346,0.257227455651012,0.304798858195984,-0.0475714025449713,-4.08667669976032,0.0165175441757266,0.0157622739018088,0.0217375941071289,0.0181776956171205,0.0122309950983526,0.0165175441757266,-0.00355989849000843,-0.00594670051876793,0.00428654907737405,-0.00100565172484763,0.015511892450879
"2020-02-01",5,"2020-07-01","2020-09-01",1883,38,0.0201805629314923,0.0204352441613588,-3.86984728117631,-3.80673473380674,-0.0631125473695735,-0.110329660461367,0.047217113091794,-0.402260545724346,0.44947765881614,0.275080610897249,0.17439704791889,-4.04424432909521,0.0172211755831041,0.0204352441613588,0.0217375941071289,0.019511164970081,0.0131340652938501,0.0172211755831041,-0.00222642913704798,-0.00637709967623086,0.00408711028925399,0.00295938734838821,0.0201805629314923
"2020-02-01",6,"2020-08-01","2020-10-01",1827,39,0.0213464696223317,0.0216083150984683,-3.812831886792,-3.80673473380674,-0.00609715298525515,-0.00462210480800024,-0.00147504817725491,-0.402260545724346,0.400785497547091,0.214259832349531,0.18652566519756,-3.99935755198956,0.0179975608471819,0.0216083150984683,0.0217375941071289,0.0216395216911312,0.01457712442853,0.0179975608471819,-9.8072415997727e-05,-0.00706239726260125,0.00342043641865194,0.00334890877514979,0.0213464696223317
"2020-02-01",7,"2020-09-01","2020-11-01",1757,37,0.0210586226522482,0.0213310580204778,-3.82602929226117,-3.80673473380674,-0.0192945584544284,0.0795860484344686,-0.098880606888897,-0.402260545724346,0.303379938835449,0.143894773994937,0.159485164840512,-3.98551445710168,0.0182438583058081,0.0213310580204778,0.0217375941071289,0.0234959992497771,0.0158375194669927,0.0182438583058081,0.00175840514264819,-0.00765847978278445,0.0024063388388154,0.00281476434644007,0.0210586226522482
"2020-02-01",8,"2020-10-01","2020-12-01",1700,37,0.0217647058823529,0.0220458553791887,-3.79233816248217,-3.80673473380674,0.0143965713245748,0.14017796756865,-0.125781396244076,-0.402260545724346,0.27647914948027,0.200544233240718,0.0759349162395518,-3.86827307872172,0.0204667797879278,0.0220458553791887,0.0217375941071289,0.0249270977186229,0.0168101839172781,0.0204667797879278,0.00318950361149392,-0.00811691380134479,0.00365659587064968,0.00129792609442518,0.0217647058823529
"2020-02-01",9,"2020-11-01","2021-01-01",1655,37,0.0223564954682779,0.0226449275362319,-3.76491414038993,-3.80673473380674,0.0418205934168072,0.188722894148899,-0.146902300732092,-0.402260545724346,0.255358244992254,0.302336275571726,-0.0469780305794723,-3.71793610981046,0.0237083024789096,0.0226449275362319,0.0217375941071289,0.026134629384257,0.0176316218012968,0.0237083024789096,0.00439703527712805,-0.00850300758296019,0.00607668067761279,-0.00135180701063164,0.0223564954682779
"2020-02-01",10,"2020-12-01","2021-02-01",1588,28,0.017632241813602,0.0179358086847074,-4.00285747443623,-3.80673473380674,-0.196122740629488,0.249100324734697,-0.445223065364186,-0.402260545724346,-0.0429625196398398,0.160050155148238,-0.203012674788078,-3.79984479964815,0.0218845928551931,0.0179358086847074,0.0217375941071289,0.0277160988991316,0.0187084383221561,0.0218845928551931,0.00597850479200264,-0.00900766057697546,0.00317615453303697,-0.00425235104159107,0.017632241813602
"2020-02-01",11,"2021-01-01","2021-03-01",1516,25,0.016490765171504,0.0168094924192485,-4.06885915179042,-3.80673473380674,-0.262124417983681,0.289264109856582,-0.551388527840263,-0.402260545724346,-0.149127982115918,-0.0170523393881472,-0.132075642727771,-3.93678350906265,0.0191374815402854,0.0168094924192485,0.0217375941071289,0.0288192054610655,0.0194602135951097,0.0191374815402854,0.00708161135393656,-0.00935899186595581,-0.000322732054824318,-0.00264671636878142,0.016490765171504
"2020-02-01",12,"2021-02-01","2021-04-01",1467,20,0.0136332651670075,0.0139645776566757,-4.25716832330279,-3.80673473380674,-0.450433589496047,0.294297372332265,-0.744730961828312,-0.402260545724346,-0.342470416103967,-0.271661745630415,-0.0708086704735513,-4.18635965282924,0.0149738970487337,0.0139645776566757,0.0217375941071289,0.0289604143169464,0.0195564885171593,0.0149738970487337,0.00722282020981744,-0.00940392579978704,-0.00458259146842561,-0.00134063188172622,0.0136332651670075
"2020-02-01",13,"2021-03-01","2021-05-01",1427,24,0.0168185003503854,0.017156862745098,-4.04805127825126,-3.80673473380674,-0.241316544444515,0.303514845354915,-0.544831389799429,-0.402260545724346,-0.142570844075084,-0.520233929176068,0.377663085100985,-4.42571436335224,0.0118241763388713,0.0171568627450981,0.0217375941071289,0.0292207539062206,0.0197340095329059,0.0118241763388713,0.0074831597990917,-0.0094867443733147,-0.00790983319403466,0.00499432401151414,0.0168185003503854
"2020-02-01",14,"2021-04-01","2021-06-01",1387,16,0.0115356885364095,0.0118876080691643,-4.42029992947112,-3.80673473380674,-0.613565195664382,0.282992614882479,-0.896557810546861,-0.402260545724346,-0.494297264822515,-0.575798699208423,0.081501434385908,-4.50180136385703,0.0109673858297967,0.0118876080691643,0.0217375941071289,0.028644192466134,0.0193409039328784,0.0109673858297967,0.0069065983590051,-0.00930328853325564,-0.00837351810308169,0.00056830270661281,0.0115356885364095
"2020-02-01",15,"2021-05-01","2021-07-01",1359,18,0.0132450331125828,0.0136029411764706,-4.2837729377814,-3.80673473380674,-0.477038203974659,0.290285959980498,-0.767324163955156,-0.402260545724346,-0.365063618230811,-0.604464695930074,0.239401077699263,-4.52317401548066,0.0107379611540702,0.0136029411764706,0.0217375941071289,0.0288478194500509,0.019479721619746,0.0107379611540702,0.00711022534292199,-0.00936809783030493,-0.00874176046567581,0.0025070719585126,0.0132450331125828
"2020-02-01",16,"2021-06-01","2021-08-01",1311,9,0.0068649885583524,0.00724085365853659,-4.92074897502103,-3.80673473380674,-1.11401424121429,0.255943184868061,-1.36995742608235,-0.402260545724346,-0.967696880358001,-0.615056956882158,-0.352639923475843,-4.56810905154518,0.0102709768892867,0.00724085365853658,0.0217375941071289,0.02790109687394,0.0188344771148158,0.0102709768892867,0.00616350276681102,-0.00906661975912412,-0.00856350022552915,-0.0034059883309343,0.0068649885583524
"2020-02-01",17,"2021-07-01","2021-09-01",1244,16,0.0128617363344051,0.0132530120481928,-4.3101888110547,-3.80673473380674,-0.503454077247958,0.264080020949498,-0.767534098197456,-0.402260545724346,-0.36527355247311,-0.598645632595379,0.233372080122268,-4.54356089117697,0.0105235444898234,0.0132530120481928,0.0217375941071289,0.028122639040942,0.0189854339145575,0.0105235444898234,0.00638504493381307,-0.00913720512638446,-0.0084618894247342,0.00233819184458179,0.0128617363344051
"2020-02-01",18,"2021-08-01","2021-10-01",1194,12,0.0100502512562814,0.0104602510460251,-4.54965747605783,-3.80673473380674,-0.742922742251092,0.253616829857505,-0.996539572108597,-0.402260545724346,-0.594279026384251,-0.603066826573219,0.00878780018896763,-4.5584452762468,0.0103696801999439,0.0104602510460251,0.0217375941071289,0.0278380692675519,0.0187915347674258,0.0103696801999439,0.00610047516042296,-0.00904653450012609,-0.00842185456748192,-0.000319428943662487,0.0100502512562814
"2020-02-01",19,"2021-09-01","2021-11-01",1168,15,0.0128424657534247,0.0132591958939264,-4.30971605368861,-3.80673473380674,-0.502981319881866,0.241048700025503,-0.744030019907369,-0.402260545724346,-0.341769474183023,-0.597629828619684,0.255860354436661,-4.56557640812527,0.0102967543935461,0.0132591958939264,0.0217375941071289,0.0274999475031061,0.0185611945037721,0.0102967543935461,0.00576235339597715,-0.00893875299933403,-0.00826444011022592,0.00254571135987851,0.0128424657534247
"2020-02-01",20,"2021-10-01","2021-12-01",1143,13,0.0113735783027122,0.0118006993006993,-4.42772560627364,-3.80673473380674,-0.6209908724669,0.19016434378928,-0.811155216256179,-0.402260545724346,-0.408894670531834,-0.643647475931096,0.234752805399262,-4.6624784116729,0.00935469301714844,0.0118006993006993,0.0217375941071289,0.0261713416691865,0.0176566061543979,0.00935469301714844,0.00443374756205756,-0.0085147355147886,-0.00830191313724945,0.00201888528556372,0.0113735783027122
"2020-02-01",21,"2021-11-01","2022-01-01",1124,14,0.0124555160142349,0.0128888888888889,-4.33841699390795,-3.80673473380674,-0.531682260101213,0.159736706239509,-0.691418966340722,-0.402260545724346,-0.289158420616376,-0.663257137665227,0.374098717048852,-4.71251571095681,0.00890219179020301,0.0128888888888889,0.0217375941071289,0.0254069305137959,0.0171365165896182,0.00890219179020301,0.00366933640666691,-0.00827041392417766,-0.00823432479941518,0.00355332422403186,0.0124555160142349
"2020-02-01",22,"2021-12-01","2022-02-01",1095,13,0.0118721461187215,0.0123175182481752,-4.38433877443226,-3.80673473380674,-0.57760404062552,0.116545108534489,-0.694149149160009,-0.402260545724346,-0.291888603435664,-0.571170004196953,0.279281400761289,-4.66362017519355,0.00934411801123843,0.0123175182481752,0.0217375941071289,0.0243590873272493,0.0164240171100831,0.00934411801123843,0.00262149322012033,-0.0079350702171662,-0.00707989909884463,0.00252802810748303,0.0118721461187215
"2020-02-01",23,"2022-01-01","2022-03-01",1050,14,0.0133333333333333,0.0137963843958135,-4.26945628244931,-3.80673473380674,-0.462721548642564,0.134096448024832,-0.596817996667396,-0.402260545724346,-0.19455745094305,-0.575151865655676,0.380594414712625,-4.65005069716193,0.00947056798631261,0.0137963843958135,0.0217375941071289,0.0247797081878399,0.0167099657876194,0.00947056798631261,0.00304211408071098,-0.00806974240022053,-0.00723939780130678,0.00386276534702072,0.0133333333333333
"2020-02-01",24,"2022-02-01","2022-04-01",1036,19,0.0183397683397683,0.0188042430086789,-3.95468945174705,-3.80673473380674,-0.147954717940308,0.136933913842919,-0.284888631783227,-0.402260545724346,0.117371913941119,-0.323592955257691,0.44096486919881,-4.39565432094586,0.0121806125666963,0.0188042430086789,0.0217375941071289,0.024848370001482,0.0167566514483765,0.0121806125666963,0.00311077589435308,-0.00809171855310551,-0.00457603888168024,0.00615915577307206,0.0183397683397683
"2020-02-01",25,"2022-03-01","2022-05-01",1009,20,0.0198216055500496,0.0202970297029703,-3.87677487889826,-3.80673473380674,-0.0700401450915167,0.153144376103385,-0.223184521194901,-0.402260545724346,0.179076024529444,-0.0272117273172376,0.206287751846682,-4.08306263074494,0.0165763563974189,0.0202970297029703,0.0217375941071289,0.025244204774237,0.0170258356398069,0.0165763563974189,0.00350661066710802,-0.00821836913443008,-0.000449479242387984,0.00324524915263065,0.0198216055500496
"2020-02-01",26,"2022-04-01","2022-06-01",988,22,0.0222672064777328,0.0227502527805865,-3.76016598943801,-3.80673473380674,0.0465687443687299,0.150824454081345,-0.104255709712615,-0.402260545724346,0.29800483601173,0.13946557299406,0.15853926301767,-3.91870525245568,0.0194797993024764,0.0227502527805864,0.0217375941071289,0.0251871814349458,0.0169870529975087,0.0194797993024764,0.00344958732781681,-0.00820012843743704,0.00249274630496768,0.0027874071752564,0.0222672064777328
"2020-02-01",27,"2022-05-01","2022-07-01",962,22,0.0228690228690229,0.0233644859813084,-3.73289633953071,-3.80673473380674,0.0738383942760303,0.182987039848669,-0.109148645572639,-0.402260545724346,0.293111900151707,0.182199961940181,0.110911938211526,-3.84380827774224,0.0209630447159293,0.0233644859813084,0.0217375941071289,0.0259890387722965,0.0175325469075634,0.0209630447159293,0.00425144466516755,-0.0084564918647331,0.00343049780836593,0.00190597815309355,0.0228690228690229
"2020-02-01",28,"2022-06-01","2022-08-01",943,24,0.0254506892895016,0.0259533898305085,-3.62515692649369,-3.80673473380674,0.181577807313047,0.161161887237147,0.0204159200758993,-0.402260545724346,0.422676465800245,0.163317043844825,0.25935942195542,-3.88451634844911,0.0201436604332185,0.0259533898305085,0.0217375941071289,0.0254422438960924,0.0171605372346596,0.0201436604332185,0.00370464978896346,-0.00828170666143281,0.00298312319855888,0.00530702885628312,0.0254506892895016
"2020-02-01",29,"2022-07-01","2022-09-01",912,24,0.0263157894736842,0.0268346111719606,-3.59086153004402,-3.80673473380674,0.215873203762717,0.142171123824215,0.0737020799385013,-0.402260545724346,0.475962625662847,0.2976639458145,0.178298679848347,-3.76916020989237,0.0225511431844579,0.0268346111719606,0.0217375941071289,0.024975588751243,0.0168431577551546,0.0225511431844579,0.00323799464411409,-0.00813243099608844,0.0057079854293033,0.00376464628922632,0.0263157894736842
"2020-02-01",30,"2022-08-01","2022-10-01",889,25,0.0281214848143982,0.0286516853932584,-3.52347285295896,-3.80673473380674,0.283261880847776,0.125435575789942,0.157826305057834,-0.402260545724346,0.56008685078218,0.288943584343451,0.271143266438729,-3.79461611939769,0.0219967964370719,0.0286516853932584,0.0217375941071289,0.0245712715617039,0.0165682552686472,0.0219967964370719,0.00283367745457492,-0.00800301629305664,0.00542854116842472,0.00612468837732625,0.0281214848143982
"2020-02-01",31,"2022-09-01","2022-11-01",870,24,0.0275862068965517,0.0281285878300804,-3.54243708402251,-3.80673473380674,0.264297649784233,0.116476719657313,0.147820930126919,-0.402260545724346,0.550081475851265,0.299585493365441,0.250495982485823,-3.79293306650833,0.0220330329924183,0.0281285878300804,0.0217375941071289,0.0243574620690612,0.0164229123743155,0.0220330329924183,0.00261986796193227,-0.00793454969474567,0.00561012061810276,0.00555317390413342,0.0275862068965517
"2020-02-01",32,"2022-10-01","2022-12-01",852,27,0.0316901408450704,0.0322391559202814,-3.40180325868766,-3.80673473380674,0.404931475119084,0.132416258675008,0.272515216444076,-0.402260545724346,0.674775762168422,0.328594061749957,0.346181700418465,-3.74798495910612,0.0230226498987032,0.0322391559202814,0.0217375941071289,0.0247391376828066,0.0166823814340072,0.0230226498987032,0.00300154357567763,-0.00805675624879936,0.00634026846469603,0.00866749094636719,0.0316901408450704
"2020-02-01",33,"2022-11-01","2023-01-01",833,28,0.0336134453781513,0.0341726618705036,-3.34155911534242,-3.80673473380674,0.465175618464317,0.139526428591446,0.325649189872871,-0.402260545724346,0.727909735597217,0.422005802626359,0.305903932970858,-3.64746304831328,0.0253954184814029,0.0341726618705036,0.0217375941071289,0.0249112664840387,0.0167994189299957,0.0253954184814029,0.0031736723769098,-0.00811184755404309,0.00859599955140721,0.00821802689674839,0.0336134453781513
"2020-02-01",34,"2022-12-01","2023-02-01",794,33,0.0415617128463476,0.0421383647798742,-3.1237447335042,-3.80673473380674,0.682990000302545,0.131428628410337,0.551561371892209,-0.402260545724346,0.953821917616554,0.487599424379471,0.466222493237083,-3.58996722674128,0.0268579753538846,0.0421383647798742,0.0217375941071289,0.0247153201974912,0.0166661879996221,0.0268579753538846,0.00297772609036222,-0.0080491321978691,0.0101917873542625,0.014703737492463,0.0415617128463476
"2020-03-01",1,"2020-04-01","2020-06-01",1923,4,0.00208008320332813,0.00233887733887734,-6.05574261766458,-3.80673473380674,-2.24900788385784,-1.7073653881347,-0.541642495723139,-0.442998901235747,-0.0986435944873919,-0.0839574631687652,-0.0146861313186267,-6.04105648634595,0.00237339773975222,0.00233887733887734,0.0217375941071289,0.00401337969127483,0.00258072970483772,0.00237339773975222,-0.0177242144158541,-0.00143264998643712,-0.000207331965085496,-0.000293314536424087,0.00208008320332814
"2020-03-01",2,"2020-05-01","2020-07-01",1888,16,0.00847457627118644,0.00873478030704076,-4.73166933448484,-3.80673473380674,-0.924934600678099,-0.802500335743768,-0.122434264934331,-0.442998901235747,0.320564636301416,0.147768516703317,0.172796119598099,-4.90446545408294,0.00735885068999286,0.00873478030704076,0.0217375941071289,0.00986122148763851,0.0063543946123922,0.00735885068999286,-0.0118763726194904,-0.00350682687524631,0.00100445607760066,0.00111572558119358,0.00847457627118644
"2020-03-01",3,"2020-06-01","2020-08-01",1855,28,0.0150943396226415,0.0153556034482759,-4.16080010434933,-3.80673473380674,-0.354065370542587,-0.337459829206784,-0.0166055413358033,-0.442998901235747,0.426393359899943,0.304798858195984,0.12159450170396,-4.28239460605329,0.0136214478996575,0.0153556034482759,0.0217375941071289,0.0156087071675435,0.0100787767712117,0.0136214478996575,-0.00612888693958539,-0.00552993039633188,0.00354267112844582,0.00147289172298402,0.0150943396226415
"2020-03-01",4,"2020-07-01","2020-09-01",1805,34,0.0188365650969529,0.0191029900332226,-3.93862260026821,-3.80673473380674,-0.131887866461471,-0.182480278425218,0.0505924119637468,-0.442998901235747,0.493591313199494,0.275080610897249,0.218510702302244,-4.15713330257046,0.0154111434280004,0.0191029900332226,0.0217375941071289,0.0181776956171205,0.0117484736869357,0.0154111434280004,-0.00355989849000843,-0.00642922193018478,0.00366266974106467,0.00342542166895251,0.0188365650969529
"2020-03-01",5,"2020-08-01","2020-10-01",1752,34,0.0194063926940639,0.0196805476326298,-3.90824777225257,-3.80673473380674,-0.101513038445833,-0.110329660461367,0.00881662201553454,-0.442998901235747,0.451815523251281,0.214259832349531,0.23755569090175,-4.14580346315432,0.0155840055517409,0.0196805476326298,0.0217375941071289,0.019511164970081,0.0126163721703063,0.0155840055517409,-0.00222642913704798,-0.00689479279977469,0.00296763338143464,0.003822387142323,0.0194063926940639
"2020-03-01",6,"2020-09-01","2020-11-01",1702,31,0.018213866039953,0.0184967704051674,-3.97148916002857,-3.80673473380674,-0.164754426221825,-0.00462210480800024,-0.160132321413825,-0.442998901235747,0.282866579821922,0.143894773994937,0.138971805826986,-4.11046096585555,0.0161355858038733,0.0184967704051674,0.0217375941071289,0.0216395216911312,0.0140033587051348,0.0161355858038733,-9.8072415997727e-05,-0.00763616298599639,0.00213222709873842,0.00207828023607974,0.018213866039953
"2020-03-01",7,"2020-10-01","2020-12-01",1646,30,0.0182260024301337,0.0185185185185185,-3.97029191355212,-3.80673473380674,-0.163557179745381,0.0795860484344686,-0.243143228179849,-0.442998901235747,0.199855673055898,0.200544233240718,-0.00068856018482083,-3.9696033533673,0.0185310376512623,0.0185185185185185,0.0217375941071289,0.0234959992497771,0.015214909698855,0.0185310376512623,0.00175840514264819,-0.00828108955092216,0.00331612795240729,-0.0003050352211286,0.0182260024301337
"2020-03-01",8,"2020-11-01","2021-01-01",1595,32,0.0200626959247649,0.0203634085213033,-3.8734420875622,-3.80673473380674,-0.0667073537554632,0.14017796756865,-0.206885321324114,-0.442998901235747,0.236113579911633,0.302336275571726,-0.0662226956600933,-3.80721939190211,0.0217272902068484,0.0203634085213033,0.0217375941071289,0.0249270977186229,0.0161499639199338,0.0217272902068484,0.00318950361149392,-0.00877713379868912,0.00557732628691467,-0.00166459428208353,0.0200626959247649
"2020-03-01",9,"2020-12-01","2021-02-01",1541,30,0.0194678780012979,0.0197795071335927,-3.90313113060615,-3.80673473380674,-0.0963963967994057,0.188722894148899,-0.285119290948304,-0.442998901235747,0.157879610287442,0.160050155148238,-0.00217054486079538,-3.90096058574535,0.0198216341554128,0.0197795071335927,0.0217375941071289,0.026134629384257,0.0169396956818823,0.0198216341554128,0.00439703527712805,-0.00919493370237472,0.00288193847353055,-0.000353756154114957,0.0194678780012979
"2020-03-01",10,"2021-01-01","2021-03-01",1481,27,0.0182309250506415,0.0185560053981107,-3.96823147326273,-3.80673473380674,-0.161496739455989,0.249100324734697,-0.410597064190687,-0.442998901235747,0.0324018370450602,-0.0170523393881472,0.0494541764332074,-4.01768564969594,0.0176764819471801,0.0185560053981107,0.0217375941071289,0.0277160988991316,0.0179750274021933,0.0176764819471801,0.00597850479200264,-0.00974107149693828,-0.000298545455013215,0.000554443103461373,0.0182309250506415
"2020-03-01",11,"2021-02-01","2021-04-01",1421,17,0.011963406052076,0.0123066104078762,-4.38523576561483,-3.80673473380674,-0.578501031808089,0.289264109856582,-0.867765141664671,-0.442998901235747,-0.424766240428924,-0.271661745630415,-0.153104494798509,-4.23213127081632,0.0143135555040138,0.0123066104078762,0.0217375941071289,0.0288192054610655,0.0186978930267957,0.0143135555040138,0.00708161135393656,-0.0101213124342698,-0.00438433752278197,-0.00235014945193776,0.011963406052076
"2020-03-01",12,"2021-03-01","2021-05-01",1384,12,0.00867052023121387,0.00902527075812274,-4.69866052907543,-3.80673473380674,-0.891925795268689,0.294297372332265,-1.18622316760095,-0.442998901235747,-0.743224266365207,-0.520233929176068,-0.222990337189139,-4.47567019188629,0.0112544858377502,0.00902527075812275,0.0217375941071289,0.0289604143169464,0.0187904688164353,0.0112544858377502,0.00722282020981744,-0.0101699455005111,-0.00753598297868513,-0.00258396560653629,0.00867052023121387
"2020-03-01",13,"2021-04-01","2021-06-01",1346,11,0.00817236255572065,0.00853749072011878,-4.75471399718081,-3.80673473380674,-0.94797926337407,0.303514845354915,-1.25149410872898,-0.442998901235747,-0.808495207493238,-0.575798699208423,-0.232696508284815,-4.522017488896,0.0107502534938721,0.00853749072011878,0.0217375941071289,0.0292207539062206,0.018961170881157,0.0107502534938721,0.0074831597990917,-0.0102595830250637,-0.00821091738728487,-0.00257789093815145,0.00817236255572065
"2020-03-01",14,"2021-05-01","2021-07-01",1314,16,0.0121765601217656,0.0125475285171103,-4.36560465019627,-3.80673473380674,-0.558869916389527,0.282992614882479,-0.841862531272006,-0.442998901235747,-0.398863630036259,-0.604464695930074,0.205601065893815,-4.57120571609008,0.0102395454873118,0.0125475285171103,0.0217375941071289,0.028644192466134,0.0185831685395832,0.0102395454873118,0.0069065983590051,-0.0100610239265508,-0.00834362305227141,0.0019370146344538,0.0121765601217656
"2020-03-01",15,"2021-06-01","2021-08-01",1288,18,0.0139751552795031,0.0143522110162917,-4.22939507067594,-3.80673473380674,-0.422660336869199,0.290285959980498,-0.712946296849696,-0.442998901235747,-0.26994739561395,-0.615056956882158,0.345109561268208,-4.57450463194415,0.0102061659349554,0.0143522110162917,0.0217375941071289,0.0288478194500509,0.0187166514449574,0.0102061659349554,0.00711022534292199,-0.0101311680050936,-0.00851048551000199,0.00376898934454772,0.0139751552795031
"2020-03-01",16,"2021-07-01","2021-09-01",1244,18,0.0144694533762058,0.014859437751004,-4.19414913161426,-3.80673473380674,-0.387414397807524,0.255943184868061,-0.643357582675584,-0.442998901235747,-0.200358681439838,-0.598645632595379,0.398286951155541,-4.59243608276981,0.0100266042667779,0.014859437751004,0.0217375941071289,0.02790109687394,0.0180962163216901,0.0100266042667779,0.00616350276681102,-0.00980488055224983,-0.00806961205491226,0.00444284910942792,0.0144694533762058
"2020-03-01",17,"2021-08-01","2021-10-01",1176,13,0.0110544217687075,0.0114698385726423,-4.45649829729796,-3.80673473380674,-0.649763563491222,0.264080020949498,-0.91384358444072,-0.442998901235747,-0.470844683204973,-0.603066826573219,0.132222143368246,-4.58872044066621,0.0100635532213612,0.0114698385726423,0.0217375941071289,0.028122639040942,0.0182413660292476,0.0100635532213612,0.00638504493381307,-0.00988127301169445,-0.00817781280788634,0.000990868547346263,0.0110544217687075
"2020-03-01",18,"2021-09-01","2021-11-01",1142,10,0.00875656742556918,0.00918635170603675,-4.68080760019371,-3.80673473380674,-0.87407286638697,0.253616829857505,-1.12768969624448,-0.442998901235747,-0.684690795008728,-0.597629828619684,-0.0870609663890444,-4.59374663380467,0.0100136039933291,0.00918635170603675,0.0217375941071289,0.0278380692675519,0.0180549262248312,0.0100136039933291,0.00610047516042296,-0.0097831430427207,-0.00804132223150211,-0.00125703656775992,0.00875656742556918
"2020-03-01",19,"2021-10-01","2021-12-01",1120,8,0.00714285714285714,0.00758251561106155,-4.87429885054412,-3.80673473380674,-1.06756411673738,0.241048700025503,-1.30861281676289,-0.442998901235747,-0.865613915527139,-0.643647475931096,-0.221966439596043,-4.65233241094808,0.00944918745086064,0.00758251561106155,0.0217375941071289,0.0274999475031061,0.0178334509552794,0.00944918745086064,0.00576235339597715,-0.00966649654782673,-0.00838426350441872,-0.0023063303080035,0.00714285714285714
"2020-03-01",20,"2021-11-01","2022-01-01",1092,6,0.00549450549450549,0.00594693504117109,-5.11891462279489,-3.80673473380674,-1.31217988898815,0.19016434378928,-1.50234423277743,-0.442998901235747,-1.05934533154168,-0.663257137665227,-0.396088193876457,-4.72282642891844,0.00881168003028027,0.00594693504117109,0.0217375941071289,0.0261713416691865,0.016963716493117,0.00881168003028027,0.00443374756205756,-0.0092076251760695,-0.00815203646283673,-0.00331717453577478,0.00549450549450549
"2020-03-01",21,"2021-12-01","2022-02-01",1067,8,0.00749765698219306,0.00795880149812734,-4.82548621421208,-3.80673473380674,-1.01875148040534,0.159736706239509,-1.17848818664485,-0.442998901235747,-0.735489285409104,-0.571170004196953,-0.164319281212152,-4.66116693299993,0.00936685455351594,0.00795880149812734,0.0217375941071289,0.0254069305137959,0.016463694494374,0.00936685455351594,0.00366933640666691,-0.00894323601942182,-0.00709683994085809,-0.00186919757132287,0.00749765698219306
"2020-03-01",22,"2022-01-01","2022-03-01",1033,10,0.00968054211035818,0.0101547388781431,-4.57960814793787,-3.80673473380674,-0.772873414131126,0.116545108534489,-0.889418522665615,-0.442998901235747,-0.446419621429868,-0.575151865655676,0.128732244225808,-4.70834039216367,0.00893910602761095,0.0101547388781431,0.0217375941071289,0.0243590873272493,0.0157787204118478,0.00893910602761095,0.00262149322012033,-0.00858036691540143,-0.00683961438423689,0.000741436082747231,0.00968054211035818
"2020-03-01",23,"2022-02-01","2022-04-01",1001,14,0.013986013986014,0.0144710578842315,-4.22102784734875,-3.80673473380674,-0.414293113542007,0.134096448024832,-0.548389561566838,-0.442998901235747,-0.105390660331092,-0.323592955257691,0.2182022949266,-4.43923014227535,0.0116672905746128,0.0144710578842315,0.0217375941071289,0.0247797081878399,0.016053617588978,0.0116672905746128,0.00304211408071098,-0.00872609059886189,-0.0043863270143652,0.00231872341140115,0.013986013986014
"2020-03-01",24,"2022-03-01","2022-05-01",981,22,0.0224260958205912,0.0229124236252546,-3.75289700623738,-3.80673473380674,0.0538377275693609,0.136933913842919,-0.0830961862735583,-0.442998901235747,0.359902714962189,-0.0272117273172376,0.387114442279426,-4.14001144851681,0.0156731114434766,0.0229124236252546,0.0217375941071289,0.024848370001482,0.0160984995132253,0.0156731114434766,0.00311077589435308,-0.0087498704882567,-0.000425388069748692,0.00675298437711459,0.0224260958205912
"2020-03-01",25,"2022-04-01","2022-06-01",957,25,0.0261233019853709,0.0266179540709812,-3.59919069935359,-3.80673473380674,0.207544034453151,0.153144376103385,0.0543996583497664,-0.442998901235747,0.497398559585513,0.13946557299406,0.357932986591453,-3.95712368594504,0.0187593823907393,0.0266179540709812,0.0217375941071289,0.025244204774237,0.0163572868311495,0.0187593823907393,0.00350661066710802,-0.00888691794308746,0.00240209555958984,0.0073639195946316,0.0261233019853709
"2020-03-01",26,"2022-05-01","2022-07-01",938,24,0.0255863539445629,0.0260915867944622,-3.61970435028024,-3.80673473380674,0.187030383526502,0.150824454081345,0.0362059294451569,-0.442998901235747,0.479204830680904,0.182199961940181,0.297004868740723,-3.91670921902096,0.019517960802524,0.0260915867944622,0.0217375941071289,0.0251871814349458,0.0163200017725338,0.019517960802524,0.00344958732781681,-0.008867179662412,0.00319795902999024,0.00606839314203891,0.0255863539445629
"2020-03-01",27,"2022-06-01","2022-08-01",908,21,0.0231277533039648,0.0236523652365237,-3.72035558621595,-3.80673473380674,0.0863791475907876,0.182987039848669,-0.0966078922578815,-0.442998901235747,0.346391008977865,0.163317043844825,0.18307396513304,-3.90342955134899,0.0197737220982838,0.0236523652365237,0.0217375941071289,0.0259890387722965,0.0168444421639485,0.0197737220982838,0.00425144466516755,-0.00914459660834804,0.00292927993433538,0.00335403120568092,0.0231277533039648
"2020-03-01",28,"2022-07-01","2022-09-01",883,17,0.0192525481313703,0.0197963800904977,-3.90226122822619,-3.80673473380674,-0.0955264944194512,0.161161887237147,-0.256688381656598,-0.442998901235747,0.186310519579148,0.2976639458145,-0.111353426235351,-3.79090780199084,0.0220767148079734,0.0197963800904977,0.0217375941071289,0.0254422438960924,0.0164867878493364,0.0220767148079734,0.00370464978896346,-0.00895545604675602,0.00558992695863702,-0.00282416667660307,0.0192525481313703
"2020-03-01",29,"2022-08-01","2022-10-01",859,17,0.019790454016298,0.0203488372093023,-3.87417278129705,-3.80673473380674,-0.0674380474903069,0.142171123824215,-0.209609171314522,-0.442998901235747,0.233389729921225,0.288943584343451,-0.0555538544222264,-3.81861892687482,0.0214863071096533,0.0203488372093023,0.0217375941071289,0.024975588751243,0.0161816640246023,0.0214863071096533,0.00323799464411409,-0.00879392472664075,0.00530464308505099,-0.00169585309335526,0.019790454016298
"2020-03-01",30,"2022-09-01","2022-11-01",834,13,0.0155875299760192,0.0161676646706587,-4.10844225203294,-3.80673473380674,-0.301707518226197,0.125435575789942,-0.42714309401614,-0.442998901235747,0.0158558072196072,0.299585493365441,-0.283729686145834,-3.8247125658871,0.0213585633901789,0.0161676646706587,0.0217375941071289,0.0245712715617039,0.0159173831904676,0.0213585633901789,0.00283367745457492,-0.00865388837123626,0.00544118019971133,-0.00577103341415975,0.0155875299760192
"2020-03-01",31,"2022-10-01","2022-12-01",819,20,0.0244200244200244,0.025,-3.66356164612965,-3.80673473380674,0.143173087677095,0.116476719657313,0.0266963680197815,-0.442998901235747,0.469695269255528,0.328594061749957,0.141101207505571,-3.80466285363522,0.0217816964716691,0.025,0.0217375941071289,0.0243574620690612,0.0157776583846886,0.0217816964716691,0.00261986796193227,-0.00857980368437261,0.00600403808698047,0.00263832794835534,0.0244200244200244
"2020-03-01",32,"2022-11-01","2023-01-01",802,25,0.0311720698254364,0.0317559153175592,-3.41740519188901,-3.80673473380674,0.389329541917733,0.132416258675008,0.256913283242725,-0.442998901235747,0.699912184478471,0.422005802626359,0.277906381852112,-3.69531157374112,0.0242376566188215,0.0317559153175592,0.0217375941071289,0.0247391376828066,0.0160270990568179,0.0242376566188215,0.00300154357567763,-0.00871203862598863,0.00821055756200356,0.00693441320661492,0.0311720698254364
"2020-03-01",33,"2022-12-01","2023-02-01",790,29,0.0367088607594937,0.0372945638432364,-3.25089990898944,-3.80673473380674,0.555834824817299,0.139526428591446,0.416308396225853,-0.442998901235747,0.8593072974616,0.487599424379471,0.371707873082129,-3.62260778207157,0.0260179096523683,0.0372945638432364,0.0217375941071289,0.0249112664840387,0.0161396147871258,0.0260179096523683,0.0031736723769098,-0.0087716516969129,0.00987829486524249,0.0106909511071253,0.0367088607594937
"2020-03-01",34,"2023-01-01","2023-03-01",747,29,0.0388219544846051,0.0394385026737968,-3.19277544217331,-3.80673473380674,0.613959291633436,0.131428628410337,0.482530663223099,-0.442998901235747,0.925529564458846,0.426373509370134,0.499156055088712,-3.69193149726202,0.0243177247610221,0.0394385026737968,0.0217375941071289,0.0247153201974912,0.0160115313416705,0.0243177247610221,0.00297772609036222,-0.00870378885582071,0.0083061934193516,0.014504229723583,0.0388219544846051
"2020-04-01",1,"2020-05-01","2020-07-01",1356,6,0.00442477876106195,0.00478997789240973,-5.33642799633108,-3.80673473380674,-1.52969326252434,-1.7073653881347,0.177672125610361,-0.175822961216118,0.353495086826479,0.147768516703317,0.205726570123163,-5.54215456645424,0.00390278457602019,0.00478997789240973,0.0217375941071289,0.00401337969127483,0.0033684680005629,0.00390278457602019,-0.0177242144158541,-0.000644911690711933,0.000534316575457291,0.000521994185041757,0.00442477876106195
"2020-04-01",2,"2020-06-01","2020-08-01",1329,11,0.00827689992475546,0.00864661654135338,-4.74190297042414,-3.80673473380674,-0.935168236617396,-0.802500335743768,-0.132667900873628,-0.175822961216118,0.0431550603424899,0.304798858195984,-0.261643797853494,-4.48025917257064,0.0112035348402991,0.00864661654135337,0.0217375941071289,0.00986122148763851,0.00828443379682876,0.0112035348402991,-0.0118763726194904,-0.00157678769080974,0.00291910104347036,-0.00292663491554367,0.00827689992475546
"2020-04-01",3,"2020-07-01","2020-09-01",1290,17,0.0131782945736434,0.0135553834237026,-4.28732341349004,-3.80673473380674,-0.480588679683303,-0.337459829206784,-0.143128850476519,-0.175822961216118,0.0326941107395994,0.275080610897249,-0.24238650015765,-4.04493691333239,0.0172094577857765,0.0135553834237025,0.0217375941071289,0.0156087071675435,0.0131250913469156,0.0172094577857765,-0.00612888693958539,-0.00248361582062791,0.00408436643886085,-0.00403116321213308,0.0131782945736434
"2020-04-01",4,"2020-08-01","2020-10-01",1246,18,0.014446227929374,0.0148356054530874,-4.19577845987695,-3.80673473380674,-0.389043726070214,-0.182480278425218,-0.206563447644996,-0.175822961216118,-0.0307404864288775,0.214259832349531,-0.245000318778409,-3.95077814109855,0.0188765451951004,0.0148356054530874,0.0217375941071289,0.0181776956171205,0.0152916591057945,0.0188765451951004,-0.00355989849000843,-0.00288603651132597,0.00358488608930587,-0.00443031726572641,0.014446227929374
"2020-04-01",5,"2020-09-01","2020-11-01",1201,23,0.019150707743547,0.0195507487520799,-3.91499730122607,-3.80673473380674,-0.108262567419331,-0.110329660461367,0.00206709304203609,-0.175822961216118,0.177890054258154,0.143894773994937,0.0339952802632177,-3.94899258148929,0.0189096425784231,0.0195507487520799,0.0217375941071289,0.019511164970081,0.0164169562072384,0.0189096425784231,-0.00222642913704798,-0.00309420876284256,0.00249268637118467,0.000241065165123969,0.019150707743547
"2020-04-01",6,"2020-10-01","2020-12-01",1162,24,0.0206540447504303,0.0210662080825451,-3.83879376795311,-3.80673473380674,-0.0320590341463718,-0.00462210480800024,-0.0274369293383716,-0.175822961216118,0.148386031877747,0.200544233240718,-0.0521582013629718,-3.78663556659014,0.0221691380920644,0.0210662080825451,0.0217375941071289,0.0216395216911312,0.018214054237346,0.0221691380920644,-9.8072415997727e-05,-0.00342546745378522,0.00395508385471845,-0.00151509334163415,0.0206540447504303
"2020-04-01",7,"2020-11-01","2021-01-01",1126,24,0.0213143872113677,0.0217391304347826,-3.80666248977032,-3.80673473380674,7.2244036421143e-05,0.0795860484344686,-0.0795138043980474,-0.175822961216118,0.0963091568180707,0.302336275571726,-0.206027118753656,-3.60063537101666,0.0265805490263695,0.0217391304347826,0.0217375941071289,0.0234959992497771,0.0197825994909318,0.0265805490263695,0.00175840514264819,-0.00371339975884537,0.00679794953543773,-0.00526616181500181,0.0213143872113677
"2020-04-01",8,"2020-12-01","2021-02-01",1093,19,0.0173833485818847,0.0178244972577697,-4.00919625051286,-3.80673473380674,-0.202461516706123,0.14017796756865,-0.342639484274773,-0.175822961216118,-0.166816523058655,0.160050155148238,-0.326866678206893,-3.68232957230597,0.0245465871770989,0.0178244972577697,0.0217375941071289,0.0249270977186229,0.0209923837767149,0.0245465871770989,0.00318950361149392,-0.00393471394190794,0.00355420340038395,-0.00716323859521416,0.0173833485818847
"2020-04-01",9,"2021-01-01","2021-03-01",1055,23,0.0218009478672986,0.0222537878787879,-3.78273790368507,-3.80673473380674,0.0239968301216669,0.188722894148899,-0.164726064027232,-0.175822961216118,0.0110968971888863,-0.0170523393881472,0.0281492365770335,-3.81088714026211,0.021649468028302,0.0222537878787879,0.0217375941071289,0.026134629384257,0.0220136111725399,0.021649468028302,0.00439703527712805,-0.00412101821171712,-0.000364143144237824,0.000151479838996528,0.0218009478672986
"2020-04-01",10,"2021-02-01","2021-04-01",1009,20,0.0198216055500496,0.0202970297029703,-3.87677487889826,-3.80673473380674,-0.0700401450915167,0.249100324734697,-0.319140469826214,-0.175822961216118,-0.143317508610096,-0.271661745630415,0.128344237020319,-4.00511911591858,0.0178960152725105,0.0202970297029703,0.0217375941071289,0.0277160988991316,0.0233516874750336,0.0178960152725105,0.00597850479200264,-0.00436441142409794,-0.0054556722025231,0.00192559027753901,0.0198216055500496
"2020-04-01",11,"2021-03-01","2021-05-01",972,22,0.0226337448559671,0.0231243576567318,-3.74347285271811,-3.80673473380674,0.0632618810886316,0.289264109856582,-0.22600222876795,-0.175822961216118,-0.0501792675518323,-0.520233929176068,0.470054661624236,-4.21352751434234,0.0145784154342687,0.0231243576567318,0.0217375941071289,0.0288192054610655,0.0242854282858749,0.0145784154342687,0.00708161135393656,-0.00453377717519056,-0.00970701285160624,0.00805532942169838,0.0226337448559671
"2020-04-01",12,"2021-04-01","2021-06-01",937,14,0.0149413020277481,0.0154584221748401,-4.15402215021277,-3.80673473380674,-0.347287416406025,0.294297372332265,-0.64158478873829,-0.175822961216118,-0.465761827522172,-0.575798699208423,0.110036871686251,-4.26405902189902,0.013870012795802,0.0154584221748401,0.0217375941071289,0.0289604143169464,0.0244049806964843,0.013870012795802,0.00722282020981744,-0.00455543362046204,-0.0105349679006824,0.00107128923194616,0.0149413020277481
"2020-04-01",13,"2021-05-01","2021-07-01",909,13,0.0143014301430143,0.0148351648351648,-4.1958086076008,-3.80673473380674,-0.389073873794063,0.303514845354915,-0.692588719148977,-0.175822961216118,-0.516765757932859,-0.604464695930074,0.0876989379972147,-4.28350754559802,0.0136065026422723,0.0148351648351648,0.0217375941071289,0.0292207539062206,0.0246254077362576,0.0136065026422723,0.0074831597990917,-0.00459534616996304,-0.0110189050939853,0.000694927500742001,0.0143014301430143
"2020-04-01",14,"2021-06-01","2021-08-01",882,13,0.0147392290249433,0.0152887882219706,-4.16522864834995,-3.80673473380674,-0.358493914543213,0.282992614882479,-0.641486529425692,-0.175822961216118,-0.465663568209574,-0.615056956882158,0.149393388672584,-4.31462203702254,0.0131951620400889,0.0152887882219706,0.0217375941071289,0.028644192466134,0.0241372636855083,0.0131951620400889,0.0069065983590051,-0.00450692878062574,-0.0109421016454194,0.00154406698485438,0.0147392290249433
"2020-04-01",15,"2021-07-01","2021-09-01",838,15,0.0178997613365155,0.0184743742550656,-3.97272352569249,-3.80673473380674,-0.165988791885753,0.290285959980498,-0.456274751866251,-0.175822961216118,-0.280451790650132,-0.598645632595379,0.318193841945246,-4.29091736763774,0.0135074103017291,0.0184743742550656,0.0217375941071289,0.0288478194500509,0.0243096534589073,0.0135074103017291,0.00711022534292199,-0.00453816599114359,-0.0108022431571783,0.00439235103478646,0.0178997613365155
"2020-04-01",16,"2021-08-01","2021-10-01",809,13,0.0160692212608158,0.0166666666666667,-4.07753744390572,-3.80673473380674,-0.270802710098978,0.255943184868061,-0.526745894967039,-0.175822961216118,-0.350922933750921,-0.603066826573219,0.252143892822298,-4.32968133672802,0.0130005048484982,0.0166666666666667,0.0217375941071289,0.02790109687394,0.0235082584525822,0.0130005048484982,0.00616350276681102,-0.00439283842135778,-0.0105077536040839,0.00306871641231758,0.0160692212608158
"2020-04-01",17,"2021-09-01","2021-11-01",786,10,0.0127226463104326,0.0133418043202033,-4.30342138542526,-3.80673473380674,-0.496686651618523,0.264080020949498,-0.760766672568021,-0.175822961216118,-0.584943711351903,-0.597629828619684,0.0126861172677809,-4.31610750269305,0.0131758336982022,0.0133418043202033,0.0217375941071289,0.028122639040942,0.023695770546772,0.0131758336982022,0.00638504493381307,-0.00442686849417004,-0.0105199368485697,-0.000453187387769657,0.0127226463104326
"2020-04-01",18,"2021-10-01","2021-12-01",767,9,0.0117340286831812,0.0123697916666667,-4.38005100018209,-3.80673473380674,-0.57331626637535,0.253616829857505,-0.826933096232855,-0.175822961216118,-0.651110135016737,-0.643647475931096,-0.00746265908564159,-4.37258834109645,0.0124612938838999,0.0123697916666667,0.0217375941071289,0.0278380692675519,0.0234549146854573,0.0124612938838999,0.00610047516042296,-0.00438315458209459,-0.0109936208015574,-0.000727265200718676,0.0117340286831812
"2020-04-01",19,"2021-11-01","2022-01-01",758,11,0.0145118733509235,0.0151515151515152,-4.17438726989564,-3.80673473380674,-0.367652536088896,0.241048700025503,-0.608701236114398,-0.175822961216118,-0.43287827489828,-0.663257137665227,0.230378862766947,-4.40476613266258,0.0120714629299107,0.0151515151515152,0.0217375941071289,0.0274999475031061,0.0231687620309258,0.0120714629299107,0.00576235339597715,-0.00433118547218028,-0.0110972991010151,0.00244041042101274,0.0145118733509235
"2020-04-01",20,"2021-12-01","2022-02-01",731,12,0.0164158686730506,0.0170765027322404,-4.05282788201917,-3.80673473380674,-0.246093148212426,0.19016434378928,-0.436257492001705,-0.175822961216118,-0.260434530785587,-0.571170004196953,0.310735473411366,-4.36356335543053,0.0125728455214775,0.0170765027322404,0.0217375941071289,0.0261713416691865,0.0220446655501643,0.0125728455214775,0.00443374756205756,-0.00412667611902218,-0.00947182002868678,0.00384302315157307,0.0164158686730506
"2020-04-01",21,"2022-01-01","2022-03-01",708,9,0.0127118644067797,0.0133991537376587,-4.29907399549904,-3.80673473380674,-0.492339261692299,0.159736706239509,-0.652075967931808,-0.175822961216118,-0.47625300671569,-0.575151865655676,0.0988988589399856,-4.39797285443903,0.012152746932328,0.0133991537376587,0.0217375941071289,0.0254069305137959,0.021398137662685,0.012152746932328,0.00366933640666691,-0.00400879285111088,-0.00924539073035698,0.000559117474451669,0.0127118644067797
"2020-04-01",22,"2022-02-01","2022-04-01",688,9,0.0130813953488372,0.0137880986937591,-4.2700654349847,-3.80673473380674,-0.463330701177962,0.116545108534489,-0.579875809712451,-0.175822961216118,-0.404052848496333,-0.323592955257691,-0.0804598932386421,-4.18960554174606,0.014926096523948,0.0137880986937591,0.0217375941071289,0.0243590873272493,0.0205121470471138,0.014926096523948,0.00262149322012033,-0.00384694028013547,-0.00558605052316575,-0.00184470117511083,0.0130813953488372
"2020-04-01",23,"2022-03-01","2022-05-01",651,7,0.010752688172043,0.0115030674846626,-4.45357180183698,-3.80673473380674,-0.646837068030236,0.134096448024832,-0.780933516055068,-0.175822961216118,-0.60511055483895,-0.0272117273172376,-0.577898827521712,-3.87567297431527,0.0203189527280406,0.0115030674846626,0.0217375941071289,0.0247797081878399,0.0208677616098157,0.0203189527280406,0.00304211408071098,-0.00391194657802422,-0.000548808881775085,-0.00956626455599761,0.010752688172043
"2020-04-01",24,"2022-04-01","2022-06-01",640,15,0.0234375,0.0241809672386895,-3.69771130598176,-3.80673473380674,0.109023427824976,0.136933913842919,-0.0279104860179428,-0.175822961216118,0.147912475198175,0.13946557299406,0.00844690220411506,-3.70615820818588,0.0239824510947279,0.0241809672386895,0.0217375941071289,0.024848370001482,0.0209258164451965,0.0239824510947279,0.00311077589435308,-0.00392255355628556,0.00305663464953148,-0.000544951094727946,0.0234375
"2020-04-01",25,"2022-05-01","2022-07-01",626,20,0.0319488817891374,0.032695374800638,-3.38727984223974,-3.80673473380674,0.419454891566999,0.153144376103385,0.266310515463614,-0.175822961216118,0.442133476679732,0.182199961940181,0.259933514739551,-3.64721335697929,0.0254015991969793,0.032695374800638,0.0217375941071289,0.025244204774237,0.0212605272461786,0.0254015991969793,0.00350661066710802,-0.00398367752805839,0.00414107195080071,0.0065472825921581,0.0319488817891374
"2020-04-01",26,"2022-06-01","2022-08-01",615,21,0.0341463414634146,0.0349025974025974,-3.31966778099722,-3.80673473380674,0.487066952809522,0.150824454081345,0.336242498728177,-0.175822961216118,0.512065459944295,0.163317043844825,0.34874841609947,-3.66841619709669,0.0248819427815519,0.0349025974025974,0.0217375941071289,0.0251871814349458,0.0212123066860421,0.0248819427815519,0.00344958732781681,-0.00397487474890361,0.00366963609550974,0.00926439868186275,0.0341463414634146
"2020-04-01",27,"2022-07-01","2022-09-01",595,24,0.0403361344537815,0.0411073825503356,-3.14959136568418,-3.80673473380674,0.657143368122557,0.182987039848669,0.474156328273888,-0.175822961216118,0.649979289490006,0.2976639458145,0.352315343675507,-3.50190670935969,0.0292580277661047,0.0411073825503356,0.0217375941071289,0.0259890387722965,0.0218904618671252,0.0292580277661047,0.00425144466516755,-0.0040985769051713,0.00736756589897953,0.0110781066876768,0.0403361344537815
"2020-04-01",28,"2022-08-01","2022-10-01",579,20,0.0345423143350604,0.0353448275862069,-3.30661864160762,-3.80673473380674,0.500116092199124,0.161161887237147,0.338954204961976,-0.175822961216118,0.514777166178095,0.288943584343451,0.225833581834644,-3.53245222344226,0.0284028375301587,0.0353448275862069,0.0217375941071289,0.0254422438960924,0.0214280016845941,0.0284028375301587,0.00370464978896346,-0.00401424221149829,0.00697483584556455,0.00613947680490179,0.0345423143350604
"2020-04-01",29,"2022-09-01","2022-11-01",567,21,0.037037037037037,0.0378521126760563,-3.23548137248298,-3.80673473380674,0.571253361323765,0.142171123824215,0.42908223749955,-0.175822961216118,0.604905198715668,0.299585493365441,0.305319705350226,-3.5408010778332,0.0281733464802194,0.0378521126760563,0.0217375941071289,0.024975588751243,0.0210333856657557,0.0281733464802194,0.00323799464411409,-0.00394220308548738,0.00713996081446377,0.0088636905568176,0.037037037037037
"2020-04-01",30,"2022-10-01","2022-12-01",547,20,0.036563071297989,0.0374087591240876,-3.24772397920586,-3.80673473380674,0.559010754600882,0.125435575789942,0.43357517881094,-0.175822961216118,0.609398140027058,0.328594061749957,0.280804078277102,-3.52852805748296,0.0285113299100945,0.0374087591240876,0.0217375941071289,0.0245712715617039,0.0206915324863295,0.0285113299100945,0.00283367745457492,-0.00387973907537439,0.00781979742376508,0.00805174138789449,0.036563071297989
"2020-04-01",31,"2022-11-01","2023-01-01",534,24,0.0449438202247191,0.0457943925233645,-3.03671752005404,-3.80673473380674,0.770017213752702,0.116476719657313,0.653540494095389,-0.175822961216118,0.829363455311507,0.422005802626359,0.407357652685148,-3.44407517273919,0.0309460424361021,0.0457943925233645,0.0217375941071289,0.0243574620690612,0.0205107730639598,0.0309460424361021,0.00261986796193227,-0.00384668900510139,0.0104352693721423,0.013997777788617,0.0449438202247191
"2020-04-01",32,"2022-12-01","2023-02-01",518,25,0.0482625482625483,0.0491329479768786,-2.96284440670916,-3.80673473380674,0.843890327097585,0.132416258675008,0.711474068422578,-0.175822961216118,0.887297029638696,0.487599424379471,0.399697605259224,-3.36254201196838,0.0334868521984869,0.0491329479768786,0.0217375941071289,0.0247391376828066,0.0208334591028124,0.0334868521984869,0.00300154357567763,-0.00390567857999416,0.0126533930956745,0.0147756960640614,0.0482625482625483
"2020-04-01",33,"2023-01-01","2023-03-01",500,20,0.04,0.0409181636726547,-3.15440234226598,-3.80673473380674,0.652332391540757,0.139526428591446,0.512805962949311,-0.175822961216118,0.688628924165429,0.426373509370134,0.262255414795295,-3.41665775706128,0.0317789050977908,0.0409181636726547,0.0217375941071289,0.0249112664840387,0.0209789977189284,0.0317789050977908,0.0031736723769098,-0.00393226876511038,0.0107999073788624,0.00822109490220921,0.04
"2020-04-01",34,"2023-02-01","2023-04-01",472,20,0.0423728813559322,0.0433403805496829,-3.09436287699562,-3.80673473380674,0.712371856811123,0.131428628410337,0.580943228400786,-0.175822961216118,0.756766189616905,0.39168808486067,0.365078104756234,-3.45944098175185,0.0304885529493726,0.0433403805496829,0.0217375941071289,0.0247153201974912,0.0208133215437521,0.0304885529493726,0.00297772609036222,-0.00390199865373906,0.00967523140562054,0.0118843284065596,0.0423728813559322
"2020-05-01",1,"2020-06-01","2020-08-01",1232,6,0.00487012987012987,0.00527169505271695,-5.24011768679695,-3.80673473380674,-1.43338295299021,-1.7073653881347,0.273982435144488,-0.358336644321347,0.632319079465835,0.304798858195984,0.327520221269851,-5.5676379080668,0.00380495876758277,0.00527169505271695,0.0217375941071289,0.00401337969127483,0.00280809542037846,0.00380495876758277,-0.0177242144158541,-0.00120528427089638,0.000996863347204314,0.0010651711025471,0.00487012987012987
"2020-05-01",2,"2020-07-01","2020-09-01",1208,14,0.0115894039735099,0.0119933829611249,-4.41133431733934,-3.80673473380674,-0.604599583532594,-0.802500335743768,0.197900752211174,-0.358336644321347,0.556237396532521,0.275080610897249,0.281156785635272,-4.69249110297461,0.00908061643363453,0.0119933829611249,0.0217375941071289,0.00986122148763851,0.00691192130271379,0.00908061643363453,-0.0118763726194904,-0.00294930018492472,0.00216869513092074,0.0025087875398754,0.0115894039735099
"2020-05-01",3,"2020-08-01","2020-10-01",1173,19,0.0161977834612106,0.0166098807495741,-4.08100816322485,-3.80673473380674,-0.274273429418108,-0.337459829206784,0.0631863997886756,-0.358336644321347,0.421523044110023,0.214259832349531,0.207263211760492,-4.28827137498534,0.013542713472043,0.0166098807495741,0.0217375941071289,0.0156087071675435,0.010959471967891,0.013542713472043,-0.00612888693958539,-0.00464923519965258,0.00258324150415199,0.00265506998916761,0.0161977834612106
"2020-05-01",4,"2020-09-01","2020-11-01",1147,19,0.016564952048823,0.01698606271777,-4.05823013068789,-3.80673473380674,-0.251495396881148,-0.182480278425218,-0.0690151184559296,-0.358336644321347,0.289321525865418,0.143894773994937,0.145426751870481,-4.20365688255837,0.0147208973311616,0.01698606271777,0.0217375941071289,0.0181776956171205,0.0127731863527915,0.0147208973311616,-0.00355989849000843,-0.00540450926432902,0.00194771097837012,0.0018440547176614,0.016564952048823
"2020-05-01",5,"2020-10-01","2020-12-01",1111,15,0.0135013501350135,0.0139388489208633,-4.25903854393274,-3.80673473380674,-0.452303810126001,-0.110329660461367,-0.341974149664633,-0.358336644321347,0.016362494656714,0.200544233240718,-0.184181738584004,-4.07485680534874,0.016710656322631,0.0139388489208633,0.0217375941071289,0.019511164970081,0.0137157331300373,0.016710656322631,-0.00222642913704798,-0.0057954318400437,0.0029949231925937,-0.00320930618761747,0.0135013501350135
"2020-05-01",6,"2020-11-01","2021-01-01",1075,15,0.013953488372093,0.0144052044609665,-4.22565575007954,-3.80673473380674,-0.418921016272795,-0.00462210480800024,-0.414298911464795,-0.358336644321347,-0.0559622671434474,0.302336275571726,-0.358298542715174,-3.86735720736436,0.0204851491431739,0.0144052044609665,0.0217375941071289,0.0216395216911312,0.0152217152212484,0.0204851491431739,-9.8072415997727e-05,-0.00641780646988285,0.00526343392192555,-0.0065316607710809,0.013953488372093
"2020-05-01",7,"2020-12-01","2021-02-01",1044,13,0.0124521072796935,0.0129186602870813,-4.33607964706692,-3.80673473380674,-0.529344913260181,0.0795860484344686,-0.60893096169465,-0.358336644321347,-0.250594317373303,0.160050155148238,-0.41064447252154,-3.92543517454538,0.0193516703595658,0.0129186602870813,0.0217375941071289,0.0234959992497771,0.0165369087946691,0.0193516703595658,0.00175840514264819,-0.00695909045510804,0.00281476156489666,-0.00689956307987226,0.0124521072796935
"2020-05-01",8,"2021-01-01","2021-03-01",1006,13,0.0129224652087475,0.0134061569016882,-4.29854437654749,-3.80673473380674,-0.491809642740747,0.14017796756865,-0.631987610309397,-0.358336644321347,-0.27365096598805,-0.0170523393881472,-0.256598626599903,-4.04194574994759,0.0172601213322925,0.0134061569016882,0.0217375941071289,0.0249270977186229,0.0175517603462263,0.0172601213322925,0.00318950361149392,-0.00737533737239654,-0.000291639013933854,-0.00433765612354496,0.0129224652087475
"2020-05-01",9,"2021-02-01","2021-04-01",979,11,0.0112359550561798,0.011734693877551,-4.43340144747785,-3.80673473380674,-0.626666713671105,0.188722894148899,-0.815389607820003,-0.358336644321347,-0.457052963498656,-0.271661745630415,-0.185391217868241,-4.2480102296096,0.0140912435773411,0.011734693877551,0.0217375941071289,0.026134629384257,0.0184087572333987,0.0140912435773411,0.00439703527712805,-0.00772587215085825,-0.00431751365605763,-0.00285528852116134,0.0112359550561798
"2020-05-01",10,"2021-03-01","2021-05-01",952,11,0.0115546218487395,0.0120671563483736,-4.405127312728,-3.80673473380674,-0.598392578921262,0.249100324734697,-0.847492903655959,-0.358336644321347,-0.489156259334612,-0.520233929176068,0.0310776698414564,-4.43620498256946,0.0117022257726278,0.0120671563483736,0.0217375941071289,0.0277160988991316,0.0195320920969066,0.0117022257726278,0.00597850479200264,-0.00818400680222496,-0.00782986632427886,-0.000147603923888262,0.0115546218487395
"2020-05-01",11,"2021-04-01","2021-06-01",918,13,0.014161220043573,0.014689880304679,-4.20579759187908,-3.80673473380674,-0.399062858072343,0.289264109856582,-0.688326967928925,-0.358336644321347,-0.329990323607578,-0.575798699208423,0.245808375600846,-4.45160596747993,0.0115254419687315,0.014689880304679,0.0217375941071289,0.0288192054610655,0.0203162796322736,0.0115254419687315,0.00708161135393656,-0.00850292582879192,-0.00879083766354206,0.00263577807484146,0.014161220043573
"2020-05-01",12,"2021-05-01","2021-07-01",897,16,0.0178372352285396,0.0183741648106904,-3.97826462093139,-3.80673473380674,-0.171529887124649,0.294297372332265,-0.465827259456914,-0.358336644321347,-0.107490615135567,-0.604464695930074,0.496974080794507,-4.4752387017259,0.0112592883963481,0.0183741648106904,0.0217375941071289,0.0289604143169464,0.0204167015590654,0.0112592883963481,0.00722282020981744,-0.00854371275788101,-0.00915741316271722,0.00657794683219143,0.0178372352285396
"2020-05-01",13,"2021-06-01","2021-08-01",876,12,0.0136986301369863,0.0142531356898518,-4.23642266081509,-3.80673473380674,-0.429687927008349,0.303514845354915,-0.733202772363263,-0.358336644321347,-0.374866128041916,-0.615056956882158,0.240190828840242,-4.47661348965533,0.011243993825656,0.0142531356898518,0.0217375941071289,0.0292207539062206,0.0206018669488973,0.011243993825656,0.0074831597990917,-0.00861888695732336,-0.00935787312324127,0.00245463631133028,0.0136986301369863
"2020-05-01",14,"2021-07-01","2021-09-01",833,7,0.00840336134453781,0.00899280575539568,-4.70229689671881,-3.80673473380674,-0.895562162912073,0.282992614882479,-1.17855477779455,-0.358336644321347,-0.820218133473205,-0.598645632595379,-0.221572500877826,-4.48072439584099,0.0111983822614175,0.00899280575539567,0.0217375941071289,0.028644192466134,0.0201918295491806,0.0111983822614175,0.0069065983590051,-0.00845236291695348,-0.0089934472877631,-0.00279502091687965,0.00840336134453781
"2020-05-01",15,"2021-08-01","2021-10-01",798,4,0.0050125313283208,0.00563204005006258,-5.1736355892005,-3.80673473380674,-1.36690085539376,0.290285959980498,-1.65718681537425,-0.358336644321347,-1.29885017105291,-0.603066826573219,-0.695783344479687,-4.47785224472081,0.0112302302188486,0.00563204005006258,0.0217375941071289,0.0288478194500509,0.0203366280275479,0.0112302302188486,0.00711022534292199,-0.00851119142250306,-0.00910639780869922,-0.00621769889052784,0.0050125313283208
"2020-05-01",16,"2021-09-01","2021-11-01",773,6,0.00776196636481242,0.00839793281653747,-4.77133630255976,-3.80673473380674,-0.96460156875302,0.255943184868061,-1.22054475362108,-0.358336644321347,-0.862208109299734,-0.597629828619684,-0.26457828068005,-4.50675802187971,0.0109137505731947,0.00839793281653746,0.0217375941071289,0.02790109687394,0.0196635686544263,0.0109137505731947,0.00616350276681102,-0.00823752821951365,-0.00874981808123161,-0.00315178420838229,0.00776196636481242
"2020-05-01",17,"2021-10-01","2021-12-01",750,10,0.0133333333333333,0.0139813581890812,-4.25595037654438,-3.80673473380674,-0.449215642737634,0.264080020949498,-0.713295663687132,-0.358336644321347,-0.354959019365785,-0.643647475931096,0.28868845656531,-4.54463883310969,0.0105123260168617,0.0139813581890812,0.0217375941071289,0.028122639040942,0.0198210363141637,0.0105123260168617,0.00638504493381307,-0.00830160272677831,-0.00930871029730196,0.00282100731647159,0.0133333333333333
"2020-05-01",18,"2021-11-01","2022-01-01",737,9,0.0122116689280868,0.0128726287262873,-4.33969582702876,-3.80673473380674,-0.532961093222023,0.253616829857505,-0.786577923079528,-0.358336644321347,-0.428241278758181,-0.663257137665227,0.235015858907046,-4.57471168593581,0.0102040744876175,0.0128726287262873,0.0217375941071289,0.0278380692675519,0.0196187737873947,0.0102040744876175,0.00610047516042296,-0.0082192954801572,-0.00941469929977722,0.00200759444046936,0.0122116689280868
"2020-05-01",19,"2021-12-01","2022-02-01",724,11,0.0151933701657459,0.0158620689655172,-4.12783540154769,-3.80673473380674,-0.321100667740946,0.241048700025503,-0.562149367766448,-0.358336644321347,-0.203812723445101,-0.571170004196953,0.367357280751852,-4.49519268229954,0.0110393030392375,0.0158620689655172,0.0217375941071289,0.0274999475031061,0.0193784937696801,0.0110393030392375,0.00576235339597715,-0.00812145373342603,-0.00833919073044261,0.0041540671265084,0.0151933701657459
"2020-05-01",20,"2022-01-01","2022-03-01",702,6,0.00854700854700855,0.00924608819345661,-4.67426561631827,-3.80673473380674,-0.867530882511527,0.19016434378928,-1.05769522630081,-0.358336644321347,-0.69935858197946,-0.575151865655676,-0.124206716323784,-4.55005889999449,0.0104560967898363,0.00924608819345661,0.0217375941071289,0.0261713416691865,0.0184348221375317,0.0104560967898363,0.00443374756205756,-0.00773651953165479,-0.0079787253476954,-0.00190908824282775,0.00854700854700855
"2020-05-01",21,"2022-02-01","2022-04-01",685,9,0.0131386861313869,0.0138483965014577,-4.26564064900435,-3.80673473380674,-0.458905915197606,0.159736706239509,-0.618642621437115,-0.358336644321347,-0.260305977115768,-0.323592955257691,0.063286978141923,-4.32892762714627,0.0130101796174832,0.0138483965014577,0.0217375941071289,0.0254069305137959,0.0178922271088034,0.0130101796174832,0.00366933640666691,-0.00751470340499241,-0.00488204749132029,0.000128506513903705,0.0131386861313869
"2020-05-01",22,"2022-03-01","2022-05-01",653,14,0.0214395099540582,0.02217125382263,-3.78653797159237,-3.80673473380674,0.0201967622143724,0.116545108534489,-0.0963483463201171,-0.358336644321347,0.26198829800123,-0.0272117273172376,0.289200025318468,-4.07573799691084,0.0166961832671157,0.02217125382263,0.0217375941071289,0.0243590873272493,0.0171488550379937,0.0166961832671157,0.00262149322012033,-0.00721023228925559,-0.000452671770877999,0.00474332668694251,0.0214395099540582
"2020-05-01",23,"2022-04-01","2022-06-01",639,17,0.02660406885759,0.02734375,-3.57154274740939,-3.80673473380674,0.235191986397347,0.134096448024832,0.101095538372515,-0.358336644321347,0.459432182693862,0.13946557299406,0.319966609699802,-3.8915093571092,0.0200060953533206,0.02734375,0.0217375941071289,0.0247797081878399,0.0174471995771443,0.0200060953533206,0.00304211408071098,-0.00733250861069562,0.00255889577617633,0.00659797350426935,0.02660406885759
"2020-05-01",24,"2022-05-01","2022-07-01",625,18,0.0288,0.0295527156549521,-3.49158144313042,-3.80673473380674,0.315153290676317,0.136933913842919,0.178219376833398,-0.358336644321347,0.536556021154745,0.182199961940181,0.354356059214564,-3.84593750234499,0.0209193899149106,0.0295527156549521,0.0217375941071289,0.024848370001482,0.0174959083320931,0.0209193899149106,0.00311077589435308,-0.00735246166938894,0.00342348158281755,0.00788061008508936,0.0288
"2020-05-01",25,"2022-06-01","2022-08-01",605,12,0.0198347107438017,0.0206270627062706,-3.86030856974147,-3.80673473380674,-0.053573835934726,0.153144376103385,-0.206718212038111,-0.358336644321347,0.151618432283237,0.163317043844825,-0.0116986115615885,-3.84860995817988,0.0208647233151032,0.0206270627062706,0.0217375941071289,0.025244204774237,0.0177767534733584,0.0208647233151032,0.00350661066710802,-0.00746745130087855,0.00308796984174483,-0.00103001257130158,0.0198347107438017
"2020-05-01",26,"2022-07-01","2022-09-01",589,15,0.0254668930390492,0.026271186440678,-3.61266007336361,-3.80673473380674,0.194074660443132,0.150824454081345,0.0432502063617866,-0.358336644321347,0.401586850683134,0.2976639458145,0.103922904868634,-3.71658297823224,0.023739642552018,0.026271186440678,0.0217375941071289,0.0251871814349458,0.0177362912010438,0.023739642552018,0.00344958732781681,-0.00745089023390193,0.00600335135097415,0.00172725048703127,0.0254668930390492
"2020-05-01",27,"2022-08-01","2022-10-01",571,16,0.0280210157618214,0.0288461538461538,-3.51650822817315,-3.80673473380674,0.290226505633592,0.182987039848669,0.107239465784922,-0.358336644321347,0.46557611010627,0.288943584343451,0.176632525762819,-3.69314075393597,0.0242890499839507,0.0288461538461539,0.0217375941071289,0.0259890387722965,0.0183053968633783,0.0242890499839507,0.00425144466516755,-0.00768364190891822,0.00598365312057241,0.00373196577787068,0.0280210157618214
"2020-05-01",28,"2022-09-01","2022-11-01",558,17,0.0304659498207885,0.0313059033989267,-3.43214218551158,-3.80673473380674,0.374592548295164,0.161161887237147,0.213430661058017,-0.358336644321347,0.571767305379364,0.299585493365441,0.272181812013923,-3.7043239975255,0.0240254225083265,0.0313059033989266,0.0217375941071289,0.0254422438960924,0.0179172877398273,0.0240254225083265,0.00370464978896346,-0.00752495615626508,0.00610813476849919,0.00644052731246202,0.0304659498207885
"2020-05-01",29,"2022-10-01","2022-12-01",534,16,0.0299625468164794,0.0308411214953271,-3.44757964676305,-3.80673473380674,0.359155087043694,0.142171123824215,0.216983963219479,-0.358336644321347,0.575320607540826,0.328594061749957,0.246726545790869,-3.69430619255392,0.0242614454542876,0.0308411214953271,0.0217375941071289,0.024975588751243,0.0175861627967132,0.0242614454542876,0.00323799464411409,-0.00738942595452984,0.00667528265757435,0.00570110136219185,0.0299625468164794
"2020-05-01",30,"2022-11-01","2023-01-01",518,16,0.0308880308880309,0.0317919075144509,-3.4162352590267,-3.80673473380674,0.390499474780045,0.125435575789942,0.265063898990103,-0.358336644321347,0.62340054331145,0.422005802626359,0.201394740685091,-3.61762999971179,0.0261443495845113,0.0317919075144509,0.0217375941071289,0.0245712715617039,0.0172993468707855,0.0261443495845113,0.00283367745457492,-0.00727192469091834,0.00884500271372574,0.00474368130351963,0.0308880308880309
"2020-05-01",31,"2022-12-01","2023-02-01",505,15,0.0297029702970297,0.0306324110671937,-3.45458525508022,-3.80673473380674,0.352149478726524,0.116476719657313,0.235672759069211,-0.358336644321347,0.594009403390558,0.487599424379471,0.106409979011087,-3.5609952340913,0.0276256752774956,0.0306324110671937,0.0217375941071289,0.0243574620690612,0.0171477023971372,0.0276256752774956,0.00261986796193227,-0.00720975967192406,0.0104779728803584,0.00207729501953415,0.0297029702970297
"2020-05-01",32,"2023-01-01","2023-03-01",493,17,0.0344827586206897,0.0354251012145749,-3.30426684216479,-3.80673473380674,0.502467891641953,0.132416258675008,0.370051632966945,-0.358336644321347,0.728388277288292,0.426373509370134,0.302014767918158,-3.60628161008295,0.0264348479562018,0.0354251012145749,0.0217375941071289,0.0247391376828066,0.0174184197767476,0.0264348479562018,0.00300154357567763,-0.00732071790605896,0.00901642817945421,0.00804791066448784,0.0344827586206897
"2020-05-01",33,"2023-02-01","2023-04-01",482,16,0.033195020746888,0.0341614906832298,-3.34189763938086,-3.80673473380674,0.464837094425878,0.139526428591446,0.325310665834432,-0.358336644321347,0.683647310155779,0.39168808486067,0.291959225295109,-3.63385686467597,0.0257343617261778,0.0341614906832298,0.0217375941071289,0.0249112664840387,0.0175405289369447,0.0257343617261778,0.0031736723769098,-0.00737073754709408,0.00819383278923315,0.00746065902071015,0.033195020746888
"2020-05-01",34,"2023-03-01","2023-05-01",458,18,0.0393013100436681,0.0403050108932462,-3.17013971329196,-3.80673473380674,0.636595020514786,0.131428628410337,0.505166392104449,-0.358336644321347,0.863503036425797,0.346482791206875,0.517020245218922,-3.68715995851088,0.0244311933979403,0.0403050108932462,0.0217375941071289,0.0247153201974912,0.0174015245204247,0.0244311933979403,0.00297772609036222,-0.0073137956770665,0.00702966887751565,0.0148701166457278,0.0393013100436681
"2020-06-01",1,"2020-07-01","2020-09-01",869,2,0.00230149597238205,0.0028735632183908,-5.84932477994686,-3.80673473380674,-2.04259004614012,-1.7073653881347,-0.335224658005419,-0.372020104154726,0.0367954461493061,0.275080610897249,-0.238285164747943,-5.61103961519892,0.0036439383829823,0.0028735632183908,0.0217375941071289,0.00401337969127483,0.0027700383666054,0.0036439383829823,-0.0177242144158541,-0.00124334132466943,0.000873900016376902,-0.00134244241060025,0.00230149597238205
"2020-06-01",2,"2020-08-01","2020-10-01",853,6,0.00703399765533412,0.00761124121779859,-4.87048866235301,-3.80673473380674,-1.06375392854627,-0.802500335743768,-0.261253592802505,-0.372020104154726,0.11076651135222,0.214259832349531,-0.103493320997311,-4.7669953413557,0.00843415902035883,0.00761124121779859,0.0217375941071289,0.00986122148763851,0.00681862695450713,0.00843415902035883,-0.0118763726194904,-0.00304259453313138,0.00161553206585171,-0.00140016136502472,0.00703399765533412
"2020-06-01",3,"2020-09-01","2020-11-01",824,10,0.0121359223300971,0.0127272727272727,-4.35119917087862,-3.80673473380674,-0.544464437071881,-0.337459829206784,-0.207004607865097,-0.372020104154726,0.165015496289629,0.143894773994937,0.0211207222946923,-4.37231989317331,0.0124645978391346,0.0127272727272727,0.0217375941071289,0.0156087071675435,0.0108121402027197,0.0124645978391346,-0.00612888693958539,-0.0047965669648238,0.00165245763641482,-0.000328675509037479,0.0121359223300971
"2020-06-01",4,"2020-10-01","2020-12-01",803,12,0.0149439601494396,0.015547263681592,-4.14820123501281,-3.80673473380674,-0.34146650120607,-0.182480278425218,-0.158986222780852,-0.372020104154726,0.213033881373874,0.200544233240718,0.0124896481331553,-4.16069088314597,0.015357254939415,0.015547263681592,0.0217375941071289,0.0181776956171205,0.0126017828979841,0.015357254939415,-0.00355989849000843,-0.0055759127191364,0.00275547204143089,-0.00041329478997541,0.0149439601494396
"2020-06-01",5,"2020-11-01","2021-01-01",771,10,0.012970168612192,0.0136010362694301,-4.28391491517174,-3.80673473380674,-0.477180181364997,-0.110329660461367,-0.36685052090363,-0.372020104154726,0.00516958325109562,0.302336275571726,-0.297166692320631,-3.98674822285111,0.0182217734323499,0.0136010362694301,0.0217375941071289,0.019511164970081,0.0135318550009519,0.0182217734323499,-0.00222642913704798,-0.00597930996912905,0.00468991843139801,-0.00525160482015796,0.012970168612192
"2020-06-01",6,"2020-12-01","2021-02-01",740,10,0.0135135135135135,0.01417004048583,-4.24235397402728,-3.80673473380674,-0.435619240220535,-0.00462210480800024,-0.430997135412535,-0.372020104154726,-0.0589770312578092,0.160050155148238,-0.219027186406047,-4.02332678762123,0.0175787951437676,0.01417004048583,0.0217375941071289,0.0216395216911312,0.015017954771327,0.0175787951437676,-9.8072415997727e-05,-0.00662156691980424,0.00256084037244067,-0.00406528163025413,0.0135135135135135
"2020-06-01",7,"2021-01-01","2021-03-01",719,9,0.0125173852573018,0.0131944444444444,-4.31467714893066,-3.80673473380674,-0.507942415123919,0.0795860484344686,-0.587528463558388,-0.372020104154726,-0.215508359403662,-0.0170523393881472,-0.198456020015515,-4.11622112891515,0.0160443963079363,0.0131944444444444,0.0217375941071289,0.0234959992497771,0.0163158346283435,0.0160443963079363,0.00175840514264819,-0.00718016462143363,-0.000271438320407217,-0.00352701105063448,0.0125173852573018
"2020-06-01",8,"2021-02-01","2021-04-01",706,9,0.0127478753541076,0.0134370579915134,-4.29621071508903,-3.80673473380674,-0.489475981282284,0.14017796756865,-0.629653948850935,-0.372020104154726,-0.257633844696209,-0.271661745630415,0.0140279009342059,-4.31023861602323,0.0132523607459947,0.0134370579915134,0.0217375941071289,0.0249270977186229,0.0173173580026635,0.0132523607459947,0.00318950361149392,-0.00760973971595935,-0.00406499725666886,-0.000504485391887011,0.0127478753541076
"2020-06-01",9,"2021-03-01","2021-05-01",681,8,0.0117474302496329,0.0124633431085044,-4.37242183235415,-3.80673473380674,-0.565687098547407,0.188722894148899,-0.754409992696306,-0.372020104154726,-0.38238988854158,-0.520233929176068,0.137844040634488,-4.51026587298864,0.010875949473027,0.0124633431085044,0.0217375941071289,0.026134629384257,0.0181631213585512,0.010875949473027,0.00439703527712805,-0.00797150802570584,-0.00728717188552415,0.000871480776605886,0.0117474302496329
"2020-06-01",10,"2021-04-01","2021-06-01",665,11,0.0165413533834586,0.0172672672672673,-4.04152454998075,-3.80673473380674,-0.234789816174009,0.249100324734697,-0.483890140908707,-0.372020104154726,-0.111870036753981,-0.575798699208423,0.463928662454442,-4.50545321243519,0.0109278445144794,0.0172672672672673,0.0217375941071289,0.0277160988991316,0.0192717613717908,0.0109278445144794,0.00597850479200264,-0.00844433752734073,-0.0083439168573115,0.00561350886897929,0.0165413533834586
"2020-06-01",11,"2021-05-01","2021-07-01",645,10,0.0155038759689922,0.0162538699690402,-4.10303683346603,-3.80673473380674,-0.29630209965929,0.289264109856582,-0.585566209515872,-0.372020104154726,-0.213546105361146,-0.604464695930074,0.390918590568928,-4.49395542403496,0.0110528189031575,0.0162538699690403,0.0217375941071289,0.0288192054610655,0.0200457106648133,0.0110528189031575,0.00708161135393656,-0.00877349479625223,-0.00899289176165581,0.00445105706583478,0.0155038759689922
"2020-06-01",12,"2021-06-01","2021-08-01",623,9,0.014446227929374,0.015224358974359,-4.16951713039959,-3.80673473380674,-0.362782396592853,0.294297372332265,-0.657079768925118,-0.372020104154726,-0.285059664770393,-0.615056956882158,0.329997292111765,-4.49951442251136,0.0109922202802266,0.015224358974359,0.0217375941071289,0.0289604143169464,0.0201448226888792,0.0109922202802266,0.00722282020981744,-0.00881559162806715,-0.00915260240865262,0.0034540076491474,0.014446227929374
"2020-06-01",13,"2021-07-01","2021-09-01",583,7,0.0120068610634648,0.0128424657534247,-4.34207231916685,-3.80673473380674,-0.535337585360108,0.303514845354915,-0.838852430715023,-0.372020104154726,-0.466832326560297,-0.598645632595379,0.131813306035081,-4.47388562520193,0.0112743615091153,0.0128424657534247,0.0217375941071289,0.0292207539062206,0.0203275734924919,0.0112743615091153,0.0074831597990917,-0.00889318041372876,-0.00905321198337655,0.000732499554349512,0.0120068610634648
"2020-06-01",14,"2021-08-01","2021-10-01",550,9,0.0163636363636364,0.0172413793103448,-4.04305126783455,-3.80673473380674,-0.236316534027809,0.282992614882479,-0.519309148910288,-0.372020104154726,-0.147289044755563,-0.603066826573219,0.455777781817656,-4.49882904965221,0.0109996737345685,0.0172413793103448,0.0217375941071289,0.028644192466134,0.0199228842829749,0.0109996737345685,0.0069065983590051,-0.00872130818315919,-0.00892321054840632,0.00536396262906783,0.0163636363636364
"2020-06-01",15,"2021-09-01","2021-11-01",540,8,0.0148148148148148,0.0157116451016636,-4.13751673408731,-3.80673473380674,-0.330782000280569,0.290285959980498,-0.621067960261066,-0.372020104154726,-0.249047856106341,-0.597629828619684,0.348581972513343,-4.48609870660065,0.0111390286969439,0.0157116451016636,0.0217375941071289,0.0288478194500509,0.0200657936139386,0.0111390286969439,0.00711022534292199,-0.00878202583611232,-0.00892676491699472,0.00367578611787092,0.0148148148148148
"2020-06-01",16,"2021-10-01","2021-12-01",522,5,0.00957854406130268,0.0105162523900574,-4.5442614329011,-3.80673473380674,-0.737526699094357,0.255943184868061,-0.993469883962418,-0.372020104154726,-0.621449779807693,-0.643647475931096,0.0221976961234029,-4.5664591290245,0.0102877627095306,0.0105162523900574,0.0217375941071289,0.02790109687394,0.0194015202384917,0.0102877627095306,0.00616350276681102,-0.00849957663544822,-0.00911375752896113,-0.000709218648227938,0.00957854406130268
"2020-06-01",17,"2021-11-01","2022-01-01",503,2,0.00397614314115308,0.00496031746031746,-5.30131287552784,-3.80673473380674,-1.49457814172109,0.264080020949498,-1.75865816267059,-0.372020104154726,-1.38663805851587,-0.663257137665227,-0.723380920850639,-4.5779319546772,0.010171601177378,0.00496031746031746,0.0217375941071289,0.028122639040942,0.0195569312540588,0.010171601177378,0.00638504493381307,-0.00856570778688325,-0.00938533007668078,-0.0061954580362249,0.00397614314115308
"2020-06-01",18,"2021-12-01","2022-02-01",495,3,0.00606060606060606,0.00705645161290323,-4.94673149211678,-3.80673473380674,-1.13999675831003,0.253616829857505,-1.39361358816754,-0.372020104154726,-1.02159348401281,-0.571170004196953,-0.450423479815861,-4.49630801230091,0.0110271331325565,0.00705645161290323,0.0217375941071289,0.0278380692675519,0.0193573105471305,0.0110271331325565,0.00610047516042296,-0.00848075872042141,-0.00833017741457401,-0.00496652707195042,0.00606060606060606
"2020-06-01",19,"2022-01-01","2022-03-01",484,4,0.00826446280991736,0.00927835051546392,-4.67074983163407,-3.80673473380674,-0.864015097827332,0.241048700025503,-1.10506379785283,-0.372020104154726,-0.733043693698109,-0.575151865655676,-0.157891828042434,-4.51285800359164,0.010848099530835,0.00927835051546391,0.0217375941071289,0.0274999475031061,0.019120170335281,0.010848099530835,0.00576235339597715,-0.00837977716782513,-0.00827207080444592,-0.00258363672091768,0.00826446280991736
"2020-06-01",20,"2022-02-01","2022-04-01",476,4,0.00840336134453781,0.00943396226415094,-4.65396035015752,-3.80673473380674,-0.847225616350782,0.19016434378928,-1.03738996014006,-0.372020104154726,-0.665369855985336,-0.323592955257691,-0.341776900727645,-4.31218344942988,0.0132269527339201,0.00943396226415095,0.0217375941071289,0.0261713416691865,0.0181888449122146,0.0132269527339201,0.00443374756205756,-0.00798249675697186,-0.0049618921782945,-0.00482359138938232,0.00840336134453781
"2020-06-01",21,"2022-03-01","2022-05-01",458,8,0.0174672489082969,0.0185185185185185,-3.97029191355212,-3.80673473380674,-0.163557179745381,0.159736706239509,-0.32329388598489,-0.372020104154726,0.0487262181698357,-0.0272117273172376,0.0759379454870733,-4.0462298590392,0.0171876034620399,0.0185185185185185,0.0217375941071289,0.0254069305137959,0.0176533595612775,0.0171876034620399,0.00366933640666691,-0.0077535709525184,-0.000465756099237546,0.000279645446257033,0.0174672489082969
"2020-06-01",22,"2022-04-01","2022-06-01",442,8,0.0180995475113122,0.0191873589164786,-3.93412978120918,-3.80673473380674,-0.127395047402435,0.116545108534489,-0.243940155936924,-0.372020104154726,0.128079948217801,0.13946557299406,-0.011385624776259,-3.92274415643292,0.0194028044109481,0.0191873589164785,0.0217375941071289,0.0243590873272493,0.016919740794642,0.0194028044109481,0.00262149322012033,-0.00743934653260729,0.00248306361630616,-0.00130325689963592,0.0180995475113122
"2020-06-01",23,"2022-05-01","2022-07-01",429,15,0.034965034965035,0.036046511627907,-3.28623295065015,-3.80673473380674,0.520501783156593,0.134096448024832,0.386405335131761,-0.372020104154726,0.758425439286487,0.182199961940181,0.576225477346306,-3.86245842799645,0.0205836768871511,0.036046511627907,0.0217375941071289,0.0247797081878399,0.0172141691668966,0.0205836768871511,0.00304211408071098,-0.00756553902094334,0.00336950772025454,0.0143813580778839,0.034965034965035
"2020-06-01",24,"2022-06-01","2022-08-01",421,13,0.0308788598574822,0.0319905213270142,-3.40980222885567,-3.80673473380674,0.396932504951067,0.136933913842919,0.259998591108148,-0.372020104154726,0.632018695262874,0.163317043844825,0.468701651418049,-3.87850388027372,0.0202626769073912,0.0319905213270142,0.0217375941071289,0.024848370001482,0.0172622387817525,0.0202626769073912,0.00311077589435308,-0.00758613121972955,0.0030004381256387,0.010616182950091,0.0308788598574822
"2020-06-01",25,"2022-07-01","2022-09-01",410,17,0.0414634146341463,0.0425790754257908,-3.11288018692799,-3.80673473380674,0.693854546878752,0.153144376103385,0.540710170775367,-0.372020104154726,0.912730274930093,0.2976639458145,0.615066329115593,-3.72794651604358,0.023477700830375,0.0425790754257908,0.0217375941071289,0.025244204774237,0.0175394000080434,0.023477700830375,0.00350661066710802,-0.0077048047661936,0.00593830082233164,0.0179857138037713,0.0414634146341463
"2020-06-01",26,"2022-08-01","2022-10-01",394,14,0.0355329949238579,0.0367088607594937,-3.26733752787521,-3.80673473380674,0.539397205931529,0.150824454081345,0.388572751850184,-0.372020104154726,0.76059285600491,0.288943584343451,0.471649271661459,-3.73898679953667,0.0232259129871419,0.0367088607594937,0.0217375941071289,0.0251871814349458,0.0174994683588503,0.0232259129871419,0.00344958732781681,-0.00768771307609546,0.00572644462829165,0.0123070819367159,0.0355329949238579
"2020-06-01",27,"2022-09-01","2022-11-01",383,15,0.0391644908616188,0.0403645833333333,-3.16860068770419,-3.80673473380674,0.638134046102551,0.182987039848669,0.455147006253882,-0.372020104154726,0.827167110408608,0.299585493365441,0.527581617043166,-3.69618230474736,0.0242170721914299,0.0403645833333333,0.0217375941071289,0.0259890387722965,0.0180611147931883,0.0242170721914299,0.00425144466516755,-0.00792792397910818,0.00615595739824163,0.0149474186701889,0.0391644908616188
"2020-06-01",28,"2022-10-01","2022-12-01",369,12,0.032520325203252,0.0337837837837838,-3.35340671782581,-3.80673473380674,0.453328015980934,0.161161887237147,0.292166128743787,-0.372020104154726,0.664186232898513,0.328594061749957,0.335592171148556,-3.68899888897436,0.024387402068382,0.0337837837837838,0.0217375941071289,0.0254422438960924,0.0176780916463118,0.024387402068382,0.00370464978896346,-0.00776415224978062,0.00670931042207023,0.00813292313487002,0.032520325203252
"2020-06-01",29,"2022-11-01","2023-01-01",353,14,0.0396600566572238,0.0409604519774011,-3.15332529757222,-3.80673473380674,0.653409436234519,0.142171123824215,0.511238312410304,-0.372020104154726,0.883258416565029,0.422005802626359,0.46125261393867,-3.61457791151089,0.0262221707490499,0.0409604519774011,0.0217375941071289,0.024975588751243,0.0173513091255396,0.0262221707490499,0.00323799464411409,-0.00762427962570346,0.00887086162351034,0.0134378859081739,0.0396600566572238
"2020-06-01",30,"2022-12-01","2023-02-01",346,12,0.0346820809248555,0.0360230547550432,-3.28690823526003,-3.80673473380674,0.519826498546713,0.125435575789942,0.394390922756771,-0.372020104154726,0.766411026911497,0.487599424379471,0.278811602532026,-3.56571983779205,0.0274990434732085,0.0360230547550432,0.0217375941071289,0.0245712715617039,0.0170682569244795,0.0274990434732085,0.00283367745457492,-0.00750301463722436,0.010430786548729,0.007183037451647,0.0346820809248555
"2020-06-01",31,"2023-01-01","2023-03-01",339,12,0.0353982300884956,0.0367647058823529,-3.26575941076705,-3.80673473380674,0.54097532303969,0.116476719657313,0.424498603382377,-0.372020104154726,0.796518707537102,0.426373509370134,0.370145198166968,-3.63590460893402,0.0256830702993136,0.036764705882353,0.0217375941071289,0.0243574620690612,0.0169186032883531,0.0256830702993136,0.00261986796193227,-0.0074388587807081,0.00876446701096047,0.009715159789182,0.0353982300884956
"2020-06-01",32,"2023-02-01","2023-04-01",324,11,0.0339506172839506,0.0353846153846154,-3.30545232470377,-3.80673473380674,0.50128240910297,0.132416258675008,0.368866150427962,-0.372020104154726,0.740886254582688,0.39168808486067,0.349198169722017,-3.65465049442579,0.025218131184361,0.0353846153846154,0.0217375941071289,0.0247391376828066,0.0171857670353921,0.025218131184361,0.00300154357567763,-0.00755337064741446,0.00803236414896892,0.00873248609958958,0.0339506172839506
"2020-06-01",33,"2023-03-01","2023-05-01",317,9,0.028391167192429,0.029874213836478,-3.48043004473895,-3.80673473380674,0.326304689067794,0.139526428591446,0.186778260476348,-0.372020104154726,0.558798364631074,0.346482791206875,0.212315573424199,-3.69274561816315,0.0242984161034285,0.029874213836478,0.0217375941071289,0.0249112664840387,0.0173062739457241,0.0242984161034285,0.0031736723769098,-0.00760499253831462,0.00699214215770441,0.00409275108900049,0.028391167192429
"2020-06-01",34,"2023-04-01","2023-06-01",307,7,0.0228013029315961,0.0243506493506494,-3.690544733433,-3.80673473380674,0.116190000373744,0.131428628410337,-0.0152386280365929,-0.372020104154726,0.356781476118133,0.319348850535649,0.0374326255824835,-3.72797735901548,0.023476993719422,0.0243506493506494,0.0217375941071289,0.0247153201974912,0.0171690935009223,0.023476993719422,0.00297772609036222,-0.00754622669656884,0.0063079002184997,-0.000675690787825933,0.0228013029315961
"2020-07-01",1,"2020-08-01","2020-10-01",1166,8,0.00686106346483705,0.00728363324764353,-4.91481518037616,-3.80673473380674,-1.10808044656942,-1.7073653881347,0.59928494156528,-0.441099565940383,1.04038450750566,0.214259832349531,0.826124675156132,-5.74093985553229,0.00320146597413549,0.00728363324764353,0.0217375941071289,0.00401337969127483,0.00258562334784219,0.00320146597413549,-0.0177242144158541,-0.00142775634343265,0.0006158426262933,0.00365959749070156,0.00686106346483705
"2020-07-01",2,"2020-09-01","2020-11-01",1145,10,0.00873362445414847,0.00916230366492147,-4.68345310438214,-3.80673473380674,-0.876718370575395,-0.802500335743768,-0.074218034831627,-0.441099565940383,0.366881531108756,0.143894773994937,0.222986757113819,-4.90643986149596,0.00734444225949021,0.00916230366492145,0.0217375941071289,0.00986122148763851,0.00636639829739989,0.00734444225949021,-0.0118763726194904,-0.00349482319023861,0.000978043962090321,0.00138918219465826,0.00873362445414847
"2020-07-01",3,"2020-10-01","2020-12-01",1120,17,0.0151785714285714,0.0156110615521855,-4.14404134476732,-3.80673473380674,-0.337306610960582,-0.337459829206784,0.000153218246202236,-0.441099565940383,0.441252784186585,0.200544233240718,0.240708550945867,-4.38474989571319,0.0123125176328092,0.0156110615521855,0.0217375941071289,0.0156087071675435,0.0100977444540756,0.0123125176328092,-0.00612888693958539,-0.00551096271346791,0.00221477317873356,0.00286605379576223,0.0151785714285714
"2020-07-01",4,"2020-11-01","2021-01-01",1092,15,0.0137362637362637,0.0141811527904849,-4.2415587980527,-3.80673473380674,-0.43482406424596,-0.182480278425218,-0.252343785820742,-0.441099565940383,0.188755780119641,0.302336275571726,-0.113580495452086,-4.12797830260062,0.015859838368138,0.0141811527904849,0.0217375941071289,0.0181776956171205,0.0117705462812773,0.015859838368138,-0.00355989849000843,-0.00640714933584321,0.00408929208686073,-0.00212357463187431,0.0137362637362637
"2020-07-01",5,"2020-12-01","2021-02-01",1065,14,0.0131455399061033,0.0136022514071295,-4.28382434571623,-3.80673473380674,-0.477089611909484,-0.110329660461367,-0.366759951448117,-0.441099565940383,0.0743396144922663,0.160050155148238,-0.0857105406559714,-4.19811380506025,0.014801511836052,0.0136022514071295,0.0217375941071289,0.019511164970081,0.0126400544843783,0.014801511836052,-0.00222642913704798,-0.00687111048570269,0.00216145735167374,-0.00165597192994873,0.0131455399061033
"2020-07-01",6,"2021-01-01","2021-03-01",1026,11,0.0107212475633528,0.0111976630963973,-4.48078934565124,-3.80673473380674,-0.674054611844494,-0.00462210480800024,-0.669432507036494,-0.441099565940383,-0.228332941096111,-0.0170523393881472,-0.211280601707964,-4.26950874394327,0.0137956706206156,0.0111976630963973,0.0217375941071289,0.0216395216911312,0.0140296075518642,0.0137956706206156,-9.8072415997727e-05,-0.00760991413926698,-0.000233936931248636,-0.00307442305726277,0.0107212475633528
"2020-07-01",7,"2021-02-01","2021-04-01",993,8,0.0080563947633434,0.0085513078470825,-4.7530829630965,-3.80673473380674,-0.946348229289763,0.0795860484344686,-1.02593427772423,-0.441099565940383,-0.584834711783848,-0.271661745630415,-0.313172966153433,-4.43990999694307,0.011659453660448,0.0085513078470825,0.0217375941071289,0.0234959992497771,0.0152433944494545,0.011659453660448,0.00175840514264819,-0.00825260480032266,-0.00358394078900646,-0.00360305889710461,0.0080563947633434
"2020-07-01",8,"2021-03-01","2021-05-01",962,9,0.00935550935550936,0.009865005192108,-4.60884762643398,-3.80673473380674,-0.802112892627237,0.14017796756865,-0.942290860195888,-0.441099565940383,-0.501191294255505,-0.520233929176068,0.0190426349205636,-4.62789026135454,0.00968072820785255,0.00986500519210801,0.0217375941071289,0.0249270977186229,0.016180170479809,0.00968072820785255,0.00318950361149392,-0.00874692723881383,-0.00649944227195649,-0.000325218852343198,0.00935550935550936
"2020-07-01",9,"2021-04-01","2021-06-01",936,9,0.00961538461538462,0.0101387406616862,-4.5812009958751,-3.80673473380674,-0.774466262068354,0.188722894148899,-0.963189156217253,-0.441099565940383,-0.52208959027687,-0.575798699208423,0.0537091089315537,-4.63491010480665,0.00961366000826084,0.0101387406616862,0.0217375941071289,0.026134629384257,0.0169713538599271,0.00961366000826084,0.00439703527712805,-0.00916327552432987,-0.00735769385166628,1.72460712377989e-06,0.00961538461538462
"2020-07-01",10,"2021-05-01","2021-07-01",915,8,0.0087431693989071,0.00927947598253275,-4.67062740264273,-3.80673473380674,-0.863892668835994,0.249100324734697,-1.11299299357069,-0.441099565940383,-0.671893427630308,-0.604464695930074,-0.0674287317002339,-4.6031986709425,0.00992033546907261,0.00927947598253275,0.0217375941071289,0.0277160988991316,0.0180085850407187,0.00992033546907261,0.00597850479200264,-0.00970751385841283,-0.00808824957164614,-0.0011771660701655,0.0087431693989071
"2020-07-01",11,"2021-06-01","2021-08-01",892,7,0.007847533632287,0.0083986562150056,-4.77124943668062,-3.80673473380674,-0.964514702873882,0.289264109856582,-1.25377881273046,-0.441099565940383,-0.812679246790081,-0.615056956882158,-0.197622289907923,-4.5736271467727,0.0102150341011075,0.0083986562150056,0.0217375941071289,0.0288192054610655,0.0187327744425741,0.0102150341011075,0.00708161135393656,-0.0100864310184914,-0.00851774034146663,-0.00236750046882048,0.007847533632287
"2020-07-01",12,"2021-07-01","2021-09-01",840,4,0.00476190476190476,0.00535077288941736,-5.2251491236506,-3.80673473380674,-1.41841438984386,0.294297372332265,-1.71271176217613,-0.441099565940383,-1.27161219623575,-0.598645632595379,-0.672966563640367,-4.55218256001024,0.010434146603036,0.00535077288941736,0.0217375941071289,0.0289604143169464,0.0188255196216414,0.010434146603036,0.00722282020981744,-0.010134894695305,-0.00839137301860545,-0.00567224184113121,0.00476190476190476
"2020-07-01",13,"2021-08-01","2021-10-01",807,3,0.00371747211895911,0.00433168316831683,-5.43745799793707,-3.80673473380674,-1.63072326413033,0.303514845354915,-1.93423810948524,-0.441099565940383,-1.49313854354486,-0.603066826573219,-0.890071716971641,-4.54738628096543,0.0104837859668051,0.00433168316831683,0.0217375941071289,0.0292207539062206,0.0189965339408002,0.0104837859668051,0.0074831597990917,-0.0102242199654204,-0.00851274797399516,-0.00676631384784595,0.00371747211895911
"2020-07-01",14,"2021-09-01","2021-11-01",793,3,0.00378310214375788,0.0044080604534005,-5.41990268815416,-3.80673473380674,-1.61316795434742,0.282992614882479,-1.8961605692299,-0.441099565940383,-1.45506100328951,-0.597629828619684,-0.85743117466983,-4.56247151348433,0.0103284436977679,0.0044080604534005,0.0217375941071289,0.028644192466134,0.0186178399943284,0.0103284436977679,0.0069065983590051,-0.0100263524718057,-0.0082893962965605,-0.00654534155400999,0.00378310214375788
"2020-07-01",15,"2021-10-01","2021-12-01",767,4,0.00521512385919166,0.005859375,-5.13383572788241,-3.80673473380674,-1.32710099407567,0.290285959980498,-1.61738695405617,-0.441099565940383,-1.17628738811579,-0.643647475931096,-0.532639912184691,-4.60119581569772,0.00994002667938665,0.005859375,0.0217375941071289,0.0288478194500509,0.018751567186361,0.00994002667938665,0.00711022534292199,-0.0100962522636899,-0.00881154050697434,-0.004724902820195,0.00521512385919166
"2020-07-01",16,"2021-11-01","2022-01-01",754,6,0.00795755968169761,0.00860927152317881,-4.74626902695809,-3.80673473380674,-0.93953429315135,0.255943184868061,-1.19547747801941,-0.441099565940383,-0.754377912079028,-0.663257137665227,-0.0911207744138007,-4.65514825254429,0.00942286782727766,0.00860927152317882,0.0217375941071289,0.02790109687394,0.0181299960312568,0.00942286782727766,0.00616350276681102,-0.00977110084268314,-0.00870712820397916,-0.00146530814558005,0.00795755968169761
"2020-07-01",17,"2021-12-01","2022-02-01",736,9,0.0122282608695652,0.0128900949796472,-4.33832220043915,-3.80673473380674,-0.531587466632411,0.264080020949498,-0.795667487581909,-0.441099565940383,-0.354567921641526,-0.571170004196953,0.216602082555427,-4.55492428299458,0.0104058755234121,0.0128900949796472,0.0217375941071289,0.028122639040942,0.0182754116428581,0.0104058755234121,0.00638504493381307,-0.00984722739808389,-0.00786953611944597,0.00182238534615307,0.0122282608695652
"2020-07-01",18,"2022-01-01","2022-03-01",718,9,0.0125348189415042,0.0132127955493741,-4.3132686979936,-3.80673473380674,-0.506533964186861,0.253616829857505,-0.760150794044366,-0.441099565940383,-0.319051228103983,-0.575151865655676,0.256100637551693,-4.56936933554529,0.0102581733965255,0.0132127955493741,0.0217375941071289,0.0278380692675519,0.0180886302791863,0.0102581733965255,0.00610047516042296,-0.00974943898836561,-0.00783045688266083,0.00227664554497872,0.0125348189415042
"2020-07-01",19,"2022-02-01","2022-04-01",700,15,0.0214285714285714,0.0221112696148359,-3.78930847507717,-3.80673473380674,0.0174262587295733,0.241048700025503,-0.223622441295929,-0.441099565940383,0.217477124644454,-0.323592955257691,0.541070079902145,-4.33037855497931,0.0129915615352972,0.022111269614836,0.0217375941071289,0.0274999475031061,0.0178667490930549,0.0129915615352972,0.00576235339597715,-0.00963319841005118,-0.00487518755775772,0.00843700989327424,0.0214285714285714
"2020-07-01",20,"2022-03-01","2022-05-01",683,17,0.0248901903367496,0.0255847953216374,-3.6398392586893,-3.80673473380674,0.166895475117446,0.19016434378928,-0.0232688686718336,-0.441099565940383,0.417830697268549,-0.0272117273172376,0.445042424585787,-4.08488168327508,0.0165467290272874,0.0255847953216374,0.0217375941071289,0.0261713416691865,0.0169954187869579,0.0165467290272874,0.00443374756205756,-0.00917592288222858,-0.000448689759670468,0.00834346130946218,0.0248901903367496
"2020-07-01",21,"2022-04-01","2022-06-01",669,22,0.0328849028400598,0.0335820895522388,-3.35960348436332,-3.80673473380674,0.447131249443423,0.159736706239509,0.287394543203914,-0.441099565940383,0.728494109144297,0.13946557299406,0.589028536150237,-3.94863202051355,0.0189163328906068,0.0335820895522388,0.0217375941071289,0.0254069305137959,0.0164944780116938,0.0189163328906068,0.00366933640666691,-0.00891245250210207,0.00242185487891303,0.013968569949453,0.0328849028400598
"2020-07-01",22,"2022-05-01","2022-07-01",647,19,0.0293663060278207,0.0300925925925926,-3.4729215624606,-3.80673473380674,0.33381317134614,0.116545108534489,0.217268062811651,-0.441099565940383,0.658367628752034,0.182199961940181,0.476167666811853,-3.94908922927245,0.0189078496455443,0.0300925925925926,0.0217375941071289,0.0243590873272493,0.0158082437624059,0.0189078496455443,0.00262149322012033,-0.00855084356484341,0.00309960588313848,0.0104584563822764,0.0293663060278207
"2020-07-01",23,"2022-06-01","2022-08-01",626,17,0.0271565495207668,0.0279106858054226,-3.55043806799186,-3.80673473380674,0.256296665814883,0.134096448024832,0.122200217790051,-0.441099565940383,0.563299783730435,0.163317043844825,0.39998273988561,-3.95042080787747,0.0188831642232921,0.0279106858054226,0.0217375941071289,0.0247797081878399,0.0160836468905774,0.0188831642232921,0.00304211408071098,-0.00869606129726252,0.00279951733271469,0.00827338529747468,0.0271565495207668
"2020-07-01",24,"2022-07-01","2022-09-01",611,19,0.0310965630114566,0.0318627450980392,-3.41393640743959,-3.80673473380674,0.392798326367156,0.136933913842919,0.255864412524237,-0.441099565940383,0.69696397846462,0.2976639458145,0.39930003265012,-3.81323644008971,0.0215997639321383,0.0318627450980392,0.0217375941071289,0.024848370001482,0.0161286113931262,0.0215997639321383,0.00311077589435308,-0.00871975860835586,0.00547115253901216,0.0094967990793183,0.0310965630114566
"2020-07-01",25,"2022-08-01","2022-10-01",593,19,0.0320404721753794,0.0328282828282828,-3.38308563171911,-3.80673473380674,0.423649102087632,0.153144376103385,0.270504725984247,-0.441099565940383,0.71160429192463,0.288943584343451,0.422660707581179,-3.80574633930029,0.0217586223251707,0.0328282828282828,0.0217375941071289,0.025244204774237,0.0163878747044466,0.0217586223251707,0.00350661066710802,-0.00885633006979038,0.00537074762072409,0.0102818498502088,0.0320404721753794
"2020-07-01",26,"2022-09-01","2022-11-01",582,21,0.0360824742268041,0.0368782161234991,-3.26255883904488,-3.80673473380674,0.54417589476186,0.150824454081345,0.393351440680515,-0.441099565940383,0.834451006620898,0.299585493365441,0.534865513255457,-3.79742435230034,0.0219364641248649,0.0368782161234991,0.0217375941071289,0.0251871814349458,0.0163505210823044,0.0219364641248649,0.00344958732781681,-0.00883666035264135,0.00558594304256054,0.0141460101019392,0.0360824742268041
"2020-07-01",27,"2022-10-01","2022-12-01",561,17,0.0303030303030303,0.0311387900355872,-3.43766706144355,-3.80673473380674,0.369067672363195,0.182987039848669,0.186080632514526,-0.441099565940383,0.627180198454909,0.328594061749957,0.298586136704952,-3.7362531981485,0.0232880096454446,0.0311387900355872,0.0217375941071289,0.0259890387722965,0.0168759253810187,0.0232880096454446,0.00425144466516755,-0.00911311339127777,0.00641208426442587,0.00701502065758571,0.0303030303030303
"2020-07-01",28,"2022-11-01","2023-01-01",542,17,0.0313653136531365,0.0322283609576427,-3.40214930938754,-3.80673473380674,0.404585424419204,0.161161887237147,0.243423537182057,-0.441099565940383,0.68452310312244,0.422005802626359,0.262517300496081,-3.66466660988362,0.0249730806400714,0.0322283609576427,0.0217375941071289,0.0254422438960924,0.0165176138210306,0.0249730806400714,0.00370464978896346,-0.00892463007506181,0.00845546681904085,0.00639223301306509,0.0313653136531365
"2020-07-01",29,"2022-12-01","2023-02-01",524,18,0.0343511450381679,0.0352380952380952,-3.30975359160446,-3.80673473380674,0.496981142202282,0.142171123824215,0.354810018378067,-0.441099565940383,0.79590958431845,0.487599424379471,0.308310159938979,-3.61806375154344,0.0261333081756639,0.0352380952380953,0.0217375941071289,0.024975588751243,0.0162119288986968,0.0261333081756639,0.00323799464411409,-0.00876365985254628,0.00992137927696716,0.00821783686250403,0.0343511450381679
"2020-07-01",30,"2023-01-01","2023-03-01",514,19,0.0369649805447471,0.0378640776699029,-3.23515288820034,-3.80673473380674,0.5715818456064,0.125435575789942,0.446146269816458,-0.441099565940383,0.887245835756841,0.426373509370134,0.460872326386707,-3.69602521458705,0.0242207846045139,0.0378640776699029,0.0217375941071289,0.0245712715617039,0.0159471617872542,0.0242207846045139,0.00283367745457492,-0.00862410977444969,0.00827362281725974,0.0127441959402332,0.0369649805447471
"2020-07-01",31,"2023-02-01","2023-04-01",497,18,0.0362173038229376,0.03714859437751,-3.25497316223921,-3.80673473380674,0.551761571567527,0.116476719657313,0.435284851910214,-0.441099565940383,0.876384417850597,0.39168808486067,0.484696332989927,-3.73966949522914,0.023210430071988,0.03714859437751,0.0217375941071289,0.0243574620690612,0.0158071797800167,0.023210430071988,0.00261986796193227,-0.00855028228904453,0.00740325029197136,0.0130068737509496,0.0362173038229376
"2020-07-01",32,"2023-03-01","2023-05-01",484,16,0.0330578512396694,0.034020618556701,-3.34617572077194,-3.80673473380674,0.460559013034799,0.132416258675008,0.328142754359791,-0.441099565940383,0.769242320300174,0.346482791206875,0.4227595290933,-3.76893524986524,0.0225561024185407,0.034020618556701,0.0217375941071289,0.0247391376828066,0.0160570795633348,0.0225561024185407,0.00300154357567763,-0.00868205811947175,0.00649902285520587,0.0105017488211287,0.0330578512396694
"2020-07-01",33,"2023-04-01","2023-06-01",469,15,0.0319829424307036,0.0329787234042553,-3.37835788969233,-3.80673473380674,0.428376844114409,0.139526428591446,0.288850415522963,-0.441099565940383,0.729949981463346,0.319348850535649,0.410601130927697,-3.78895902062003,0.0221188269073844,0.0329787234042553,0.0217375941071289,0.0249112664840387,0.0161698023083298,0.0221188269073844,0.0031736723769098,-0.0087414641757089,0.00594902459905457,0.00986411552331921,0.0319829424307036
"2020-07-01",34,"2023-05-01","2023-07-01",458,14,0.0305676855895196,0.0315904139433551,-3.42280140552743,-3.80673473380674,0.383933328279311,0.131428628410337,0.252504699868974,-0.441099565940383,0.693604265809357,0.292095942153473,0.401508323655884,-3.82430972918331,0.0213669852578327,0.0315904139433551,0.0217375941071289,0.0247153201974912,0.0160414832017664,0.0213669852578327,0.00297772609036222,-0.00867383699572481,0.00532550205606639,0.0092007003316869,0.0305676855895196
"2020-08-01",1,"2020-09-01","2020-11-01",1106,5,0.00452079566003617,0.0049683830171635,-5.29968007400397,-3.80673473380674,-1.49294534019723,-1.7073653881347,0.214420047937468,-0.345324211753078,0.559744259690545,0.143894773994937,0.415849485695609,-5.71552955969958,0.00328358800496617,0.00496838301716351,0.0217375941071289,0.00401337969127483,0.0028447697177904,0.00328358800496617,-0.0177242144158541,-0.00116860997348443,0.000438818287175769,0.00123720765507,0.00452079566003617
"2020-08-01",2,"2020-10-01","2020-12-01",1077,14,0.0129990714948932,0.0134508348794063,-4.29517198521376,-3.80673473380674,-0.488437251407022,-0.802500335743768,0.314063084336746,-0.345324211753078,0.659387296089823,0.200544233240718,0.458843062849105,-4.75401504806287,0.00854340907895952,0.0134508348794063,0.0217375941071289,0.00986122148763851,0.00700181606923125,0.00854340907895952,-0.0118763726194904,-0.00285940541840726,0.00154159300972827,0.0044556624159337,0.0129990714948932
"2020-08-01",3,"2020-11-01","2021-01-01",1051,18,0.0171265461465271,0.0175855513307985,-4.02293564703754,-3.80673473380674,-0.216200913230803,-0.337459829206784,0.121258915975981,-0.345324211753078,0.466583127729059,0.302336275571726,0.164246852157332,-4.18718249919488,0.0149617651711398,0.0175855513307985,0.0217375941071289,0.0156087071675435,0.0111014197310923,0.0149617651711398,-0.00612888693958539,-0.00450728743645126,0.00386034544004751,0.00216478097538731,0.0171265461465271
"2020-08-01",4,"2020-12-01","2021-02-01",1023,16,0.0156402737047898,0.01611328125,-4.1118669129143,-3.80673473380674,-0.305132179107562,-0.182480278425218,-0.122651900682344,-0.345324211753078,0.222672311070734,0.160050155148238,0.0626221559224959,-4.1744890688368,0.0151499961881098,0.01611328125,0.0217375941071289,0.0181776956171205,0.0129383181512501,0.0151499961881098,-0.00355989849000843,-0.00523937746587038,0.00221167803685967,0.000490277516680029,0.0156402737047898
"2020-08-01",5,"2021-01-01","2021-03-01",981,9,0.00917431192660551,0.00967413441955193,-4.62857827688611,-3.80673473380674,-0.821843543079365,-0.110329660461367,-0.711513882617997,-0.345324211753078,-0.36618967086492,-0.0170523393881472,-0.349137331476773,-4.27944094540933,0.0136611900652764,0.00967413441955193,0.0217375941071289,0.019511164970081,0.0138928786980738,0.0136611900652764,-0.00222642913704798,-0.00561828627200714,-0.000231688632797459,-0.00448687813867086,0.00917431192660551
"2020-08-01",6,"2021-02-01","2021-04-01",948,11,0.0116033755274262,0.012118018967334,-4.40086972247536,-3.80673473380674,-0.59413498866862,-0.00462210480800024,-0.58951288386062,-0.345324211753078,-0.244188672107543,-0.271661745630415,0.0274730735228726,-4.42834279599823,0.0117935041462431,0.012118018967334,0.0217375941071289,0.0216395216911312,0.0154180072442836,0.0117935041462431,-9.8072415997727e-05,-0.00622151444684766,-0.00362450309804048,-0.000190128618816919,0.0116033755274262
"2020-08-01",7,"2021-03-01","2021-05-01",911,13,0.0142700329308452,0.0148026315789474,-4.19803702077923,-3.80673473380674,-0.391302286972489,0.0795860484344686,-0.470888335406957,-0.345324211753078,-0.12556412365388,-0.520233929176068,0.394669805522188,-4.59270682630142,0.0100239172036065,0.0148026315789474,0.0217375941071289,0.0234959992497771,0.0167498724597615,0.0100239172036065,0.00175840514264819,-0.00674612679001561,-0.00672595525615497,0.00424611572723868,0.0142700329308452
"2020-08-01",8,"2021-04-01","2021-06-01",878,14,0.0159453302961276,0.0164960182025028,-4.08800265569682,-3.80673473380674,-0.281267921890075,0.14017796756865,-0.421445889458726,-0.345324211753078,-0.076121677705648,-0.575798699208423,0.499677021502775,-4.58767967719959,0.0100739268851479,0.0164960182025028,0.0217375941071289,0.0249270977186229,0.0177775571049007,0.0100739268851479,0.00318950361149392,-0.00714954061372216,-0.00770363021975278,0.00587140341097964,0.0159453302961276
"2020-08-01",9,"2021-05-01","2021-07-01",858,9,0.0104895104895105,0.0110593713620489,-4.49335614250549,-3.80673473380674,-0.68662140869875,0.188722894148899,-0.875344302847649,-0.345324211753078,-0.530020091094571,-0.604464695930074,0.0744446048355024,-4.56780074734099,0.0102741114239623,0.0110593713620489,0.0217375941071289,0.026134629384257,0.0186453696963375,0.0102741114239623,0.00439703527712805,-0.00748925968791948,-0.00837125827237521,0.000215399065548185,0.0104895104895105
"2020-08-01",10,"2021-06-01","2021-08-01",833,7,0.00840336134453781,0.00899280575539568,-4.70229689671881,-3.80673473380674,-0.895562162912073,0.249100324734697,-1.14466248764677,-0.345324211753078,-0.799338275893693,-0.615056956882158,-0.184281319011535,-4.51801557770728,0.0107928959952316,0.00899280575539568,0.0217375941071289,0.0277160988991316,0.0197828520783209,0.0107928959952316,0.00597850479200264,-0.00793324682081067,-0.0089899560830893,-0.0023895346506938,0.00840336134453781
"2020-08-01",11,"2021-07-01","2021-09-01",782,8,0.010230179028133,0.0108556832694764,-4.51215149636065,-3.80673473380674,-0.705416762553911,0.289264109856582,-0.994680872410493,-0.345324211753078,-0.649356660657416,-0.598645632595379,-0.0507110280620371,-4.46144046829862,0.0114139379275062,0.0108556832694764,0.0217375941071289,0.0288192054610655,0.0205768960051183,0.0114139379275062,0.00708161135393656,-0.0082423094559472,-0.00916295807761213,-0.00118375889937318,0.010230179028133
"2020-08-01",12,"2021-08-01","2021-10-01",750,10,0.0133333333333333,0.0139813581890812,-4.25595037654438,-3.80673473380674,-0.449215642737634,0.294297372332265,-0.7435130150699,-0.345324211753078,-0.398188803316822,-0.603066826573219,0.204878023256397,-4.46082839980077,0.011420846366041,0.0139813581890812,0.0217375941071289,0.0289604143169464,0.020678578949395,0.011420846366041,0.00722282020981744,-0.00828183536755133,-0.00925773258335403,0.00191248696729231,0.0133333333333333
"2020-08-01",13,"2021-09-01","2021-11-01",729,9,0.0123456790123457,0.013013698630137,-4.32865361683308,-3.80673473380674,-0.52191888302634,0.303514845354915,-0.825433728381255,-0.345324211753078,-0.480109516628177,-0.597629828619684,0.117520311991507,-4.44617392882459,0.0115874915362914,0.013013698630137,0.0217375941071289,0.0292207539062206,0.0208660687955931,0.0115874915362914,0.0074831597990917,-0.00835468511062759,-0.00927857725930162,0.00075818747605425,0.0123456790123457
"2020-08-01",14,"2021-10-01","2021-12-01",708,7,0.00988700564971751,0.0105782792665726,-4.53831787900025,-3.80673473380674,-0.73158314519351,0.282992614882479,-1.01457576007599,-0.345324211753078,-0.669251548322912,-0.643647475931096,-0.0256040723918161,-4.51271380660844,0.0108496469339199,0.0105782792665726,0.0217375941071289,0.028644192466134,0.0204508828073102,0.0108496469339199,0.0069065983590051,-0.00819330965882387,-0.00960123587339025,-0.000962641284202407,0.00988700564971751
"2020-08-01",15,"2021-11-01","2022-01-01",697,5,0.00717360114777618,0.00787965616045845,-4.83556014582307,-3.80673473380674,-1.02882541201633,0.290285959980498,-1.31911137199682,-0.345324211753078,-0.973787160243747,-0.663257137665227,-0.31053002257852,-4.52503012324455,0.0107182622519832,0.00787965616045845,0.0217375941071289,0.0288478194500509,0.0205974999407158,0.0107182622519832,0.00711022534292199,-0.00825031950933516,-0.00987923768873261,-0.00354466110420698,0.00717360114777618
"2020-08-01",16,"2021-12-01","2022-02-01",676,3,0.00443786982248521,0.0051698670605613,-5.25972502735505,-3.80673473380674,-1.45299029354831,0.255943184868061,-1.70893347841637,-0.345324211753078,-1.36360926666329,-0.571170004196953,-0.79243926246634,-4.46728576488871,0.0113481696054999,0.0051698670605613,0.0217375941071289,0.02790109687394,0.0199159822921557,0.0113481696054999,0.00616350276681102,-0.00798511458178425,-0.00856781268665583,-0.00691029978301468,0.00443786982248521
"2020-08-01",17,"2022-01-01","2022-03-01",658,2,0.00303951367781155,0.00379362670713202,-5.5706319618687,-3.80673473380674,-1.76389722806195,0.264080020949498,-2.02797724901145,-0.345324211753078,-1.68265303725837,-0.575151865655676,-1.1075011716027,-4.463130790266,0.0113948806525492,0.00379362670713202,0.0217375941071289,0.028122639040942,0.020075429909991,0.0113948806525492,0.00638504493381307,-0.00804720913095105,-0.0086805492574418,-0.00835536697473761,0.00303951367781155
"2020-08-01",18,"2022-02-01","2022-04-01",643,5,0.00777604976671851,0.00854037267080745,-4.75437358323417,-3.80673473380674,-0.947638849427427,0.253616829857505,-1.20125567928493,-0.345324211753078,-0.855931467531855,-0.323592955257691,-0.532338512274164,-4.22203507096,0.0144567002398962,0.00854037267080745,0.0217375941071289,0.0278380692675519,0.0198706240657891,0.0144567002398962,0.00610047516042296,-0.00796744520176279,-0.0054139238258929,-0.0066806504731777,0.00777604976671851
"2020-08-01",19,"2022-03-01","2022-05-01",622,13,0.0209003215434084,0.021669341894061,-3.80994926347694,-3.80673473380674,-0.0032145296702013,0.241048700025503,-0.244263229695704,-0.345324211753078,0.101060982057374,-0.0272117273172376,0.128272709374611,-3.93822197285155,0.0191104984625968,0.021669341894061,0.0217375941071289,0.0274999475031061,0.0196273212759881,0.0191104984625968,0.00576235339597715,-0.00787262622711801,-0.000516822813391306,0.00178982308081159,0.0209003215434084
"2020-08-01",20,"2022-04-01","2022-06-01",611,15,0.0245499181669394,0.0253267973856209,-3.65023921761277,-3.80673473380674,0.156495516193971,0.19016434378928,-0.0336688275953085,-0.345324211753078,0.311655384157769,0.13946557299406,0.172189811163709,-3.82242902877648,0.0214063469460038,0.0253267973856209,0.0217375941071289,0.0261713416691865,0.0186717632466401,0.0214063469460038,0.00443374756205756,-0.00749957842254644,0.00273458369936372,0.00314357122093566,0.0245499181669394
"2020-08-01",21,"2022-05-01","2022-07-01",602,17,0.0282392026578073,0.0290215588723051,-3.5102653021083,-3.80673473380674,0.296469431698438,0.159736706239509,0.136732725458928,-0.345324211753078,0.482056937212006,0.182199961940181,0.299856975271825,-3.81012227738013,0.0216656743406422,0.0290215588723052,0.0217375941071289,0.0254069305137959,0.0181223230502028,0.0216656743406422,0.00366933640666691,-0.00728460746359302,0.0035433512904394,0.00657352831716508,0.0282392026578073
"2020-08-01",22,"2022-06-01","2022-08-01",581,14,0.0240963855421687,0.024914089347079,-3.66709209992903,-3.80673473380674,0.139642633877712,0.116545108534489,0.0230975253432229,-0.345324211753078,0.3684217370963,0.163317043844825,0.205104693251475,-3.8721967931805,0.0203882654188231,0.024914089347079,0.0217375941071289,0.0243590873272493,0.0173695602110087,0.0203882654188231,0.00262149322012033,-0.00698952711624062,0.00301870520781448,0.00370812012334554,0.0240963855421687
"2020-08-01",23,"2022-07-01","2022-09-01",558,17,0.0304659498207885,0.0313059033989267,-3.43214218551158,-3.80673473380674,0.374592548295164,0.134096448024832,0.240496100270333,-0.345324211753078,0.58582031202341,0.2976639458145,0.28815636620891,-3.72029855172049,0.0236536823659676,0.0313059033989267,0.0217375941071289,0.0247797081878399,0.0176716753965275,0.0236536823659676,0.00304211408071098,-0.00710803279131245,0.00598200696944008,0.00681226745482097,0.0304659498207885
"2020-08-01",24,"2022-08-01","2022-10-01",541,18,0.033271719038817,0.0341328413284133,-3.34276629822631,-3.80673473380674,0.463968435580429,0.136933913842919,0.32703452173751,-0.345324211753078,0.672358733490587,0.288943584343451,0.383415149147136,-3.72618144737345,0.0235182017289777,0.0341328413284133,0.0217375941071289,0.024848370001482,0.0177209995360096,0.0235182017289777,0.00311077589435308,-0.00712737046547242,0.00579720219296808,0.00975351730983931,0.033271719038817
"2020-08-01",25,"2022-09-01","2022-11-01",528,16,0.0303030303030303,0.0311909262759924,-3.43594033010603,-3.80673473380674,0.370794403700713,0.153144376103385,0.217650027597328,-0.345324211753078,0.562974239350406,0.299585493365441,0.263388745984964,-3.69932907609099,0.0241428233041006,0.0311909262759924,0.0217375941071289,0.025244204774237,0.0180053916367224,0.0241428233041006,0.00350661066710802,-0.00723881313751461,0.0061374316673782,0.00616020699892975,0.0303030303030303
"2020-08-01",26,"2022-10-01","2022-12-01",507,21,0.0414201183431953,0.0423228346456693,-3.11918396649244,-3.80673473380674,0.687550767314299,0.150824454081345,0.536726313232953,-0.345324211753078,0.882050524986031,0.328594061749957,0.553456463236074,-3.67264042972852,0.0247796563779774,0.0423228346456693,0.0217375941071289,0.0251871814349458,0.0179644184714023,0.0247796563779774,0.00344958732781681,-0.00722276296354345,0.00681523790657508,0.0166404619652179,0.0414201183431953
"2020-08-01",27,"2022-11-01","2023-01-01",493,22,0.0446247464503043,0.0455465587044534,-3.04240379286314,-3.80673473380674,0.764330940943604,0.182987039848669,0.581343901094935,-0.345324211753078,0.926668112848012,0.422005802626359,0.504662310221653,-3.54706610308479,0.0280023186569437,0.0455465587044535,0.0217375941071289,0.0259890387722965,0.0185407059026466,0.0280023186569437,0.00425144466516755,-0.00744833286964991,0.00946161275429708,0.0166224277933606,0.0446247464503043
"2020-08-01",28,"2022-12-01","2023-02-01",484,23,0.0475206611570248,0.0484536082474227,-2.97748163279279,-3.80673473380674,0.829253101013948,0.161161887237147,0.668091213776801,-0.345324211753078,1.01341542552988,0.487599424379471,0.525816001150407,-3.5032976339432,0.0292185485882467,0.0484536082474227,0.0217375941071289,0.0254422438960924,0.0181477000083676,0.0292185485882467,0.00370464978896346,-0.00729454388772475,0.0110708485798791,0.0183021125687781,0.0475206611570248
"2020-08-01",29,"2023-01-01","2023-03-01",462,14,0.0303030303030303,0.031317494600432,-3.43176003207232,-3.80673473380674,0.374974701734419,0.142171123824215,0.232803577910204,-0.345324211753078,0.578127789663281,0.426373509370134,0.151754280293147,-3.58351431236547,0.0270271486775949,0.0313174946004319,0.0217375941071289,0.024975588751243,0.0178123941057523,0.0270271486775949,0.00323799464411409,-0.00716319464549078,0.00921475457184265,0.0032758816254354,0.0303030303030303
"2020-08-01",30,"2023-02-01","2023-04-01",445,10,0.0224719101123595,0.023542600896861,-3.72511953912908,-3.80673473380674,0.0816151946776613,0.125435575789942,-0.0438203811122808,-0.345324211753078,0.301503830640797,0.39168808486067,-0.0901842542198737,-3.63493528490921,0.0257073372860301,0.023542600896861,0.0217375941071289,0.0245712715617039,0.017521954339411,0.0257073372860301,0.00283367745457492,-0.00704931722229283,0.00818538294661908,-0.00323542717367056,0.0224719101123595
"2020-08-01",31,"2023-03-01","2023-05-01",429,9,0.020979020979021,0.022093023255814,-3.79015268080651,-3.80673473380674,0.0165820530002336,0.116476719657313,-0.0998946666570798,-0.345324211753078,0.245429545095998,0.346482791206875,-0.101053246110877,-3.68909943469563,0.0243850099329502,0.022093023255814,0.0217375941071289,0.0243574620690612,0.0173683929978501,0.0243850099329502,0.00261986796193227,-0.00698906907121112,0.00701661693510013,-0.00340598895392925,0.020979020979021
"2020-08-01",32,"2023-04-01","2023-06-01",418,17,0.0406698564593301,0.0417661097852029,-3.13300665245735,-3.80673473380674,0.673728081349393,0.132416258675008,0.541311822674385,-0.345324211753078,0.886636034427463,0.319348850535649,0.567287183891814,-3.70029383634916,0.0241201040350851,0.0417661097852028,0.0217375941071289,0.0247391376828066,0.0176425319636704,0.0241201040350851,0.00300154357567763,-0.00709660571913618,0.00647757207141468,0.0165497524242451,0.0406698564593301
"2020-08-01",33,"2023-05-01","2023-07-01",413,17,0.0411622276029056,0.0422705314009662,-3.12047516014543,-3.80673473380674,0.686259573661307,0.139526428591446,0.546733145069861,-0.345324211753078,0.892057356822938,0.292095942153473,0.599961414669466,-3.7204365748149,0.0236504950445588,0.0422705314009662,0.0217375941071289,0.0249112664840387,0.0177661838206441,0.0236504950445588,0.0031736723769098,-0.00714508266339466,0.00588431122391468,0.0175117325583468,0.0411622276029056
"2020-08-01",34,"2023-06-01","2023-08-01",405,16,0.0395061728395062,0.0406403940886699,-3.16150348440427,-3.80673473380674,0.645231249402473,0.131428628410337,0.513802620992137,-0.345324211753078,0.859126832745214,0.239383581080561,0.619743251664653,-3.78124673606892,0.0222862566588001,0.0406403940886699,0.0217375941071289,0.0247153201974912,0.0176254232257377,0.0222862566588001,0.00297772609036222,-0.00708989697175346,0.00466083343306237,0.0172199161807061,0.0395061728395062
"2020-09-01",1,"2020-10-01","2020-12-01",1222,3,0.00245499181669394,0.00286181520850368,-5.85343324916061,-3.80673473380674,-2.04669851535387,-1.7073653881347,-0.339333127219167,-0.261960962481931,-0.0773721647372358,0.200544233240718,-0.277916397977954,-5.57551685118265,0.00377521023850276,0.00286181520850368,0.0217375941071289,0.00401337969127483,0.003091319699222,0.00377521023850276,-0.0177242144158541,-0.000922059992052833,0.000683890539280765,-0.00132021842180882,0.00245499181669395
"2020-09-01",2,"2020-11-01","2021-01-01",1197,6,0.0050125313283208,0.00542570951585977,-5.21116611963721,-3.80673473380674,-1.40443138583046,-0.802500335743768,-0.601931050086697,-0.261960962481931,-0.339970087604765,0.302336275571726,-0.642306363176492,-4.56885975646071,0.0102633484154425,0.00542570951585977,0.0217375941071289,0.00986122148763851,0.00760590009570641,0.0102633484154425,-0.0118763726194904,-0.00225532139193209,0.00265744831973606,-0.00525081708712167,0.0050125313283208
"2020-09-01",3,"2020-12-01","2021-02-01",1173,9,0.00767263427109974,0.00809199318568995,-4.8087552907179,-3.80673473380674,-1.00202055691116,-0.337459829206784,-0.664560727704375,-0.261960962481931,-0.402599765222444,0.160050155148238,-0.562649920370682,-4.24610537034722,0.0141177316874031,0.00809199318568995,0.0217375941071289,0.0156087071675435,0.0120549046164078,0.0141177316874031,-0.00612888693958539,-0.00355380255113579,0.00206282707099529,-0.00644509741630331,0.00767263427109974
"2020-09-01",4,"2021-01-01","2021-03-01",1130,9,0.0079646017699115,0.00839964633068081,-4.77113055535377,-3.80673473380674,-0.964395821547027,-0.182480278425218,-0.781915543121808,-0.261960962481931,-0.519954580639877,-0.0170523393881472,-0.50290224125173,-4.26822831410204,0.0138131021665114,0.00839964633068081,0.0217375941071289,0.0181776956171205,0.0140473304788597,0.0138131021665114,-0.00355989849000843,-0.00413036513826086,-0.000234228312348268,-0.00584850039659988,0.0079646017699115
"2020-09-01",5,"2021-02-01","2021-04-01",1106,8,0.00723327305605787,0.00767841011743451,-4.86163472832839,-3.80673473380674,-1.05489999452165,-0.110329660461367,-0.944570334060286,-0.261960962481931,-0.682609371578355,-0.271661745630415,-0.41094762594794,-4.45068710238045,0.0115359149368939,0.0076784101174345,0.0217375941071289,0.019511164970081,0.0150824612765273,0.0115359149368939,-0.00222642913704798,-0.00442870369355371,-0.00354654633963333,-0.00430264188083606,0.00723327305605787
"2020-09-01",6,"2021-03-01","2021-05-01",1077,10,0.00928505106778087,0.00974025974025974,-4.6216994879393,-3.80673473380674,-0.814964754132561,-0.00462210480800024,-0.81034264932456,-0.261960962481931,-0.548381686842629,-0.520233929176068,-0.0281477576665613,-4.59355173027274,0.0100155363212275,0.00974025974025974,0.0217375941071289,0.0216395216911312,0.0167359631507593,0.0100155363212275,-9.8072415997727e-05,-0.00490355854037192,-0.00672042682953183,-0.000730485253446595,0.00928505106778087
"2020-09-01",7,"2021-04-01","2021-06-01",1046,12,0.011472275334608,0.0119388729703916,-4.41594485287734,-3.80673473380674,-0.609210119070601,0.0795860484344686,-0.68879616750507,-0.261960962481931,-0.426835205023139,-0.575798699208423,0.148963494185284,-4.56490834706263,0.0103035646520233,0.0119388729703916,0.0217375941071289,0.0234959992497771,0.0181795761787711,0.0103035646520233,0.00175840514264819,-0.00531642307100606,-0.00787601152674782,0.00116871068258478,0.011472275334608
"2020-09-01",8,"2021-05-01","2021-07-01",1023,13,0.0127077223851417,0.01318359375,-4.31551085139929,-3.80673473380674,-0.508776117592551,0.14017796756865,-0.648954085161201,-0.261960962481931,-0.38699312267927,-0.604464695930074,0.217471573250804,-4.5329824246501,0.0106342682258376,0.01318359375,0.0217375941071289,0.0249270977186229,0.0192932587545459,0.0106342682258376,0.00318950361149392,-0.00563383896407701,-0.0086589905287083,0.00207345415930418,0.0127077223851417
"2020-09-01",9,"2021-06-01","2021-08-01",996,10,0.0100401606425703,0.0105315947843531,-4.54278806829919,-3.80673473380674,-0.736053334492451,0.188722894148899,-0.924776228641349,-0.261960962481931,-0.662815266159418,-0.615056956882158,-0.0477583092772604,-4.49502975902193,0.0110410818855329,0.0105315947843531,0.0217375941071289,0.026134629384257,0.0202335362629462,0.0110410818855329,0.00439703527712805,-0.00590109312131075,-0.00919245437741333,-0.00100092124296263,0.0100401606425703
"2020-09-01",10,"2021-07-01","2021-09-01",937,10,0.0106723585912487,0.0111940298507463,-4.48111753731811,-3.80673473380674,-0.674382803511372,0.249100324734697,-0.923483128246069,-0.261960962481931,-0.661522165764138,-0.598645632595379,-0.0628765331687593,-4.41824100414935,0.0119118171301753,0.0111940298507463,0.0217375941071289,0.0277160988991316,0.0214657872955648,0.0119118171301753,0.00597850479200264,-0.0062503116035668,-0.00955397016538949,-0.00123945853892663,0.0106723585912487
"2020-09-01",11,"2021-08-01","2021-10-01",899,12,0.0133481646273637,0.0138888888888889,-4.26267987704132,-3.80673473380674,-0.455945143234574,0.289264109856582,-0.745209253091156,-0.261960962481931,-0.483248290609225,-0.603066826573219,0.119818535963994,-4.38249841300531,0.0123399278182218,0.0138888888888889,0.0217375941071289,0.0288192054610655,0.022325842320703,0.0123399278182218,0.00708161135393656,-0.00649336314036252,-0.0099859145024812,0.00100823680914196,0.0133481646273637
"2020-09-01",12,"2021-09-01","2021-11-01",883,14,0.0158550396375991,0.0164027149321267,-4.09376968436781,-3.80673473380674,-0.287034950561067,0.294297372332265,-0.581332322893333,-0.261960962481931,-0.319371360411402,-0.597629828619684,0.278258468208282,-4.37202815257609,0.0124681894525481,0.0164027149321267,0.0217375941071289,0.0289604143169464,0.0224359698922166,0.0124681894525481,0.00722282020981744,-0.00652444442472982,-0.00996778043966842,0.00338685018505096,0.0158550396375991
"2020-09-01",13,"2021-10-01","2021-12-01",855,12,0.0140350877192982,0.0146028037383178,-4.21183125767777,-3.80673473380674,-0.405096523871026,0.303514845354915,-0.708611369225941,-0.261960962481931,-0.44665040674401,-0.643647475931096,0.196997069187086,-4.40882832686485,0.0120231141437091,0.0146028037383178,0.0217375941071289,0.0292207539062206,0.0226390254139926,0.0120231141437091,0.0074831597990917,-0.006581728492228,-0.0106159112702835,0.00201197357558916,0.0140350877192982
"2020-09-01",14,"2021-11-01","2022-01-01",835,12,0.0143712574850299,0.0149521531100478,-4.18783490530944,-3.80673473380674,-0.381100171502698,0.282992614882479,-0.664092786385177,-0.261960962481931,-0.402131823903246,-0.663257137665227,0.261125313761981,-4.44896021907142,0.0115556229260217,0.0149521531100478,0.0217375941071289,0.028644192466134,0.0221893612050964,0.0115556229260217,0.0069065983590051,-0.00645483126103767,-0.0106337382790747,0.00281563455900825,0.0143712574850299
"2020-09-01",15,"2021-12-01","2022-02-01",815,16,0.0196319018404908,0.0202205882352941,-3.88062615136747,-3.80673473380674,-0.0738914175607328,0.290285959980498,-0.36417737754123,-0.261960962481931,-0.102216415059299,-0.571170004196953,0.468953589137653,-4.34957974050513,0.0127476374037482,0.0202205882352941,0.0217375941071289,0.0288478194500509,0.022348157541535,0.0127476374037482,0.00711022534292199,-0.00649966190851594,-0.0096005201377868,0.00688426443674261,0.0196319018404908
"2020-09-01",16,"2022-01-01","2022-03-01",795,16,0.020125786163522,0.0207286432160804,-3.8552923075913,-3.80673473380674,-0.0485575737845552,0.255943184868061,-0.304500758652616,-0.261960962481931,-0.042539796170685,-0.575151865655676,0.532612069484991,-4.38790437707629,0.0122742151950277,0.0207286432160804,0.0217375941071289,0.02790109687394,0.0216099932683363,0.0122742151950277,0.00616350276681102,-0.00629110360560366,-0.00933577807330864,0.00785157096849436,0.020125786163522
"2020-09-01",17,"2022-02-01","2022-04-01",771,17,0.0220492866407263,0.0226683937823834,-3.76385439727844,-3.80673473380674,0.0428803365283059,0.264080020949498,-0.221199684421192,-0.261960962481931,0.0407612780607389,-0.323592955257691,0.36435423331843,-4.12820863059687,0.0158562437396337,0.0226683937823834,0.0217375941071289,0.028122639040942,0.0217827017342943,0.0158562437396337,0.00638504493381307,-0.00633993730664773,-0.00592645799466062,0.00619304290109267,0.0220492866407263
"2020-09-01",18,"2022-03-01","2022-05-01",742,19,0.0256064690026954,0.0262449528936743,-3.61368608050184,-3.80673473380674,0.193048653304904,0.253616829857505,-0.060568176552601,-0.261960962481931,0.20139278592933,-0.0272117273172376,0.228604513246568,-3.8422905937484,0.0209942157044317,0.0262449528936743,0.0217375941071289,0.0278380692675519,0.0215608618417211,0.0209942157044317,0.00610047516042296,-0.00627720742583081,-0.000566646137289441,0.00461225329826376,0.0256064690026954
"2020-09-01",19,"2022-04-01","2022-06-01",725,23,0.0317241379310345,0.0323691460055096,-3.39764498005779,-3.80673473380674,0.409089753748954,0.241048700025503,0.168041053723451,-0.261960962481931,0.430002016205382,0.13946557299406,0.290536443211322,-3.68818142326911,0.0244068593130965,0.0323691460055096,0.0217375941071289,0.0274999475031061,0.0212973128982931,0.0244068593130965,0.00576235339597715,-0.00620263460481303,0.00310954641480346,0.00731727861793796,0.0317241379310345
"2020-09-01",20,"2022-05-01","2022-07-01",709,25,0.0352609308885755,0.0359154929577465,-3.29001019256412,-3.80673473380674,0.516724541242618,0.19016434378928,0.326560197453339,-0.261960962481931,0.58852115993527,0.182199961940181,0.406321197995088,-3.69633139055921,0.0242135494532916,0.0359154929577465,0.0217375941071289,0.0261713416691865,0.0202621315331849,0.0242135494532916,0.00443374756205756,-0.00590921013600164,0.00395141792010678,0.0110473814352838,0.0352609308885755
"2020-09-01",21,"2022-06-01","2022-08-01",686,24,0.0349854227405248,0.0356622998544396,-3.2973474403097,-3.80673473380674,0.509387293497045,0.159736706239509,0.349650587257536,-0.261960962481931,0.611611549739467,0.163317043844825,0.448294505894642,-3.74564194620434,0.0230754093061306,0.0356622998544396,0.0217375941071289,0.0254069305137959,0.0196668306350624,0.0230754093061306,0.00366933640666691,-0.00574009987873344,0.00340857867106821,0.0119100134343942,0.0349854227405248
"2020-09-01",22,"2022-07-01","2022-09-01",666,29,0.0435435435435435,0.0442278860569715,-3.07316401368681,-3.80673473380674,0.733570720119934,0.116545108534489,0.617025611585445,-0.261960962481931,0.878986574067376,0.2976639458145,0.581322628252876,-3.65448664193968,0.0252221593485423,0.0442278860569715,0.0217375941071289,0.0243590873272493,0.0188511439562412,0.0252221593485423,0.00262149322012033,-0.00550794337100805,0.0063710153923011,0.0183213841950012,0.0435435435435435
"2020-09-01",23,"2022-08-01","2022-10-01",638,26,0.0407523510971787,0.041471048513302,-3.14040420942671,-3.80673473380674,0.666330524380036,0.134096448024832,0.532234076355204,-0.261960962481931,0.794195038837135,0.288943584343451,0.505251454493684,-3.64565566392039,0.0254401905258716,0.041471048513302,0.0217375941071289,0.0247797081878399,0.0191785259141215,0.0254401905258716,0.00304211408071098,-0.00560118227371839,0.00626166461175006,0.0153121605713071,0.0407523510971787
"2020-09-01",24,"2022-09-01","2022-11-01",618,22,0.0355987055016181,0.0363489499192246,-3.2775639323276,-3.80673473380674,0.529170801479145,0.136933913842919,0.392236887636226,-0.261960962481931,0.654197850118157,0.299585493365441,0.354612356752715,-3.63217628908031,0.0257765308934416,0.0363489499192245,0.0217375941071289,0.024848370001482,0.0192319735444418,0.0257765308934416,0.00311077589435308,-0.00561639645704025,0.00654455734899987,0.00982217460817647,0.0355987055016181
"2020-09-01",25,"2022-10-01","2022-12-01",601,22,0.0366056572379368,0.037375415282392,-3.24865035356943,-3.80673473380674,0.558084380237309,0.153144376103385,0.404940004133925,-0.261960962481931,0.666900966615856,0.328594061749957,0.338306904865899,-3.58695725843533,0.0269367579033921,0.037375415282392,0.0217375941071289,0.025244204774237,0.019540131856511,0.0269367579033921,0.00350661066710802,-0.00570407291772593,0.00739662604688111,0.00966889933454463,0.0366056572379368
"2020-09-01",26,"2022-11-01","2023-01-01",588,29,0.0493197278911565,0.0500848896434635,-2.94265326440621,-3.80673473380674,0.864081469400535,0.150824454081345,0.71325701531919,-0.261960962481931,0.975217977801121,0.422005802626359,0.553212175174762,-3.49586543958097,0.0294301007149861,0.0500848896434635,0.0217375941071289,0.0251871814349458,0.0194957355647224,0.0294301007149861,0.00344958732781681,-0.00569144587022337,0.00993436515026367,0.0198896271761704,0.0493197278911565
"2020-09-01",27,"2022-12-01","2023-02-01",577,33,0.0571923743500867,0.0579584775086505,-2.78832250354199,-3.80673473380674,1.01841223026475,0.182987039848669,0.835425190416078,-0.261960962481931,1.09738615289801,0.487599424379471,0.609786728518538,-3.39810923206053,0.0323546081464861,0.0579584775086505,0.0217375941071289,0.0259890387722965,0.0201201402447669,0.0323546081464861,0.00425144466516755,-0.00586889852752963,0.0122344679017193,0.0248377662036005,0.0571923743500867
"2020-09-01",28,"2023-01-01","2023-03-01",553,27,0.0488245931283906,0.0496389891696751,-2.9520653269015,-3.80673473380674,0.854669406905237,0.161161887237147,0.693507519668089,-0.261960962481931,0.95546848215002,0.426373509370134,0.529094972779887,-3.48116029968139,0.0298530570381328,0.0496389891696751,0.0217375941071289,0.0254422438960924,0.0196943270091471,0.0298530570381328,0.00370464978896346,-0.00574791688694531,0.0101587300289857,0.0189715360902578,0.0488245931283906
"2020-09-01",29,"2023-02-01","2023-04-01",533,20,0.0375234521575985,0.0383895131086142,-3.22082514322425,-3.80673473380674,0.585909590582491,0.142171123824215,0.443738466758276,-0.261960962481931,0.705699429240207,0.39168808486067,0.314011344379536,-3.53483648760379,0.0283371150292643,0.0383895131086142,0.0217375941071289,0.024975588751243,0.0193310074771487,0.0283371150292643,0.00323799464411409,-0.00564458127409433,0.00900610755211557,0.00918633712833423,0.0375234521575985
"2020-09-01",30,"2023-03-01","2023-05-01",514,20,0.0389105058365759,0.0398058252427184,-3.1831222649184,-3.80673473380674,0.623612468888337,0.125435575789942,0.498176893098395,-0.261960962481931,0.760137855580326,0.346482791206875,0.413655064373451,-3.59677732929186,0.0266805546217641,0.0398058252427185,0.0217375941071289,0.0245712715617039,0.019016285395413,0.0266805546217641,0.00283367745457492,-0.00555498616629089,0.00766426922635111,0.0122299512148118,0.0389105058365759
"2020-09-01",31,"2023-04-01","2023-06-01",502,16,0.0318725099601594,0.0328031809145129,-3.38387652071952,-3.80673473380674,0.422858213087216,0.116476719657313,0.306381493429903,-0.261960962481931,0.568342455911834,0.319348850535649,0.248993605376185,-3.63287012609571,0.0257591129197924,0.0328031809145129,0.0217375941071289,0.0243574620690612,0.01884987909235,0.0257591129197924,0.00261986796193227,-0.0055075829767112,0.00690923382744235,0.00611339704036699,0.0318725099601594
"2020-09-01",32,"2023-05-01","2023-07-01",489,15,0.0306748466257669,0.0316326530612245,-3.42142159412478,-3.80673473380674,0.385313139681959,0.132416258675008,0.252896881006951,-0.261960962481931,0.514857843488882,0.292095942153473,0.22276190133541,-3.64418349546019,0.0254767154906204,0.0316326530612245,0.0217375941071289,0.0247391376828066,0.0191469458794469,0.0254767154906204,0.00300154357567763,-0.00559219180335963,0.00632976961117346,0.00519813113514647,0.0306748466257669
"2020-09-01",33,"2023-06-01","2023-08-01",469,11,0.023454157782516,0.024468085106383,-3.68561325632731,-3.80673473380674,0.121121477479426,0.139526428591446,-0.0184049511120194,-0.261960962481931,0.243556011369912,0.239383581080561,0.00417243028935022,-3.68978568661667,0.0243686890657696,0.024468085106383,0.0217375941071289,0.0249112664840387,0.0192809348269948,0.0243686890657696,0.0031736723769098,-0.00563033165704391,0.00508775423877472,-0.000914531283253559,0.023454157782516
"2020-09-01",34,"2023-07-01","2023-09-01",460,13,0.0282608695652174,0.0292841648590022,-3.50098685227053,-3.80673473380674,0.305747881536215,0.131428628410337,0.174319253125878,-0.261960962481931,0.436280215607809,0.191184517457473,0.245095698150336,-3.74608255042086,0.0230654788808991,0.0292841648590022,0.0217375941071289,0.0247153201974912,0.0191284066528223,0.0230654788808991,0.00297772609036222,-0.00558691354466883,0.00393707222807674,0.0051953906843183,0.0282608695652174
"2020-10-01",1,"2020-11-01","2021-01-01",1216,5,0.00411184210526316,0.00451930977814297,-5.39486644801816,-3.80673473380674,-1.58813171421141,-1.7073653881347,0.119233673923284,-0.311138751112283,0.430372425035567,0.302336275571726,0.128036149463841,-5.522902597482,0.00397834697398584,0.00451930977814297,0.0217375941071289,0.00401337969127483,0.00294340965488708,0.00397834697398584,-0.0177242144158541,-0.00106997003638775,0.00103493731909876,0.000133495131277313,0.00411184210526316
"2020-10-01",2,"2020-12-01","2021-02-01",1190,10,0.00840336134453781,0.00881612090680101,-4.72231809936209,-3.80673473380674,-0.915583365555348,-0.802500335743768,-0.113083029811581,-0.311138751112283,0.198055721300702,0.160050155148238,0.0380055661524641,-4.76032366551455,0.00849013778393674,0.00881612090680101,0.0217375941071289,0.00986122148763851,0.00724355092560245,0.00849013778393674,-0.0118763726194904,-0.00261767056203606,0.00124658685833429,-8.6776439398922e-05,0.00840336134453781
"2020-10-01",3,"2021-01-01","2021-03-01",1163,14,0.0120378331900258,0.0124570446735395,-4.37293369477671,-3.80673473380674,-0.566198960969967,-0.337459829206784,-0.228739131763183,-0.311138751112283,0.0823996193490997,-0.0170523393881472,0.099451958737247,-4.47238565351396,0.0112910943322073,0.0124570446735395,0.0217375941071289,0.0156087071675435,0.0114830550000091,0.0112910943322073,-0.00612888693958539,-0.00412565216753448,-0.000191960667801796,0.00074673885781852,0.0120378331900258
"2020-10-01",4,"2021-02-01","2021-04-01",1124,12,0.0106761565836299,0.0111111111111111,-4.48863636973214,-3.80673473380674,-0.681901635925398,-0.182480278425218,-0.49942135750018,-0.311138751112283,-0.188282606387898,-0.271661745630415,0.0833791392425175,-4.57201550897466,0.0102313417357289,0.0111111111111111,0.0217375941071289,0.0181776956171205,0.0133822462288666,0.0102313417357289,-0.00355989849000843,-0.00479544938825395,-0.00315090449313765,0.000444814847900979,0.0106761565836299
"2020-10-01",5,"2021-03-01","2021-05-01",1093,10,0.00914913083257091,0.00959780621572212,-4.63657656381294,-3.80673473380674,-0.829841830006194,-0.110329660461367,-0.719512169544827,-0.311138751112283,-0.408373418432544,-0.520233929176068,0.111860510743524,-4.74843707455646,0.00859078660775716,0.00959780621572213,0.0217375941071289,0.019511164970081,0.0143690820236561,0.00859078660775716,-0.00222642913704798,-0.00514208294642488,-0.00577829541589892,0.000558344224813746,0.00914913083257091
"2020-10-01",6,"2021-04-01","2021-06-01",1065,10,0.00938967136150235,0.00984990619136961,-4.6103946101249,-3.80673473380674,-0.803659876318156,-0.00462210480800024,-0.799037771510156,-0.311138751112283,-0.487899020397874,-0.575798699208423,0.0878996788105497,-4.69829428893545,0.0090285469313377,0.00984990619136961,0.0217375941071289,0.0216395216911312,0.015945641758548,0.0090285469313377,-9.8072415997727e-05,-0.00569387993258318,-0.00691709482721033,0.000361124430164648,0.00938967136150235
"2020-10-01",7,"2021-05-01","2021-07-01",1033,9,0.00871248789932236,0.00918762088974855,-4.68066816907246,-3.80673473380674,-0.873933435265718,0.0795860484344686,-0.953519483700186,-0.311138751112283,-0.642380732587904,-0.604464695930074,-0.0379160366578299,-4.64275213241463,0.00953928061682787,0.00918762088974855,0.0217375941071289,0.0234959992497771,0.017322284122847,0.00953928061682787,0.00175840514264819,-0.0061737151269301,-0.00778300350601916,-0.00082679271750551,0.00871248789932236
"2020-10-01",8,"2021-06-01","2021-08-01",1007,9,0.00893743793445879,0.00942460317460317,-4.65496235424937,-3.80673473380674,-0.848227620442634,0.14017796756865,-0.988405588011284,-0.311138751112283,-0.677266836899002,-0.615056956882158,-0.0622098800168436,-4.59275247423253,0.0100234642293107,0.00942460317460317,0.0217375941071289,0.0249270977186229,0.018384432292649,0.0100234642293107,0.00318950361149392,-0.00654266542597384,-0.00836096806333836,-0.00108602629485188,0.00893743793445879
"2020-10-01",9,"2021-07-01","2021-09-01",954,9,0.00943396226415094,0.00994764397905759,-4.60042208949202,-3.80673473380674,-0.793687355685276,0.188722894148899,-0.982410249834175,-0.311138751112283,-0.671271498721892,-0.598645632595379,-0.0726258661265137,-4.5277962233655,0.0106889718985293,0.00994764397905758,0.0217375941071289,0.026134629384257,0.0192812879955492,0.0106889718985293,0.00439703527712805,-0.00685334138870779,-0.0085923160970199,-0.00125500963437836,0.00943396226415094
"2020-10-01",10,"2021-08-01","2021-10-01",911,9,0.00987925356750823,0.0104166666666667,-4.55387689160054,-3.80673473380674,-0.7471421577938,0.249100324734697,-0.996242482528497,-0.311138751112283,-0.685103731416214,-0.603066826573219,-0.0820369048429953,-4.47183998675755,0.0112971875653665,0.0104166666666667,0.0217375941071289,0.0277160988991316,0.0204567566132408,0.0112971875653665,0.00597850479200264,-0.00725934228589077,-0.00915956904787435,-0.00141793399785823,0.00987925356750823
"2020-10-01",11,"2021-09-01","2021-11-01",883,8,0.00906002265005663,0.00961538461538462,-4.63472898822964,-3.80673473380674,-0.827994254422895,0.289264109856582,-1.11725836427948,-0.311138751112283,-0.806119613167194,-0.597629828619684,-0.20848978454751,-4.42623920368213,0.0118180454837429,0.00961538461538461,0.0217375941071289,0.0288192054610655,0.0212772625659603,0.0118180454837429,0.00708161135393656,-0.00754194289510522,-0.00945921708221743,-0.00275802283368623,0.00906002265005663
"2020-10-01",12,"2021-10-01","2021-12-01",867,6,0.0069204152249135,0.00748847926267281,-4.88687287906639,-3.80673473380674,-1.08013814525965,0.294297372332265,-1.37443551759192,-0.311138751112283,-1.06329676647963,-0.643647475931096,-0.419649290548538,-4.46722358851785,0.0113488672075642,0.00748847926267281,0.0217375941071289,0.0289604143169464,0.0213823308892743,0.0113488672075642,0.00722282020981744,-0.00757808342767208,-0.0100334636817101,-0.00442845198265073,0.0069204152249135
"2020-10-01",13,"2021-11-01","2022-01-01",853,9,0.0105509964830012,0.0111241217798595,-4.48745293764136,-3.80673473380674,-0.680718203834618,0.303514845354915,-0.984233049189533,-0.311138751112283,-0.67309429807725,-0.663257137665227,-0.00983716041202276,-4.47761577722934,0.0112328562838969,0.0111241217798595,0.0217375941071289,0.0292207539062206,0.0215760609780161,0.0112328562838969,0.0074831597990917,-0.00764469292820456,-0.0103432046941192,-0.000681859800895692,0.0105509964830012
"2020-10-01",14,"2021-12-01","2022-02-01",832,13,0.015625,0.0162064825930372,-4.1060047127395,-3.80673473380674,-0.29926997893276,0.282992614882479,-0.582262593815239,-0.311138751112283,-0.271123842702956,-0.571170004196953,0.300046161493997,-4.4060508742335,0.0120561510330373,0.0162064825930372,0.0217375941071289,0.028644192466134,0.0211470529199929,0.0120561510330373,0.0069065983590051,-0.00749713954614114,-0.00909090188695557,0.00356884896696267,0.015625
"2020-10-01",15,"2022-01-01","2022-03-01",811,13,0.0160295930949445,0.0166256157635468,-4.08004528221068,-3.80673473380674,-0.273310548403942,0.290285959980498,-0.56359650838444,-0.311138751112283,-0.252457757272157,-0.575151865655676,0.322694108383519,-4.4027393905942,0.0120956572519744,0.0166256157635468,0.0217375941071289,0.0288478194500509,0.0212985525382555,0.0120956572519744,0.00711022534292199,-0.0075492669117954,-0.00920289528628113,0.00393393584297011,0.0160295930949445
"2020-10-01",16,"2022-02-01","2022-04-01",785,16,0.0203821656050955,0.0209923664122137,-3.8423805723724,-3.80673473380674,-0.035645838565658,0.255943184868061,-0.291589023433719,-0.311138751112283,0.0195497276785637,-0.323592955257691,0.343142682936255,-4.18552325530865,0.0149862386500151,0.0209923664122137,0.0217375941071289,0.02790109687394,0.0205943266369893,0.0149862386500151,0.00616350276681102,-0.00730677023695068,-0.00560808798697419,0.00539592695508045,0.0203821656050955
"2020-10-01",17,"2022-03-01","2022-05-01",756,13,0.0171957671957672,0.0178335535006605,-4.00867908045583,-3.80673473380674,-0.201944346649085,0.264080020949498,-0.466024367598583,-0.311138751112283,-0.1548856164863,-0.0272117273172376,-0.127673889169063,-3.88100519128676,0.0202130801695161,0.0178335535006605,0.0217375941071289,0.028122639040942,0.0207590900585222,0.0202130801695161,0.00638504493381307,-0.00736354898241985,-0.000546009889006053,-0.00301731297374891,0.0171957671957672
"2020-10-01",18,"2022-04-01","2022-06-01",737,19,0.0257801899592944,0.0264227642276423,-3.60675123994938,-3.80673473380674,0.199983493857363,0.253616829857505,-0.0536333360001425,-0.311138751112283,0.25750541511214,0.13946557299406,0.11803984211808,-3.72479108206746,0.023550152763483,0.0264227642276423,0.0217375941071289,0.0278380692675519,0.0205474558849258,0.023550152763483,0.00610047516042296,-0.00729061338262611,0.00300269687855724,0.00223003719581141,0.0257801899592944
"2020-10-01",19,"2022-05-01","2022-07-01",713,17,0.0238429172510519,0.0245098039215686,-3.68386691229039,-3.80673473380674,0.122867821516349,0.241048700025503,-0.118180878509153,-0.311138751112283,0.192957872603129,0.182199961940181,0.0107579106629484,-3.69462482295334,0.0242539037150126,0.0245098039215686,0.0217375941071289,0.0274999475031061,0.0202960373430031,0.0242539037150126,0.00576235339597715,-0.00720391016010299,0.00395786637200951,-0.000410986463960716,0.0238429172510519
"2020-10-01",20,"2022-06-01","2022-08-01",699,20,0.0286123032904149,0.0292857142857143,-3.50093234744684,-3.80673473380674,0.305802386359905,0.19016434378928,0.115638042570626,-0.311138751112283,0.426776793682908,0.163317043844825,0.263459749838083,-3.76439209728492,0.0226564843442931,0.0292857142857143,0.0217375941071289,0.0261713416691865,0.0193085640119471,0.0226564843442931,0.00443374756205756,-0.00686277765723944,0.00334792033234606,0.00595581894612177,0.0286123032904149
"2020-10-01",21,"2022-07-01","2022-09-01",678,21,0.0309734513274336,0.0316642120765832,-3.4203918289183,-3.80673473380674,0.386342904888439,0.159736706239509,0.22660619864893,-0.311138751112283,0.537744949761212,0.2976639458145,0.240081003946713,-3.66047283286502,0.0250754003897962,0.0316642120765832,0.0217375941071289,0.0254069305137959,0.0187407430077506,0.0250754003897962,0.00366933640666691,-0.00666618750604529,0.00633465738204568,0.00589805093763739,0.0309734513274336
"2020-10-01",22,"2022-08-01","2022-10-01",654,22,0.0336391437308868,0.0343511450381679,-3.3361649113913,-3.80673473380674,0.47056982241544,0.116545108534489,0.354024713880951,-0.311138751112283,0.665163464993234,0.288943584343451,0.376219880649783,-3.71238479204108,0.0238371348028403,0.034351145038168,0.0217375941071289,0.0243590873272493,0.0179627622571843,0.0238371348028403,0.00262149322012033,-0.006396325070065,0.00587437254565607,0.00980200892804651,0.0336391437308868
"2020-10-01",23,"2022-09-01","2022-11-01",633,22,0.0347551342812006,0.0354889589905363,-3.30239964591685,-3.80673473380674,0.504335087889888,0.134096448024832,0.370238639865057,-0.311138751112283,0.68137739097734,0.299585493365441,0.381791897611898,-3.68419154352875,0.0245020434874127,0.0354889589905363,0.0217375941071289,0.0247797081878399,0.0182750033347434,0.0245020434874127,0.00304211408071098,-0.00650470485309647,0.00622704015266929,0.0102530907937879,0.0347551342812006
"2020-10-01",24,"2022-10-01","2022-12-01",612,17,0.0277777777777778,0.0285481239804241,-3.52720050786589,-3.80673473380674,0.279534225940855,0.136933913842919,0.142600312097936,-0.311138751112283,0.453739063210218,0.328594061749957,0.125145001460261,-3.65234550932615,0.0252748547873832,0.0285481239804241,0.0217375941071289,0.024848370001482,0.0183259800320001,0.0252748547873832,0.00311077589435308,-0.00652238996948189,0.0069488747553831,0.00250292299039453,0.0277777777777778
"2020-10-01",25,"2022-11-01","2023-01-01",596,16,0.0268456375838926,0.0276381909547739,-3.56052942023141,-3.80673473380674,0.24620531357533,0.153144376103385,0.0930609374719454,-0.311138751112283,0.404199688584228,0.422005802626359,-0.017806114042131,-3.54272330618928,0.0281207643253937,0.0276381909547739,0.0217375941071289,0.025244204774237,0.0186198970071111,0.0281207643253937,0.00350661066710802,-0.00662430776712591,0.00950086731828265,-0.00127512674150108,0.0268456375838926
"2020-10-01",26,"2022-12-01","2023-02-01",579,20,0.0345423143350604,0.0353448275862069,-3.30661864160762,-3.80673473380674,0.500116092199124,0.150824454081345,0.349291638117778,-0.311138751112283,0.660430389230061,0.487599424379471,0.17283096485059,-3.47944960645821,0.0299026417498807,0.0353448275862069,0.0217375941071289,0.0251871814349458,0.0185775519247392,0.0299026417498807,0.00344958732781681,-0.00660962951020658,0.0113250898251415,0.00463967258517979,0.0345423143350604
"2020-10-01",27,"2023-01-01","2023-03-01",569,26,0.0456942003514939,0.0464912280701754,-3.02088497356909,-3.80673473380674,0.785849760237654,0.182987039848669,0.602862720388984,-0.311138751112283,0.914001471501267,0.426373509370134,0.487627962131133,-3.50851293570022,0.0290709801210692,0.0464912280701754,0.0217375941071289,0.0259890387722965,0.019173124284215,0.0290709801210692,0.00425144466516755,-0.00681591448808152,0.00989785583685419,0.0166232202304247,0.0456942003514939
"2020-10-01",28,"2023-02-01","2023-04-01",550,27,0.0490909090909091,0.0499092558983666,-2.94635102563807,-3.80673473380674,0.860383708168675,0.161161887237147,0.699221820931528,-0.311138751112283,1.01036057204381,0.39168808486067,0.61867248718314,-3.56502351282121,0.0275176713127977,0.0499092558983666,0.0217375941071289,0.0254422438960924,0.0187669693967407,0.0275176713127977,0.00370464978896346,-0.00667527449935167,0.008750701916057,0.0215732377781114,0.0490909090909091
"2020-10-01",29,"2023-03-01","2023-05-01",530,23,0.0433962264150943,0.044256120527307,-3.07249628976583,-3.80673473380674,0.734238444040912,0.142171123824215,0.592067320216697,-0.311138751112283,0.903206071328979,0.346482791206875,0.556723280122105,-3.62921956988793,0.0258508845259131,0.044256120527307,0.0217375941071289,0.024975588751243,0.0184204362267959,0.0258508845259131,0.00323799464411409,-0.00655515252444716,0.0074304482991172,0.0175453418891813,0.0433962264150943
"2020-10-01",30,"2023-04-01","2023-06-01",513,15,0.0292397660818713,0.0301556420233463,-3.47076356547669,-3.80673473380674,0.335971168330049,0.125435575789942,0.210535592540107,-0.311138751112283,0.52167434365239,0.319348850535649,0.202325493116741,-3.67308905859343,0.0247688172921087,0.0301556420233463,0.0217375941071289,0.0245712715617039,0.0181202649473952,0.0247688172921087,0.00283367745457492,-0.00645100661430867,0.00664855234471348,0.00447094878976267,0.0292397660818713
"2020-10-01",31,"2023-05-01","2023-07-01",493,14,0.0283975659229209,0.0293522267206478,-3.49859524489696,-3.80673473380674,0.308139488909777,0.116476719657313,0.191662769252463,-0.311138751112283,0.502801520364746,0.292095942153473,0.210705578211273,-3.70930082310824,0.0239090009235203,0.0293522267206478,0.0217375941071289,0.0243574620690612,0.0179615559102231,0.0239090009235203,0.00261986796193227,-0.00639590615883808,0.00594744501329715,0.0044885649994006,0.0283975659229209
"2020-10-01",32,"2023-06-01","2023-08-01",475,13,0.0273684210526316,0.0283613445378151,-3.5339568715081,-3.80673473380674,0.272777862298645,0.132416258675008,0.140361603623637,-0.311138751112283,0.45150035473592,0.239383581080561,0.212116773655358,-3.74607364516345,0.0230656795480358,0.0283613445378151,0.0217375941071289,0.0247391376828066,0.0182448833971037,0.0230656795480358,0.00300154357567763,-0.00649425428570283,0.00482079615093204,0.00430274150459579,0.0273684210526316
"2020-10-01",33,"2023-07-01","2023-09-01",465,18,0.0387096774193548,0.0396995708154506,-3.18590580563063,-3.80673473380674,0.62082892817611,0.139526428591446,0.481302499584664,-0.311138751112283,0.792441250696947,0.191184517457473,0.601256733239474,-3.7871625388701,0.0221577174382722,0.0396995708154506,0.0217375941071289,0.0249112664840387,0.0183726780191741,0.0221577174382722,0.0031736723769098,-0.00653858846486463,0.00378503941909812,0.0165519599810826,0.0387096774193548
"2020-10-01",34,"2023-08-01","2023-10-01",449,14,0.0311804008908686,0.0322222222222222,-3.40234614686603,-3.80673473380674,0.404388586940712,0.131428628410337,0.272959958530376,-0.311138751112283,0.584098709642658,0.0714730267921096,0.512625682850549,-3.91497182971658,0.0195512370091172,0.0322222222222222,0.0217375941071289,0.0247153201974912,0.0182272013707439,0.0195512370091172,0.00297772609036222,-0.00648811882674729,0.00132403563837328,0.0116291638817514,0.0311804008908686
"2020-11-01",1,"2020-12-01","2021-02-01",2024,3,0.00148221343873518,0.0017283950617284,-6.35883212058546,-3.80673473380674,-2.55209738677872,-1.7073653881347,-0.844731998644018,-0.31109840876479,-0.533633589879227,0.160050155148238,-0.693683745027465,-5.66514837555799,0.00345267142596131,0.00172839506172839,0.0217375941071289,0.00401337969127483,0.00294352805180392,0.00345267142596131,-0.0177242144158541,-0.00106985163947091,0.000509143374157388,-0.00197045798722613,0.00148221343873518
"2020-11-01",2,"2021-01-01","2021-03-01",1976,4,0.00202429149797571,0.00227617602427921,-6.08297965594376,-3.80673473380674,-2.27624492213701,-0.802500335743768,-1.47374458639325,-0.31109840876479,-1.16264617762846,-0.0170523393881472,-1.14559383824031,-4.93738581770345,0.00712223614153545,0.00227617602427921,0.0217375941071289,0.00986122148763851,0.00724384103649418,0.00712223614153545,-0.0118763726194904,-0.00261738045114432,-0.000121604894958733,-0.00509794464355974,0.00202429149797571
"2020-11-01",3,"2021-02-01","2021-04-01",1924,10,0.0051975051975052,0.00545454545454545,-5.20583651375387,-3.80673473380674,-1.39910177994713,-0.337459829206784,-1.06164195074035,-0.31109840876479,-0.750543541975556,-0.271661745630415,-0.478881796345141,-4.72695471740873,0.0087756964343577,0.00545454545454546,0.0217375941071289,0.0156087071675435,0.011483512942865,0.0087756964343577,-0.00612888693958539,-0.00412519422467857,-0.00270781650850728,-0.0035781912368525,0.0051975051975052
"2020-11-01",4,"2021-03-01","2021-05-01",1877,13,0.00692594565796484,0.00718849840255591,-4.92805851417449,-3.80673473380674,-1.12132378036775,-0.182480278425218,-0.938843501942532,-0.31109840876479,-0.627745093177742,-0.520233929176068,-0.107511164001674,-4.82054735017282,0.00799789100946678,0.00718849840255592,0.0217375941071289,0.0181776956171205,0.0133827788858611,0.00799789100946678,-0.00355989849000843,-0.00479491673125938,-0.00538488787639435,-0.00107194535150194,0.00692594565796484
"2020-11-01",5,"2021-04-01","2021-06-01",1834,17,0.00926935659760087,0.00953678474114441,-4.64301632847821,-3.80673473380674,-0.836281594671465,-0.110329660461367,-0.725951934210097,-0.31109840876479,-0.414853525445307,-0.575798699208423,0.160945173763117,-4.80396150224132,0.00813056146452293,0.00953678474114442,0.0217375941071289,0.019511164970081,0.0143696533878446,0.00813056146452293,-0.00222642913704798,-0.00514151158223634,-0.0062390919233217,0.00113879513307795,0.00926935659760087
"2020-11-01",6,"2021-05-01","2021-07-01",1793,17,0.00948131622978249,0.00975473801560758,-4.62019953453161,-3.80673473380674,-0.813464800724872,-0.00462210480800024,-0.808842695916872,-0.31109840876479,-0.497744287152081,-0.604464695930074,0.106720408777992,-4.72691994330961,0.00877599892841014,0.00975473801560758,0.0217375941071289,0.0216395216911312,0.0159462747979446,0.00877599892841014,-9.8072415997727e-05,-0.00569324689318664,-0.00717027586953444,0.000705317301372353,0.00948131622978249
"2020-11-01",7,"2021-06-01","2021-08-01",1743,20,0.0114744693057946,0.0117545871559633,-4.43168749981256,-3.80673473380674,-0.624952766005817,0.0795860484344686,-0.704538814440285,-0.31109840876479,-0.393440405675495,-0.615056956882158,0.221616551206663,-4.65330405101922,0.00944009733007977,0.0117545871559633,0.0217375941071289,0.0234959992497771,0.0173229708526382,0.00944009733007977,0.00175840514264819,-0.0061730283971389,-0.00788287352255846,0.00203437197571483,0.0114744693057946
"2020-11-01",8,"2021-07-01","2021-09-01",1659,25,0.0150693188667872,0.0153614457831325,-4.16041377399988,-3.80673473380674,-0.353679040193144,0.14017796756865,-0.493857007761794,-0.31109840876479,-0.182758598997004,-0.598645632595379,0.415887033598375,-4.57630080759826,0.010188036922274,0.0153614457831325,0.0217375941071289,0.0249270977186229,0.0183851603427474,0.010188036922274,0.00318950361149392,-0.00654193737587544,-0.00819712342047342,0.00488128194451321,0.0150693188667872
"2020-11-01",9,"2021-08-01","2021-10-01",1598,24,0.0150187734668335,0.0153220762976861,-4.1630199229904,-3.80673473380674,-0.356285189183657,0.188722894148899,-0.545008083332556,-0.31109840876479,-0.233909674567765,-0.603066826573219,0.369157152005453,-4.53217707499585,0.010642744795215,0.015322076297686,0.0217375941071289,0.026134629384257,0.0192820508647675,0.010642744795215,0.00439703527712805,-0.00685257851948945,-0.00863930606955257,0.00437602867161857,0.0150187734668335
"2020-11-01",10,"2021-09-01","2021-11-01",1548,20,0.0129198966408269,0.013234344738541,-4.31161725518653,-3.80673473380674,-0.504882521379785,0.249100324734697,-0.753982846114482,-0.31109840876479,-0.442884437349692,-0.597629828619684,0.154745391269992,-4.46636264645652,0.0113585311031275,0.013234344738541,0.0217375941071289,0.0277160988991316,0.0204575650200431,0.0113585311031275,0.00597850479200264,-0.00725853387908851,-0.00909903391691558,0.00156136553769937,0.0129198966408269
"2020-11-01",11,"2021-10-01","2021-12-01",1492,13,0.00871313672922252,0.00904219691895512,-4.69676978639588,-3.80673473380674,-0.890035052589139,0.289264109856582,-1.17929916244572,-0.31109840876479,-0.868200753680931,-0.643647475931096,-0.224553277749835,-4.47221650864604,0.011292982754886,0.00904219691895513,0.0217375941071289,0.0288192054610655,0.0212781026930412,0.011292982754886,0.00708161135393656,-0.0075411027680243,-0.00998511993815524,-0.00257984602566344,0.00871313672922252
"2020-11-01",12,"2021-11-01","2022-01-01",1451,15,0.0103376981392143,0.0106749311294766,-4.52912485449414,-3.80673473380674,-0.722390120687402,0.294297372332265,-1.01668749301967,-0.31109840876479,-0.705589084254877,-0.663257137665227,-0.0423319465896497,-4.48679290790449,0.0111313846982157,0.0106749311294766,0.0217375941071289,0.0289604143169464,0.0213831750743115,0.0111313846982157,0.00722282020981744,-0.0075772392426349,-0.0102517903760957,-0.000793686559001409,0.0103376981392143
"2020-11-01",13,"2021-12-01","2022-02-01",1411,13,0.00921332388377038,0.00956090651558074,-4.64046582719763,-3.80673473380674,-0.83373109339089,0.303514845354915,-1.1372459387458,-0.31109840876479,-0.826147529981014,-0.571170004196953,-0.254977525784062,-4.38548830141357,0.0123035411734288,0.00956090651558073,0.0217375941071289,0.0292207539062206,0.0215769126429751,0.0123035411734288,0.0074831597990917,-0.00764384126324551,-0.00927337146954629,-0.00309021728965847,0.00921332388377038
"2020-11-01",14,"2022-01-01","2022-03-01",1380,18,0.0130434782608696,0.0133960897900072,-4.29930579445312,-3.80673473380674,-0.492571060646378,0.282992614882479,-0.775563675528858,-0.31109840876479,-0.464465266764067,-0.575151865655676,0.110686598891609,-4.40999239334473,0.0120092945631003,0.0133960897900072,0.0217375941071289,0.028644192466134,0.0211478880168716,0.0120092945631003,0.0069065983590051,-0.00749630444926242,-0.00913859345377128,0.00103418369776923,0.0130434782608696
"2020-11-01",15,"2022-02-01","2022-04-01",1339,22,0.0164301717699776,0.0167910447761194,-4.06997597120514,-3.80673473380674,-0.263241237398402,0.290285959980498,-0.5535271973789,-0.31109840876479,-0.242428788614109,-0.323592955257691,0.0811641666435817,-4.15114013784873,0.0155023461523332,0.0167910447761194,0.0217375941071289,0.0288478194500509,0.0212993934876712,0.0155023461523332,0.00711022534292199,-0.0075484259623797,-0.00579704733533803,0.000927825617644396,0.0164301717699776
"2020-11-01",16,"2022-03-01","2022-05-01",1300,43,0.0330769230769231,0.0334358186010761,-3.36411996387926,-3.80673473380674,0.442614769927486,0.255943184868061,0.186671585059425,-0.31109840876479,0.497769993824215,-0.0272117273172376,0.524981721141452,-3.88910168502071,0.0200533544076969,0.0334358186010761,0.0217375941071289,0.02790109687394,0.0205951403659584,0.0200533544076969,0.00616350276681102,-0.00730595650798158,-0.000541785958261438,0.0130235686692261,0.0330769230769231
"2020-11-01",17,"2022-04-01","2022-06-01",1263,53,0.0419635787806809,0.0423259493670886,-3.11910712247615,-3.80673473380674,0.687627611330589,0.264080020949498,0.423547590381091,-0.31109840876479,0.734645999145881,0.13946557299406,0.595180426151821,-3.71428754862797,0.0237928997922308,0.0423259493670886,0.0217375941071289,0.028122639040942,0.0207599101596784,0.0237928997922308,0.00638504493381307,-0.00736272888126357,0.00303298963255237,0.0181706789884501,0.0419635787806809
"2020-11-01",18,"2022-05-01","2022-07-01",1234,53,0.0429497568881686,0.0433198380566802,-3.094858442725,-3.80673473380674,0.71187629108174,0.253616829857505,0.458259461224235,-0.31109840876479,0.769357869989025,0.182199961940181,0.587157908048844,-3.68201635077385,0.0245540880868162,0.0433198380566802,0.0217375941071289,0.0278380692675519,0.0205482678007792,0.0245540880868162,0.00610047516042296,-0.00728980146677269,0.00400582028603703,0.0183956688013523,0.0429497568881686
"2020-11-01",19,"2022-06-01","2022-08-01",1194,45,0.0376884422110553,0.0380753138075314,-3.22937001824633,-3.80673473380674,0.57736471556041,0.241048700025503,0.336316015534907,-0.31109840876479,0.647414424299698,0.163317043844825,0.484097380454872,-3.7134673987012,0.0238119566904903,0.0380753138075314,0.0217375941071289,0.0274999475031061,0.0202968395301303,0.0238119566904903,0.00576235339597715,-0.00720310797297584,0.00351511716036009,0.0138764855205649,0.0376884422110553
"2020-11-01",20,"2022-07-01","2022-09-01",1159,41,0.0353753235547886,0.0357758620689655,-3.29405035369353,-3.80673473380674,0.512684380113209,0.19016434378928,0.32252003632393,-0.31109840876479,0.63361844508872,0.2976639458145,0.33595449927422,-3.63000485296775,0.0258311164049342,0.0357758620689655,0.0217375941071289,0.0261713416691865,0.0193093279391002,0.0258311164049342,0.00443374756205756,-0.00686201373008634,0.00652178846583407,0.00954420714985438,0.0353753235547886
"2020-11-01",21,"2022-08-01","2022-10-01",1127,41,0.036379769299024,0.036790780141844,-3.26502337245983,-3.80673473380674,0.54171136134691,0.159736706239509,0.3819746551074,-0.31109840876479,0.693073063872191,0.288943584343451,0.40412947952874,-3.66915285198857,0.0248640757021363,0.036790780141844,0.0217375941071289,0.0254069305137959,0.0187414848988654,0.0248640757021363,0.00366933640666691,-0.00666544561493047,0.00612259080327089,0.0115156935968877,0.036379769299024
"2020-11-01",22,"2022-09-01","2022-11-01",1083,37,0.0341643582640813,0.0345940959409594,-3.32886560890969,-3.80673473380674,0.477869124897052,0.116545108534489,0.361324016362562,-0.31109840876479,0.672422425127353,0.299585493365441,0.372836931761911,-3.7017025406716,0.0240869677146646,0.0345940959409594,0.0217375941071289,0.0243590873272493,0.0179634739141251,0.0240869677146646,0.00262149322012033,-0.00639561341312419,0.00612349380053951,0.0100773905494167,0.0341643582640813
"2020-11-01",23,"2022-10-01","2022-12-01",1043,42,0.0402684563758389,0.0407088122605364,-3.1597500791755,-3.80673473380674,0.646984654631239,0.134096448024832,0.512888206606408,-0.31109840876479,0.823986615371198,0.328594061749957,0.495392553621241,-3.65514263279674,0.0252060361781398,0.0407088122605364,0.0217375941071289,0.0247797081878399,0.0182757271319789,0.0252060361781398,0.00304211408071098,-0.00650398105586104,0.00693030904616087,0.0150624201976992,0.0402684563758389
"2020-11-01",24,"2022-11-01","2023-01-01",1023,48,0.0469208211143695,0.04736328125,-3.00138636211973,-3.80673473380674,0.805348371687013,0.136933913842919,0.668414457844093,-0.31109840876479,0.979512866608884,0.422005802626359,0.557507063982525,-3.55889342610225,0.0276821911794669,0.04736328125,0.0217375941071289,0.024848370001482,0.0183267058105216,0.0276821911794669,0.00311077589435308,-0.00652166419096045,0.00935548536894531,0.0192386299349026,0.0469208211143695
"2020-11-01",25,"2022-12-01","2023-02-01",989,48,0.0485338725985844,0.048989898989899,-2.96591055015377,-3.80673473380674,0.840824183652972,0.153144376103385,0.687679807549587,-0.31109840876479,0.998778216314378,0.487599424379471,0.511178791934906,-3.47708934208868,0.0299711854380316,0.048989898989899,0.0217375941071289,0.025244204774237,0.018620634205068,0.0299711854380316,0.00350661066710802,-0.00662357056916895,0.0113505512329635,0.0185626871605529,0.0485338725985844
"2020-11-01",26,"2023-01-01","2023-03-01",946,46,0.0486257928118393,0.0491024287222809,-2.9634978520227,-3.80673473380674,0.843236881784041,0.150824454081345,0.692412427702696,-0.31109840876479,1.00351083646749,0.426373509370134,0.577137327097352,-3.54063517912005,0.0281778890776872,0.0491024287222809,0.0217375941071289,0.0251871814349458,0.0185782874779098,0.0281778890776872,0.00344958732781681,-0.00660889395703593,0.00959960159977733,0.0204479037341522,0.0486257928118393
"2020-11-01",27,"2023-02-01","2023-04-01",912,42,0.0460526315789474,0.0465498357064622,-3.01956368327787,-3.80673473380674,0.787171050528868,0.182987039848669,0.604184010680199,-0.31109840876479,0.91528241944499,0.39168808486067,0.523594334584319,-3.54315801786219,0.0281088860978354,0.0465498357064622,0.0217375941071289,0.0259890387722965,0.0191738829575761,0.0281088860978354,0.00425144466516755,-0.00681515581472044,0.00893500314025931,0.017943745481112,0.0460526315789474
"2020-11-01",28,"2023-03-01","2023-05-01",887,40,0.0450958286358512,0.0456081081081081,-3.04098886514211,-3.80673473380674,0.765745868664629,0.161161887237147,0.604583981427482,-0.31109840876479,0.915682390192273,0.346482791206875,0.569199598985398,-3.61018846412751,0.0263344867886508,0.0456081081081081,0.0217375941071289,0.0254422438960924,0.0187677123062242,0.0263344867886508,0.00370464978896346,-0.0066745315898682,0.00756677448242656,0.0187613418472004,0.0450958286358512
"2020-11-01",29,"2023-04-01","2023-06-01",852,33,0.0387323943661972,0.0392731535756155,-3.19714895935286,-3.80673473380674,0.609585774453878,0.142171123824215,0.467414650629662,-0.31109840876479,0.778513059394452,0.319348850535649,0.459164208858803,-3.65631316821167,0.0251772912917108,0.0392731535756155,0.0217375941071289,0.024975588751243,0.0184211656759452,0.0251772912917108,0.00323799464411409,-0.00655442307529787,0.00675612561576568,0.0135551030744863,0.0387323943661972
"2020-11-01",30,"2023-05-01","2023-07-01",825,28,0.0339393939393939,0.0345036319612591,-3.3315777473844,-3.80673473380674,0.475156986422346,0.125435575789942,0.349721410632404,-0.31109840876479,0.660819819397194,0.292095942153473,0.368723877243722,-3.70030162462812,0.0241199207127263,0.0345036319612591,0.0217375941071289,0.0245712715617039,0.0181209827292062,0.0241199207127263,0.00283367745457492,-0.00645028883249762,0.00599893798352005,0.00981947322666766,0.0339393939393939
"2020-11-01",31,"2023-06-01","2023-08-01",801,32,0.0399500624219725,0.0405236907730673,-3.16450086394324,-3.80673473380674,0.642233869863499,0.116476719657313,0.525757150206186,-0.31109840876479,0.836855558970976,0.239383581080561,0.597471977890414,-3.76197284183366,0.0227101162331341,0.0405236907730673,0.0217375941071289,0.0243574620690612,0.0179622675202445,0.0227101162331341,0.00261986796193227,-0.00639519454881668,0.00474784871288954,0.0172399461888385,0.0399500624219725
"2020-11-01",32,"2023-07-01","2023-09-01",780,28,0.0358974358974359,0.0364916773367478,-3.27349690934843,-3.80673473380674,0.533237824458315,0.132416258675008,0.400821565783307,-0.31109840876479,0.711919974548098,0.191184517457473,0.520735457090624,-3.79423236643905,0.0220050536049955,0.0364916773367478,0.0217375941071289,0.0247391376828066,0.018245606023584,0.0220050536049955,0.00300154357567763,-0.00649353165922261,0.00375944758141149,0.0138923822924404,0.0358974358974359
"2020-11-01",33,"2023-08-01","2023-10-01",760,27,0.0355263157894737,0.0361366622864652,-3.28364159291051,-3.80673473380674,0.52309314089623,0.139526428591446,0.383566712304785,-0.31109840876479,0.694665121069575,0.0714730267921096,0.623192094277466,-3.90683368718798,0.0197078484305758,0.0361366622864652,0.0217375941071289,0.0249112664840387,0.018373405612499,0.0197078484305758,0.0031736723769098,-0.00653786087153971,0.00133444281807672,0.0158184673588979,0.0355263157894737
"2020-11-01",34,"2023-09-01","2023-11-01",730,17,0.0232876712328767,0.0239398084815321,-3.70798155598742,-3.80673473380674,0.0987531778193182,0.131428628410337,-0.0326754505910184,-0.31109840876479,0.278422958173772,0.0139751005053017,0.26444785766847,-3.97242941365589,0.0184797081650912,0.0239398084815321,0.0217375941071289,0.0247153201974912,0.0182279233098936,0.0184797081650912,0.00297772609036222,-0.00648739688759757,0.000251784855197595,0.00480796306778553,0.0232876712328767
"2020-12-01",1,"2021-01-01","2021-03-01",2221,6,0.00270148581719946,0.00292529252925293,-5.83143121373795,-3.80673473380674,-2.02469647993121,-1.7073653881347,-0.317331091796513,-0.197253257520604,-0.120077834275909,-0.0170523393881472,-0.103025494887761,-5.72840571885019,0.00324171522178942,0.00292529252925292,0.0217375941071289,0.00401337969127483,0.00329728422415339,0.00324171522178942,-0.0177242144158541,-0.000716095467121441,-5.55690023639676e-05,-0.000540229404589963,0.00270148581719946
"2020-12-01",2,"2021-02-01","2021-04-01",2178,13,0.00596877869605142,0.00619550252409362,-5.0777168752103,-3.80673473380674,-1.27098214140356,-0.802500335743768,-0.468481805659789,-0.197253257520604,-0.271228548139184,-0.271661745630415,0.000433197491230775,-5.07815007270153,0.00619283584638844,0.00619550252409362,0.0217375941071289,0.00986122148763851,0.00811020930416733,0.00619283584638844,-0.0118763726194904,-0.00175101218347117,-0.00191737345777889,-0.000224057150337021,0.00596877869605142
"2020-12-01",3,"2021-03-01","2021-05-01",2127,18,0.00846262341325811,0.00869360902255639,-4.73643549948011,-3.80673473380674,-0.929700765673373,-0.337459829206784,-0.592240936466589,-0.197253257520604,-0.394987678945985,-0.520233929176068,0.125246250230083,-4.8616817497102,0.00767805184856037,0.00869360902255639,0.0217375941071289,0.0156087071675435,0.0128503852669292,0.00767805184856037,-0.00612888693958539,-0.00275832190061433,-0.00517233341836885,0.00078457156469774,0.00846262341325811
"2020-12-01",4,"2021-04-01","2021-06-01",2065,23,0.011138014527845,0.0113746369796709,-4.46492940558404,-3.80673473380674,-0.658194671777303,-0.182480278425218,-0.475714393352085,-0.197253257520604,-0.27846113583148,-0.575798699208423,0.297337563376943,-4.76226696896099,0.00847379456339007,0.0113746369796709,0.0217375941071289,0.0181776956171205,0.0149722950683283,0.00847379456339007,-0.00355989849000843,-0.00320540054879217,-0.00649850050493827,0.00266421996445497,0.011138014527845
"2020-12-01",5,"2021-05-01","2021-07-01",2014,18,0.00893743793445879,0.00918114143920595,-4.681380194419,-3.80673473380674,-0.874645460612256,-0.110329660461367,-0.764315800150889,-0.197253257520604,-0.567062542630284,-0.604464695930074,0.0374021532997897,-4.71878234771879,0.00884707142772287,0.00918114143920595,0.0217375941071289,0.019511164970081,0.0160744741497631,0.00884707142772287,-0.00222642913704798,-0.00343669082031784,-0.00722740272204025,9.0366506735922e-05,0.00893743793445879
"2020-12-01",6,"2021-06-01","2021-08-01",1960,21,0.0107142857142857,0.0109637939826619,-4.5021325517464,-3.80673473380674,-0.695397817939663,-0.00462210480800024,-0.690775713131663,-0.197253257520604,-0.493522455611059,-0.615056956882158,0.121534501271099,-4.6236670530175,0.00972130010839217,0.0109637939826619,0.0217375941071289,0.0216395216911312,0.0178347618369497,0.00972130010839217,-9.8072415997727e-05,-0.00380475985418147,-0.00811346172855758,0.000992985605893547,0.0107142857142857
"2020-12-01",7,"2021-07-01","2021-09-01",1850,18,0.00972972972972973,0.00999459751485683,-4.59566570167653,-3.80673473380674,-0.788930967869787,0.0795860484344686,-0.868517016304255,-0.197253257520604,-0.671263758783651,-0.598645632595379,-0.0726181261882722,-4.52304757548826,0.0107393043658765,0.00999459751485682,0.0217375941071289,0.0234959992497771,0.0193712879266896,0.0107393043658765,0.00175840514264819,-0.00412471132308755,-0.00863198356081307,-0.00100957463614678,0.00972972972972973
"2020-12-01",8,"2021-08-01","2021-10-01",1795,22,0.0122562674094708,0.0125278396436526,-4.3671949650033,-3.80673473380674,-0.560460231196561,0.14017796756865,-0.700638198765211,-0.197253257520604,-0.503384941244607,-0.603066826573219,0.0996818853286123,-4.46687685033191,0.0113527582936713,0.0125278396436526,0.0217375941071289,0.0249270977186229,0.0205564463801618,0.0113527582936713,0.00318950361149392,-0.00437065133846112,-0.00920368808649041,0.000903509115799414,0.0122562674094708
"2020-12-01",9,"2021-09-01","2021-11-01",1744,19,0.010894495412844,0.0111747851002865,-4.48285767696836,-3.80673473380674,-0.676122943161616,0.188722894148899,-0.864845837310515,-0.197253257520604,-0.66759257978991,-0.597629828619684,-0.0699627511702262,-4.41289492579813,0.0119749045427523,0.0111747851002865,0.0217375941071289,0.026134629384257,0.0215569334695676,0.0119749045427523,0.00439703527712805,-0.0045776959146894,-0.0095820289268153,-0.00108040912990825,0.010894495412844
"2020-12-01",10,"2021-10-01","2021-12-01",1675,17,0.0101492537313433,0.0104415274463007,-4.55146797745764,-3.80673473380674,-0.744733243650898,0.249100324734697,-0.993833568385595,-0.197253257520604,-0.796580310864991,-0.643647475931096,-0.152932834933895,-4.39853514252374,0.0121459984827911,0.0104415274463007,0.0217375941071289,0.0277160988991316,0.0228679001266245,0.0121459984827911,0.00597850479200264,-0.00484819877250704,-0.0107219016438335,-0.00199674475144778,0.0101492537313433
"2020-12-01",11,"2021-11-01","2022-01-01",1618,14,0.00865265760197775,0.00895614576899321,-4.70641881112338,-3.80673473380674,-0.899684077316642,0.289264109856582,-1.18894818717322,-0.197253257520604,-0.991694929652619,-0.663257137665227,-0.328437791987392,-4.37798101913599,0.0123951057121333,0.0089561457689932,0.0217375941071289,0.0288192054610655,0.0237827672830985,0.0123951057121333,0.00708161135393656,-0.00503643817796703,-0.0113876615709651,-0.00374244811015559,0.00865265760197775
"2020-12-01",12,"2021-12-01","2022-02-01",1582,18,0.011378002528445,0.0116866708780796,-4.43755083102466,-3.80673473380674,-0.630816097217917,0.294297372332265,-0.925113469550182,-0.197253257520604,-0.727860212029578,-0.571170004196953,-0.156690207832625,-4.28086062319203,0.0136420737310193,0.0116866708780796,0.0217375941071289,0.0289604143169464,0.0238999058043213,0.0136420737310193,0.00722282020981744,-0.00506050851262505,-0.0102578320733021,-0.00226407120257426,0.011378002528445
"2020-12-01",13,"2022-01-01","2022-03-01",1526,20,0.0131061598951507,0.0134250163719712,-4.29711947242599,-3.80673473380674,-0.490384738619253,0.303514845354915,-0.793899583974167,-0.197253257520604,-0.596646326453563,-0.575151865655676,-0.021494460797887,-4.27562501162811,0.0137127036396862,0.0134250163719712,0.0217375941071289,0.0292207539062206,0.0241158837470936,0.0137127036396862,0.0074831597990917,-0.00510487015912709,-0.0104031801074074,-0.000606543744535479,0.0131061598951507
"2020-12-01",14,"2022-02-01","2022-04-01",1483,29,0.0195549561699258,0.0198787061994609,-3.89802721458948,-3.80673473380674,-0.0912924807827409,0.282992614882479,-0.37428509566522,-0.197253257520604,-0.177031838144615,-0.323592955257691,0.146561117113076,-4.04458833170256,0.0172153544410889,0.0198787061994609,0.0217375941071289,0.028644192466134,0.0236375951068919,0.0172153544410889,0.0069065983590051,-0.00500659735924216,-0.00642224066580295,0.00233960172883689,0.0195549561699258
"2020-12-01",15,"2022-03-01","2022-05-01",1442,33,0.0228848821081831,0.0232155232155232,-3.73944487172315,-3.80673473380674,0.0672898620835949,0.290285959980498,-0.222996097896903,-0.197253257520604,-0.0257428403762983,-0.0272117273172376,0.00146888694093923,-3.74091375866409,0.0231822372262892,0.0232155232155232,0.0217375941071289,0.0288478194500509,0.0238065032763129,0.0231822372262892,0.00711022534292199,-0.00504131617373808,-0.000624266050023622,-0.000297355118106152,0.0228848821081831
"2020-12-01",16,"2022-04-01","2022-06-01",1395,40,0.028673835125448,0.0290114613180516,-3.51062369482623,-3.80673473380674,0.296111038980515,0.255943184868061,0.0401678541124537,-0.197253257520604,0.237421111633058,0.13946557299406,0.0979555386389978,-3.60857923346522,0.0263757805091364,0.0290114613180516,0.0217375941071289,0.02790109687394,0.0230213038141047,0.0263757805091364,0.00616350276681102,-0.00487979305983523,0.0033544766950317,0.0022980546163116,0.028673835125448
"2020-12-01",17,"2022-05-01","2022-07-01",1342,44,0.0327868852459016,0.0331347728965004,-3.37347584193061,-3.80673473380674,0.433258891876132,0.264080020949498,0.169178870926634,-0.197253257520604,0.366432128447239,0.182199961940181,0.184232166507058,-3.55770800843767,0.0277141156184925,0.0331347728965004,0.0217375941071289,0.028122639040942,0.0232050240482302,0.0277141156184925,0.00638504493381307,-0.00491761499271178,0.00450909157026223,0.00507276962740918,0.0327868852459016
"2020-12-01",18,"2022-06-01","2022-08-01",1310,39,0.0297709923664122,0.0301296720061022,-3.4716519129551,-3.80673473380674,0.335082820851643,0.253616829857505,0.0814659909941379,-0.197253257520604,0.278719248514742,0.163317043844825,0.115402204669917,-3.58705411762502,0.0269342192271298,0.0301296720061022,0.0217375941071289,0.0278380692675519,0.0229690390289695,0.0269342192271298,0.00610047516042296,-0.00486903023858244,0.00396518019816034,0.00283677313928241,0.0297709923664122
"2020-12-01",19,"2022-07-01","2022-09-01",1268,45,0.0354889589905363,0.0358550039401103,-3.29175855692582,-3.80673473380674,0.51497617688092,0.241048700025503,0.273927476855417,-0.197253257520604,0.471180734376021,0.2976639458145,0.173516788561522,-3.46527534548734,0.0303165665955452,0.0358550039401103,0.0217375941071289,0.0274999475031061,0.022688676390457,0.0303165665955452,0.00576235339597715,-0.00481127111264909,0.00762789020508817,0.00517239239499111,0.0354889589905363
"2020-12-01",20,"2022-08-01","2022-10-01",1235,42,0.0340080971659919,0.0343851132686084,-3.33514136984851,-3.80673473380674,0.471593363958227,0.19016434378928,0.281429020168948,-0.197253257520604,0.478682277689552,0.288943584343451,0.189738693346101,-3.52488006319461,0.028612547620033,0.0343851132686084,0.0217375941071289,0.0261713416691865,0.0215873578368723,0.028612547620033,0.00443374756205756,-0.00458398383231421,0.00702518978316066,0.00539554954595895,0.0340080971659919
"2020-12-01",21,"2022-09-01","2022-11-01",1200,44,0.0366666666666667,0.037052456286428,-3.2576642924993,-3.80673473380674,0.549070441307442,0.159736706239509,0.389333735067933,-0.197253257520604,0.586586992588537,0.299585493365441,0.287001499223095,-3.54466579172239,0.0280677248547865,0.037052456286428,0.0217375941071289,0.0254069305137959,0.0209539545416142,0.0280677248547865,0.00366933640666691,-0.00445297597218162,0.00711377031317225,0.00859894181188018,0.0366666666666667
"2020-12-01",22,"2022-10-01","2022-12-01",1163,45,0.0386930352536543,0.0390893470790378,-3.20203145497328,-3.80673473380674,0.604703278833461,0.116545108534489,0.488158170298972,-0.197253257520604,0.685411427819576,0.328594061749957,0.356817366069619,-3.5588488210429,0.0276833917895191,0.0390893470790378,0.0217375941071289,0.0243590873272493,0.0200859778561142,0.0276833917895191,0.00262149322012033,-0.00427310947113507,0.00759741393340486,0.0110096434641353,0.0386930352536543
"2020-12-01",23,"2022-11-01","2023-01-01",1113,58,0.0521114106019766,0.0525134649910233,-2.89274311305056,-3.80673473380674,0.913991620756177,0.134096448024832,0.779895172731345,-0.197253257520604,0.97714843025195,0.422005802626359,0.555142627625591,-3.44788574067615,0.0308319736783319,0.0525134649910233,0.0217375941071289,0.0247797081878399,0.0204343581566385,0.0308319736783319,0.00304211408071098,-0.00434535003120146,0.0103976155216935,0.0212794369236447,0.0521114106019766
"2020-12-01",24,"2022-12-01","2023-02-01",1085,71,0.0654377880184332,0.0658379373848987,-2.65245370956591,-3.80673473380674,1.15428102424083,0.136933913842919,1.01734711039791,-0.197253257520604,1.21460036791852,0.487599424379471,0.727000943539048,-3.37945465310495,0.032943764292723,0.0658379373848987,0.0217375941071289,0.024848370001482,0.0204912324823454,0.032943764292723,0.00311077589435308,-0.0043571375191366,0.0124525318103776,0.0324940237257102,0.0654377880184332
"2020-12-01",25,"2023-01-01","2023-03-01",1051,68,0.0647002854424358,0.0651140684410646,-2.66428389256093,-3.80673473380674,1.14245084124581,0.153144376103385,0.989306465142422,-0.197253257520604,1.18655972266303,0.426373509370134,0.760186213292893,-3.42447010585383,0.0315394041787504,0.0651140684410647,0.0217375941071289,0.025244204774237,0.0208191398751756,0.0315394041787504,0.00350661066710802,-0.00442506489906133,0.0107202643035748,0.0331608812636853,0.0647002854424358
"2020-12-01",26,"2023-02-01","2023-04-01",1006,60,0.0596421471172962,0.0600794438927507,-2.75012760561258,-3.80673473380674,1.05660712819416,0.150824454081345,0.905782674112814,-0.197253257520604,1.10303593163342,0.39168808486067,0.711347846772748,-3.46147545238533,0.0304284734388102,0.0600794438927507,0.0217375941071289,0.0251871814349458,0.0207718991700735,0.0304284734388102,0.00344958732781681,-0.00441528226487225,0.00965657426873671,0.029213673678486,0.0596421471172962
"2020-12-01",27,"2023-03-01","2023-05-01",972,47,0.0483539094650206,0.0488180883864337,-2.96960442097296,-3.80673473380674,0.837130312833784,0.182987039848669,0.654143272985115,-0.197253257520604,0.85139653050572,0.346482791206875,0.504913739298845,-3.4745181602718,0.0300460275922614,0.0488180883864337,0.0217375941071289,0.0259890387722965,0.0214362829290539,0.0300460275922614,0.00425144466516755,-0.00455275584324254,0.00860974466320742,0.0183078818727592,0.0483539094650206
"2020-12-01",28,"2023-04-01","2023-06-01",943,36,0.0381760339342524,0.0386652542372881,-3.21338130555056,-3.80673473380674,0.593353428256181,0.161161887237147,0.432191541019034,-0.197253257520604,0.629444798539638,0.319348850535649,0.310095948003989,-3.52347725355455,0.0286515629215651,0.0386652542372881,0.0217375941071289,0.0254422438960924,0.0209832119376529,0.0286515629215651,0.00370464978896346,-0.00445903195843952,0.00766835098391221,0.0095244710126873,0.0381760339342524
"2020-12-01",29,"2023-05-01","2023-07-01",898,35,0.0389755011135857,0.0394883203559511,-3.19146120110536,-3.80673473380674,0.615273532701378,0.142171123824215,0.473102408877162,-0.197253257520604,0.670355666397767,0.292095942153473,0.378259724244294,-3.56972092534966,0.0273922450512799,0.039488320355951,0.0217375941071289,0.024975588751243,0.0205966147186289,0.0273922450512799,0.00323799464411409,-0.00437897403261416,0.00679563033265101,0.0115832560623059,0.0389755011135857
"2020-12-01",30,"2023-06-01","2023-08-01",873,33,0.0378006872852234,0.0383295194508009,-3.22245151401765,-3.80673473380674,0.584283219789091,0.125435575789942,0.458847643999149,-0.197253257520604,0.656100901519754,0.239383581080561,0.416717320439192,-3.63916883445684,0.0256015144579881,0.0383295194508009,0.0217375941071289,0.0245712715617039,0.0202617134028773,0.0256015144579881,0.00283367745457492,-0.00430955815882658,0.00533980105511078,0.0121991728272353,0.0378006872852234
"2020-12-01",31,"2023-07-01","2023-09-01",850,35,0.0411764705882353,0.0417156286721504,-3.1342687255797,-3.80673473380674,0.672466008227043,0.116476719657313,0.555989288569729,-0.197253257520604,0.753242546090334,0.191184517457473,0.56205802863286,-3.69632675421256,0.0242136589976709,0.0417156286721504,0.0217375941071289,0.0243574620690612,0.0200846318340732,0.0242136589976709,0.00261986796193227,-0.00427283023498798,0.00412902716359763,0.0169628115905644,0.0411764705882353
"2020-12-01",32,"2023-08-01","2023-10-01",824,23,0.0279126213592233,0.0284848484848485,-3.52948455089949,-3.80673473380674,0.277250182907247,0.132416258675008,0.144833924232239,-0.197253257520604,0.342087181752843,0.0714730267921096,0.270614154960734,-3.80009870586023,0.0218791584855353,0.0284848484848485,0.0217375941071289,0.0247391376828066,0.0204007532360303,0.0218791584855353,0.00300154357567763,-0.00433838444677628,0.00147840524950497,0.00603346287368804,0.0279126213592233
"2020-12-01",33,"2023-09-01","2023-11-01",802,28,0.0349127182044888,0.0354919053549191,-3.30231357258232,-3.80673473380674,0.504421161224423,0.139526428591446,0.364894732632977,-0.197253257520604,0.562147990153582,0.0139751005053017,0.54817288964828,-3.8504864622306,0.0208264219363084,0.0354919053549191,0.0217375941071289,0.0249112664840387,0.0205433324702378,0.0208264219363084,0.0031736723769098,-0.00436793401380094,0.000283089466070596,0.0140862962681804,0.0349127182044888
"2020-12-01",34,"2023-10-01","2023-12-01",769,25,0.0325097529258778,0.0331168831168831,-3.37403439995968,-3.80673473380674,0.432700333847058,0.131428628410337,0.301271705436721,-0.197253257520604,0.498524962957325,-0.0250776381505152,0.523602601107841,-3.89763700106752,0.0198863103660313,0.0331168831168831,0.0217375941071289,0.0247153201974912,0.0203810252233825,0.0198863103660313,0.00297772609036222,-0.00433429497410863,-0.000494714857351228,0.0126234425598465,0.0325097529258778
"2021-01-01",1,"2021-02-01","2021-04-01",1865,5,0.00268096514745308,0.00294748124330118,-5.82385245554825,-3.80673473380674,-2.01711772174151,-1.7073653881347,-0.309752333606812,-0.149732914584156,-0.160019419022656,-0.271661745630415,0.111642326607759,-5.93549478215601,0.00263694241956781,0.00294748124330118,0.0217375941071289,0.00401337969127483,0.0034572001365514,0.00263694241956781,-0.0177242144158541,-0.000556179554723433,-0.000820257716983584,4.40227278852693e-05,0.00268096514745308
"2021-01-01",2,"2021-03-01","2021-05-01",1837,9,0.00489929232444202,0.00516866158868335,-5.25995943898294,-3.80673473380674,-1.4532247051762,-0.802500335743768,-0.650724369432432,-0.149732914584156,-0.500991454848276,-0.520233929176068,0.0192424743277925,-5.27920191331073,0.00507065404497294,0.00516866158868335,0.0217375941071289,0.00986122148763851,0.0085015575924427,0.00507065404497294,-0.0118763726194904,-0.0013596638951958,-0.00343090354746976,-0.000171361720530918,0.00489929232444202
"2021-01-01",3,"2021-04-01","2021-06-01",1804,12,0.00665188470066519,0.00692520775623269,-4.96563792816552,-3.80673473380674,-1.15890319435878,-0.337459829206784,-0.821443365151995,-0.149732914584156,-0.671710450567838,-0.575798699208423,-0.0959117513594149,-4.8697261768061,0.00761700267047311,0.00692520775623269,0.0217375941071289,0.0156087071675435,0.0134673593870573,0.00761700267047311,-0.00612888693958539,-0.00214134778048622,-0.00585035671658422,-0.000965117969807924,0.00665188470066519
"2021-01-01",4,"2021-05-01","2021-07-01",1759,11,0.00625355315520182,0.00653409090909091,-5.02416652113423,-3.80673473380674,-1.21743178732749,-0.182480278425218,-1.03495150890227,-0.149732914584156,-0.885218594318111,-0.604464695930074,-0.280753898388037,-4.74341262274619,0.00863368561848865,0.00653409090909091,0.0217375941071289,0.0181776956171205,0.0156895273414663,0.00863368561848865,-0.00355989849000843,-0.00248816827565422,-0.00705584172297764,-0.00238013246328683,0.00625355315520182
"2021-01-01",5,"2021-06-01","2021-08-01",1729,15,0.00867553499132447,0.00895953757225434,-4.70603674797777,-3.80673473380674,-0.899302014171033,-0.110329660461367,-0.788972353709665,-0.149732914584156,-0.639239439125509,-0.615056956882158,-0.024182482243351,-4.68185426573442,0.00917682988777602,0.00895953757225434,0.0217375941071289,0.019511164970081,0.0168436023304917,0.00917682988777602,-0.00222642913704798,-0.00266756263958922,-0.00766677244271573,-0.000501294896451549,0.00867553499132447
"2021-01-01",6,"2021-07-01","2021-09-01",1643,20,0.0121728545343883,0.0124695863746959,-4.37191470539854,-3.80673473380674,-0.565179971591797,-0.00462210480800024,-0.560557866783797,-0.149732914584156,-0.41082495219964,-0.598645632595379,0.187820680395738,-4.55973538579428,0.0103564492618494,0.0124695863746959,0.0217375941071289,0.0216395216911312,0.0186865163049289,0.0103564492618494,-9.8072415997727e-05,-0.00295300538620234,-0.00833006704307943,0.00181640527253887,0.0121728545343883
"2021-01-01",7,"2021-08-01","2021-10-01",1572,24,0.0152671755725191,0.0155753337571519,-4.14636888186258,-3.80673473380674,-0.339634148055835,0.0795860484344686,-0.419220196490304,-0.149732914584156,-0.269487281906148,-0.603066826573219,0.333579544667071,-4.47994842652965,0.0112069778127344,0.0155753337571519,0.0217375941071289,0.0234959992497771,0.0202949076569334,0.0112069778127344,0.00175840514264819,-0.00320109159284368,-0.00908792984419903,0.00406019775978467,0.0152671755725191
"2021-01-01",8,"2021-09-01","2021-11-01",1525,22,0.0144262295081967,0.0147444298820446,-4.20203569321821,-3.80673473380674,-0.395300959411468,0.14017796756865,-0.535478926980119,-0.149732914584156,-0.385746012395962,-0.597629828619684,0.211883816223722,-4.41391950944193,0.0119627882345013,0.0147444298820446,0.0217375941071289,0.0249270977186229,0.0215353333039555,0.0119627882345013,0.00318950361149392,-0.00339176441466736,-0.00957254506945424,0.00246344127369545,0.0144262295081967
"2021-01-01",9,"2021-10-01","2021-12-01",1480,23,0.0155405405405405,0.0158676569885213,-4.12747749707453,-3.80673473380674,-0.320742763267793,0.188722894148899,-0.509465657416692,-0.149732914584156,-0.359732742832535,-0.643647475931096,0.28391473309856,-4.41139223017309,0.0119926967399789,0.0158676569885213,0.0217375941071289,0.026134629384257,0.0225823645862349,0.0119926967399789,0.00439703527712805,-0.00355226479802204,-0.0105896678462561,0.00354784380056168,0.0155405405405405
"2021-01-01",10,"2021-11-01","2022-01-01",1428,23,0.0161064425770308,0.016445066480056,-4.09114796919647,-3.80673473380674,-0.284413235389732,0.249100324734697,-0.53351356012443,-0.149732914584156,-0.383780645540273,-0.663257137665227,0.279476492124954,-4.37062446132143,0.012485484562137,0.016445066480056,0.0217375941071289,0.0277160988991316,0.0239541652581284,0.012485484562137,0.00597850479200264,-0.0037619336410032,-0.0114686806959914,0.00362095801489383,0.0161064425770308
"2021-01-01",11,"2021-12-01","2022-02-01",1381,21,0.0152063721940623,0.0155571635311143,-4.14755462308968,-3.80673473380674,-0.340819889282943,0.289264109856582,-0.630083999139525,-0.149732914584156,-0.480351084555369,-0.571170004196953,0.0908189196415839,-4.23837354273127,0.0142257517891303,0.0155571635311143,0.0217375941071289,0.0288192054610655,0.0249113822702962,0.0142257517891303,0.00708161135393656,-0.00390782319076933,-0.0106856304811658,0.000980620404931931,0.0152063721940623
"2021-01-01",12,"2022-01-01","2022-03-01",1348,21,0.0155786350148368,0.0159377316530764,-4.12299981798248,-3.80673473380674,-0.316265084175735,0.294297372332265,-0.610562456508001,-0.149732914584156,-0.460829541923844,-0.575151865655676,0.114322323731832,-4.23732214171431,0.0142405035178784,0.0159377316530764,0.0217375941071289,0.0289604143169464,0.0250339370690416,0.0142405035178784,0.00722282020981744,-0.00392647724790481,-0.0107934335511632,0.00133813149695842,0.0155786350148368
"2021-01-01",13,"2022-02-01","2022-04-01",1309,26,0.0198624904507257,0.0202290076335878,-3.88020126731902,-3.80673473380674,-0.0734665335122773,0.303514845354915,-0.376981378867192,-0.149732914584156,-0.227248464283036,-0.323592955257691,0.0963444909746556,-3.97654575829367,0.0184051928498648,0.0202290076335878,0.0217375941071289,0.0292207539062206,0.0252598977899059,0.0184051928498648,0.0074831597990917,-0.00396085611631477,-0.00685470494004108,0.00145729760086095,0.0198624904507257
"2021-01-01",14,"2022-03-01","2022-05-01",1274,38,0.0298273155416013,0.0301960784313725,-3.46938184566773,-3.80673473380674,0.337352888139009,0.282992614882479,0.0543602732565301,-0.149732914584156,0.204093187840686,-0.0272117273172376,0.231304915157924,-3.70068676082566,0.0241108569803858,0.0301960784313726,0.0217375941071289,0.028644192466134,0.0247594956533331,0.0241108569803858,0.0069065983590051,-0.00388469681280092,-0.000648638672947306,0.00571645856121545,0.0298273155416013
"2021-01-01",15,"2022-04-01","2022-06-01",1240,39,0.0314516129032258,0.0318291700241741,-3.41502538326945,-3.80673473380674,0.391709350537294,0.290285959980498,0.101423390556796,-0.149732914584156,0.251156305140953,0.13946557299406,0.111690732146892,-3.52671611541634,0.0285615607667848,0.0318291700241741,0.0217375941071289,0.0288478194500509,0.0249362158865047,0.0285615607667848,0.00711022534292199,-0.00391160356354623,0.0036253448802801,0.002890052136441,0.0314516129032258
"2021-01-01",16,"2022-05-01","2022-07-01",1199,39,0.0325271059216013,0.0329166666666667,-3.38030555380742,-3.80673473380674,0.426429179999325,0.255943184868061,0.170485995131264,-0.149732914584156,0.320218909715421,0.182199961940181,0.13801894777524,-3.51832450158266,0.0287953161841454,0.0329166666666667,0.0217375941071289,0.02790109687394,0.0241146760535553,0.0287953161841454,0.00616350276681102,-0.00378642082038464,0.00468064013059003,0.00373178973745598,0.0325271059216013
"2021-01-01",17,"2022-06-01","2022-08-01",1159,38,0.0327868852459016,0.0331896551724138,-3.37176411266652,-3.80673473380674,0.434970621140216,0.264080020949498,0.170890600190718,-0.149732914584156,0.320623514774875,0.163317043844825,0.15730647093005,-3.52907058359657,0.0284963066296031,0.0331896551724138,0.0217375941071289,0.028122639040942,0.0243069047940675,0.0284963066296031,0.00638504493381307,-0.0038157342468745,0.00418940183553563,0.00429057861629851,0.0327868852459016
"2021-01-01",18,"2022-07-01","2022-09-01",1131,41,0.0362511052166225,0.036660777385159,-3.26869815840503,-3.80673473380674,0.53803657540171,0.253616829857505,0.284419745544205,-0.149732914584156,0.434152660128361,0.2976639458145,0.136488714313862,-3.40518687271889,0.0321337547850469,0.036660777385159,0.0217375941071289,0.0278380692675519,0.024059990138723,0.0321337547850469,0.00610047516042296,-0.00377807912882889,0.00807376464632392,0.00411735043157552,0.0362511052166225
"2021-01-01",19,"2022-08-01","2022-10-01",1100,36,0.0327272727272727,0.0331516802906449,-3.37294822374509,-3.80673473380674,0.433786510061653,0.241048700025503,0.19273781003615,-0.149732914584156,0.342470724620307,0.288943584343451,0.0535271402768557,-3.42647536402194,0.0314782117331499,0.0331516802906449,0.0217375941071289,0.0274999475031061,0.0237666351530781,0.0314782117331499,0.00576235339597715,-0.00373331235002802,0.00771157658007186,0.00124906099412279,0.0327272727272727
"2021-01-01",20,"2022-09-01","2022-11-01",1064,36,0.0338345864661654,0.0342723004694836,-3.33854444850457,-3.80673473380674,0.468190285302175,0.19016434378928,0.278025941512895,-0.149732914584156,0.427758856097052,0.299585493365441,0.12817336273161,-3.46671781123618,0.0302741904657986,0.0342723004694836,0.0217375941071289,0.0261713416691865,0.0226142027459539,0.0302741904657986,0.00443374756205756,-0.00355713892323263,0.00765998771984469,0.00356039600036686,0.0338345864661654
"2021-01-01",21,"2022-10-01","2022-12-01",1036,31,0.0299227799227799,0.0303760848601736,-3.46325266338112,-3.80673473380674,0.343482070425622,0.159736706239509,0.183745364186113,-0.149732914584156,0.333478278770269,0.328594061749957,0.00488421702031239,-3.46813688040143,0.0302325576685568,0.0303760848601736,0.0217375941071289,0.0254069305137959,0.021951346349666,0.0302325576685568,0.00366933640666691,-0.00345558416412989,0.00828121131889085,-0.000309777745776889,0.0299227799227799
"2021-01-01",22,"2022-11-01","2023-01-01",1008,33,0.0327380952380952,0.033201189296333,-3.37140472123215,-3.80673473380674,0.435330012574596,0.116545108534489,0.318784904040107,-0.149732914584156,0.468517818624263,0.422005802626359,0.0465120159979039,-3.41791673723005,0.0317401903557821,0.033201189296333,0.0217375941071289,0.0243590873272493,0.0210429426508562,0.0317401903557821,0.00262149322012033,-0.00331614467639309,0.0106972477049259,0.000997904882313168,0.0327380952380952
"2021-01-01",23,"2022-12-01","2023-02-01",964,31,0.0321576763485477,0.0326424870466321,-3.38895341715019,-3.80673473380674,0.417781316656551,0.134096448024832,0.28368486863172,-0.149732914584156,0.433417783215876,0.487599424379471,-0.0541816411635951,-3.33477177598659,0.0343973869232941,0.0326424870466321,0.0217375941071289,0.0247797081878399,0.0214075583757378,0.0343973869232941,0.00304211408071098,-0.00337214981210215,0.0129898285475563,-0.00223971057474641,0.0321576763485477
"2021-01-01",24,"2023-01-01","2023-03-01",940,36,0.0382978723404255,0.038788522848034,-3.2100700442469,-3.80673473380674,0.596664689559837,0.136933913842919,0.459730775716918,-0.149732914584156,0.609463690301074,0.426373509370134,0.183090180930941,-3.39316022517784,0.0325099097120966,0.038788522848034,0.0217375941071289,0.024848370001482,0.0214670820195119,0.0325099097120966,0.00311077589435308,-0.00338128798197008,0.0110428276925846,0.00578796262832897,0.0382978723404255
"2021-01-01",25,"2023-02-01","2023-04-01",918,41,0.0446623093681917,0.0451577801958651,-3.05138352810337,-3.80673473380674,0.755351205703373,0.153144376103385,0.602206829599988,-0.149732914584156,0.751939744184144,0.39168808486067,0.360251659323474,-3.41163518742684,0.0319338085310521,0.0451577801958651,0.0217375941071289,0.025244204774237,0.0218102575642434,0.0319338085310521,0.00350661066710802,-0.00343394720999355,0.0101235509668087,0.0127285008371396,0.0446623093681917
"2021-01-01",26,"2023-03-01","2023-05-01",889,44,0.0494938132733408,0.05,-2.94443897916644,-3.80673473380674,0.862295754640301,0.150824454081345,0.711471300558956,-0.149732914584156,0.861204215143112,0.346482791206875,0.514721423936237,-3.45916040310268,0.0304968476666182,0.05,0.0217375941071289,0.0251871814349458,0.0217608178936488,0.0304968476666182,0.00344958732781681,-0.00342636354129697,0.00873602977296943,0.0189969656067226,0.0494938132733408
"2021-01-01",27,"2023-04-01","2023-06-01",859,41,0.0477299185098952,0.0482558139534884,-2.98177996957454,-3.80673473380674,0.824954764232204,0.182987039848669,0.641967724383535,-0.149732914584156,0.791700638967691,0.319348850535649,0.472351788432042,-3.45413175800658,0.0306458801061835,0.0482558139534884,0.0217375941071289,0.0259890387722965,0.0224561065985497,0.0306458801061835,0.00425144466516755,-0.0035329321737468,0.00818977350763381,0.0170840384037117,0.0477299185098952
"2021-01-01",28,"2023-05-01","2023-07-01",825,39,0.0472727272727273,0.0478208232445521,-2.99129205059126,-3.80673473380674,0.815442683215485,0.161161887237147,0.654280795978338,-0.149732914584156,0.804013710562494,0.292095942153473,0.511917768409021,-3.50320981900028,0.0292210395467144,0.0478208232445521,0.0217375941071289,0.0254422438960924,0.021981965106907,0.0292210395467144,0.00370464978896346,-0.00346027878918543,0.00723907443980746,0.0180516877260128,0.0472727272727273
"2021-01-01",29,"2023-06-01","2023-08-01",795,34,0.0427672955974843,0.0433417085427136,-3.0943308482979,-3.80673473380674,0.712403885508839,0.142171123824215,0.570232761684623,-0.149732914584156,0.71996567626878,0.239383581080561,0.480582095188218,-3.57491294348612,0.0272542586708701,0.0433417085427136,0.0217375941071289,0.024975588751243,0.0215773722977851,0.0272542586708701,0.00323799464411409,-0.00339821645345795,0.00567688637308499,0.0155130369266142,0.0427672955974843
"2021-01-01",30,"2023-07-01","2023-09-01",771,31,0.0402075226977951,0.0408031088082902,-3.15733808787627,-3.80673473380674,0.649396645930475,0.125435575789942,0.523961070140533,-0.149732914584156,0.673693984724689,0.191184517457473,0.482509467267216,-3.63984755514348,0.0255845884900768,0.0408031088082902,0.0217375941071289,0.0245712715617039,0.0212268694731312,0.0255845884900768,0.00283367745457492,-0.00334440208857263,0.00435771901694554,0.0146229342077183,0.0402075226977951
"2021-01-01",31,"2023-08-01","2023-10-01",744,24,0.032258064516129,0.0328859060402685,-3.3812722978889,-3.80673473380674,0.425462435917846,0.116476719657313,0.308985716260532,-0.149732914584156,0.458718630844689,0.0714730267921096,0.387245604052579,-3.76851790194147,0.0225653056574189,0.0328859060402685,0.0217375941071289,0.0243574620690612,0.0210415338767478,0.0225653056574189,0.00261986796193227,-0.00331592819231345,0.00152377178067113,0.00969275885871013,0.032258064516129
"2021-01-01",32,"2023-09-01","2023-11-01",715,21,0.0293706293706294,0.0300279329608939,-3.47513922706078,-3.80673473380674,0.33159550674596,0.132416258675008,0.199179248070952,-0.149732914584156,0.348912162655108,0.0139751005053017,0.334937062149807,-3.81007628921059,0.021666649139877,0.0300279329608939,0.0217375941071289,0.0247391376828066,0.02137238791705,0.021666649139877,0.00300154357567763,-0.00336674976575658,0.000294261222827,0.00770398023075238,0.0293706293706294
"2021-01-01",33,"2023-10-01","2023-12-01",692,20,0.0289017341040462,0.0295815295815296,-3.49057722533163,-3.80673473380674,0.31615750847511,0.139526428591446,0.176631079883664,-0.149732914584156,0.32636399446782,-0.0250776381505152,0.351441632618335,-3.84201885794997,0.0209998015419532,0.0295815295815296,0.0217375941071289,0.0249112664840387,0.021521608638521,0.0209998015419532,0.0031736723769098,-0.0033896578455177,-0.000521807096567867,0.00790193256209306,0.0289017341040462
"2021-01-01",34,"2023-11-01","2024-01-01",675,21,0.0311111111111111,0.0318047337278107,-3.41581865021634,-3.80673473380674,0.390916083590404,0.131428628410337,0.259487455180067,-0.149732914584156,0.409220369764223,-0.0172058636289703,0.426426233393194,-3.84224488360953,0.0209951552264502,0.0318047337278107,0.0217375941071289,0.0247153201974912,0.0213517407903672,0.0209951552264502,0.00297772609036222,-0.00336357940712399,-0.000356585563916989,0.0101159558846609,0.0311111111111111
"2021-02-01",1,"2021-03-01","2021-05-01",1850,2,0.00108108108108108,0.00135062128579146,-6.60583904650253,-3.80673473380674,-2.79910431269579,-1.7073653881347,-1.09173892456109,0.0215387872156831,-1.11327771177677,-0.520233929176068,-0.593043782600706,-6.01279526390182,0.00244126358204663,0.00135062128579146,0.0217375941071289,0.00401337969127483,0.00410040238742024,0.00244126358204663,-0.0177242144158541,8.7022696145406e-05,-0.00165913880537361,-0.00136018250096555,0.00108108108108108
"2021-02-01",2,"2021-04-01","2021-06-01",1819,8,0.00439802089059923,0.00467032967032967,-5.36184434683886,-3.80673473380674,-1.55510961303212,-0.802500335743768,-0.752609277288352,0.0215387872156831,-0.774148064504035,-0.575798699208423,-0.198349365295612,-5.16349498154325,0.00568911634500479,0.00467032967032967,0.0217375941071289,0.00986122148763851,0.0100737612927324,0.00568911634500479,-0.0118763726194904,0.000212539805093896,-0.00438464494772761,-0.00129109545440556,0.00439802089059923
"2021-02-01",3,"2021-05-01","2021-07-01",1778,13,0.00731158605174353,0.0075885328836425,-4.87349952992406,-3.80673473380674,-1.06676479611732,-0.337459829206784,-0.729304966910532,0.0215387872156831,-0.750843754126215,-0.604464695930074,-0.146379058196141,-4.72712047172792,0.00877425470737441,0.0075885328836425,0.0217375941071289,0.0156087071675435,0.0159431284132047,0.00877425470737441,-0.00612888693958539,0.000334421245661179,-0.00716887370583032,-0.00146266865563088,0.00731158605174353
"2021-02-01",4,"2021-06-01","2021-08-01",1738,17,0.00978135788262371,0.0100632547441058,-4.58875040184911,-3.80673473380674,-0.782015668042368,-0.182480278425218,-0.59953538961715,0.0215387872156831,-0.621074176832833,-0.615056956882158,-0.00601721995067528,-4.58273318189843,0.0101233752602153,0.0100632547441058,0.0217375941071289,0.0181776956171205,0.018566120105143,0.0101233752602153,-0.00355989849000843,0.000388424488022503,-0.00844274484492768,-0.00034201737759163,0.00978135788262371
"2021-02-01",5,"2021-07-01","2021-09-01",1652,24,0.0145278450363196,0.014821536600121,-4.19674150716561,-3.80673473380674,-0.390006773358865,-0.110329660461367,-0.279677112897498,0.0215387872156831,-0.301215900113181,-0.598645632595379,0.297429732482198,-4.4941712396478,0.0110504601462555,0.014821536600121,0.0217375941071289,0.019511164970081,0.0199275049636061,0.0110504601462555,-0.00222642913704798,0.000416339993525174,-0.0088770448173506,0.00347738489006407,0.0145278450363196
"2021-02-01",6,"2021-08-01","2021-10-01",1595,24,0.0150470219435737,0.0153508771929825,-4.16111273868694,-3.80673473380674,-0.3543780048802,-0.00462210480800024,-0.3497559000722,0.0215387872156831,-0.371294687287883,-0.603066826573219,0.231772139285336,-4.39288487797228,0.012213980241745,0.0153508771929825,0.0217375941071289,0.0216395216911312,0.0221002540542143,0.012213980241745,-9.8072415997727e-05,0.000460732363083079,-0.00988627381246931,0.00283304170182869,0.0150470219435737
"2021-02-01",7,"2021-09-01","2021-11-01",1547,24,0.015513897866839,0.0158268733850129,-4.13009248087508,-3.80673473380674,-0.323357747068341,0.0795860484344686,-0.40294379550281,0.0215387872156831,-0.424482582718493,-0.597629828619684,0.173147245901191,-4.30323972677627,0.01334419584985,0.0158268733850129,0.0217375941071289,0.0234959992497771,0.0239952888987239,0.01334419584985,0.00175840514264819,0.000499289648946754,-0.0106510930488739,0.00216970201698902,0.015513897866839
"2021-02-01",8,"2021-10-01","2021-12-01",1508,17,0.0112732095490716,0.0115970841616965,-4.44533672302533,-3.80673473380674,-0.638601989218594,0.14017796756865,-0.778779956787244,0.0215387872156831,-0.800318744002927,-0.643647475931096,-0.156671268071831,-4.2886654549535,0.0135374498453419,0.0115970841616965,0.0217375941071289,0.0249270977186229,0.0254560054247681,0.0135374498453419,0.00318950361149392,0.000528907706145196,-0.0119185555794262,-0.0022642402962703,0.0112732095490716
"2021-02-01",9,"2021-11-01","2022-01-01",1477,20,0.01354096140826,0.0138700947225981,-4.26405303208028,-3.80673473380674,-0.457318298273544,0.188722894148899,-0.646041192422442,0.0215387872156831,-0.667579979638125,-0.663257137665227,-0.0043228419728979,-4.25973019010739,0.0139293457454859,0.0138700947225981,0.0217375941071289,0.026134629384257,0.0266884574348934,0.0139293457454859,0.00439703527712805,0.000553828050636432,-0.0127591116894075,-0.000388384337225918,0.01354096140826
"2021-02-01",10,"2021-12-01","2022-02-01",1430,22,0.0153846153846154,0.0157232704402516,-4.13676527810605,-3.80673473380674,-0.330030544299312,0.249100324734697,-0.579130869034009,0.0215387872156831,-0.600669656249692,-0.571170004196953,-0.0294996520527397,-4.10726562605331,0.0161863910612779,0.0157232704402516,0.0217375941071289,0.0277160988991316,0.0283024664538671,0.0161863910612779,0.00597850479200264,0.000586367554735519,-0.0121160753925892,-0.000801775676662522,0.0153846153846154
"2021-02-01",11,"2022-01-01","2022-03-01",1366,24,0.0175695461200586,0.0179224579370885,-4.00361570883234,-3.80673473380674,-0.196880975025597,0.289264109856582,-0.486145084882179,0.0215387872156831,-0.507683872097862,-0.575151865655676,0.0674679935578133,-4.07108370239015,0.0167727669104015,0.0179224579370885,0.0217375941071289,0.0288192054610655,0.0294282042079488,0.0167727669104015,0.00708161135393656,0.000608998746883291,-0.0126554372975473,0.000796779209657116,0.0175695461200586
"2021-02-01",12,"2022-02-01","2022-04-01",1322,35,0.0264750378214826,0.026832955404384,-3.59092493605652,-3.80673473380674,0.21580979775022,0.294297372332265,-0.078487574582045,0.0215387872156831,-0.100026361797728,-0.323592955257691,0.223566593459963,-3.81449152951648,0.0215732557784347,0.026832955404384,0.0217375941071289,0.0289604143169464,0.029572306184908,0.0215732557784347,0.00722282020981744,0.000611891867961584,-0.00799905040647323,0.00490178204304787,0.0264750378214826
"2021-02-01",13,"2022-03-01","2022-05-01",1288,43,0.0333850931677019,0.0337470907680372,-3.3545313966076,-3.80673473380674,0.452203337199145,0.303514845354915,0.14868849184423,0.0215387872156831,0.127149704628547,-0.0272117273172376,0.154361431945784,-3.50889282855338,0.0290602592373736,0.0337470907680372,0.0217375941071289,0.0292207539062206,0.0298379773532212,0.0290602592373736,0.0074831597990917,0.000617223447000576,-0.000777718115847596,0.00432483393032824,0.0333850931677019
"2021-02-01",14,"2022-04-01","2022-06-01",1257,50,0.0397772474144789,0.0401430842607313,-3.17433404924541,-3.80673473380674,0.632400684561328,0.282992614882479,0.349408069678849,0.0215387872156831,0.327869282463166,0.13946557299406,0.188403709469105,-3.36273775871452,0.0334805173390261,0.0401430842607313,0.0217375941071289,0.028644192466134,0.029249604275719,0.0334805173390261,0.0069065983590051,0.000605411809584937,0.0042309130633071,0.00629673007545284,0.0397772474144789
"2021-02-01",15,"2022-05-01","2022-07-01",1213,47,0.0387469084913438,0.0391268533772652,-3.20103338042089,-3.80673473380674,0.605701353385852,0.290285959980498,0.315415393405354,0.0215387872156831,0.293876606189671,0.182199961940181,0.11167664424949,-3.31271002467038,0.0351377252254063,0.0391268533772652,0.0217375941071289,0.0288478194500509,0.0294574045187765,0.0351377252254063,0.00711022534292199,0.000609585068725525,0.00568032070662982,0.0036091832659375,0.0387469084913438
"2021-02-01",16,"2022-06-01","2022-08-01",1169,47,0.0402053036783576,0.0405982905982906,-3.16258390857581,-3.80673473380674,0.644150825230927,0.255943184868061,0.388207640362866,0.0215387872156831,0.366668853147183,0.163317043844825,0.203351809302358,-3.36593571787817,0.0333771869959259,0.0405982905982906,0.0217375941071289,0.02790109687394,0.0284912635948834,0.0333771869959259,0.00616350276681102,0.000590166720943395,0.00488592340104256,0.00682811668243165,0.0402053036783576
"2021-02-01",17,"2022-07-01","2022-09-01",1126,49,0.0435168738898757,0.043921916592724,-3.08042615240326,-3.80673473380674,0.726308581403483,0.264080020949498,0.462228560453985,0.0215387872156831,0.440689773238302,0.2976639458145,0.143025827423802,-3.22345197982706,0.0382926589419157,0.043921916592724,0.0217375941071289,0.028122639040942,0.0287173534090698,0.0382926589419157,0.00638504493381307,0.000594714368127768,0.00957530553284593,0.00522421494795996,0.0435168738898757
"2021-02-01",18,"2022-08-01","2022-10-01",1091,52,0.0476626947754354,0.0480769230769231,-2.98568193770049,-3.80673473380674,0.821052796106252,0.253616829857505,0.567435966248747,0.0215387872156831,0.545897179033064,0.288943584343451,0.256953594689613,-3.2426355323901,0.0375924226792281,0.0480769230769231,0.0217375941071289,0.0278380692675519,0.0284269418079956,0.0375924226792281,0.00610047516042296,0.000588872540443704,0.00916548087123246,0.0100702720962073,0.0476626947754354
"2021-02-01",19,"2022-09-01","2022-11-01",1055,51,0.0483412322274882,0.0487689393939394,-2.9706633765853,-3.80673473380674,0.836071357221443,0.241048700025503,0.59502265719594,0.0215387872156831,0.573483869980257,0.299585493365441,0.273898376614816,-3.24456175320011,0.0375227955271887,0.0487689393939394,0.0217375941071289,0.0274999475031061,0.028081874191445,0.0375227955271887,0.00576235339597715,0.000581926688338924,0.00944092133574373,0.0108184367002994,0.0483412322274882
"2021-02-01",20,"2022-10-01","2022-12-01",1017,55,0.0540806293018682,0.0545186640471513,-2.85315104540955,-3.80673473380674,0.953583688397191,0.19016434378928,0.763419344607911,0.0215387872156831,0.741880557392228,0.328594061749957,0.413286495642271,-3.26643754105182,0.0367406987547141,0.0545186640471513,0.0217375941071289,0.0261713416691865,0.0267259263523691,0.0367406987547141,0.00443374756205756,0.000554584683182556,0.010014772402345,0.0173399305471542,0.0540806293018682
"2021-02-01",21,"2022-11-01","2023-01-01",982,62,0.0631364562118126,0.0635808748728383,-2.68975044393078,-3.80673473380674,1.11698428987596,0.159736706239509,0.957247583636455,0.0215387872156831,0.935708796420772,0.422005802626359,0.513702993794414,-3.20345343772519,0.0390359704511352,0.0635808748728383,0.0217375941071289,0.0254069305137959,0.0259457484883478,0.0390359704511352,0.00366933640666691,0.000538817974551947,0.0130902219627874,0.0241004857606774,0.0631364562118126
"2021-02-01",22,"2022-12-01","2023-02-01",948,64,0.0675105485232067,0.0679662802950474,-2.61835728979811,-3.80673473380674,1.18837744400863,0.116545108534489,1.07183233547414,0.0215387872156831,1.05029354825846,0.487599424379471,0.562694123878984,-3.1810514136771,0.0398850513875336,0.0679662802950474,0.0217375941071289,0.0243590873272493,0.0248762503620605,0.0398850513875336,0.00262149322012033,0.000517163034811273,0.0150088010254731,0.0276254971356731,0.0675105485232067
"2021-02-01",23,"2023-01-01","2023-03-01",902,59,0.065410199556541,0.0658914728682171,-2.65158358943444,-3.80673473380674,1.1551511443723,0.134096448024832,1.02105469634747,0.0215387872156831,0.999515909131788,0.426373509370134,0.573142399761654,-3.22472598919609,0.0382457694385845,0.0658914728682171,0.0217375941071289,0.0247797081878399,0.0253055697182436,0.0382457694385845,0.00304211408071098,0.000525861530403644,0.012940199720341,0.0271644301179565,0.065410199556541
"2021-02-01",24,"2023-02-01","2023-04-01",866,48,0.0554272517321016,0.0559400230680508,-2.82590959886775,-3.80673473380674,0.980825134938989,0.136933913842919,0.84389122109607,0.0215387872156831,0.822352433880387,0.39168808486067,0.430664349019717,-3.25657394788747,0.0370913789584923,0.0559400230680507,0.0217375941071289,0.024848370001482,0.0253756507211971,0.0370913789584923,0.00311077589435308,0.000527280719715074,0.0117157282372952,0.0183358727736094,0.0554272517321016
"2021-02-01",25,"2023-03-01","2023-05-01",834,44,0.052757793764988,0.0532934131736527,-2.87717646747733,-3.80673473380674,0.929558266329409,0.153144376103385,0.776413890226024,0.0215387872156831,0.754875103010341,0.346482791206875,0.408392311803467,-3.2855687792808,0.036069596809888,0.0532934131736527,0.0217375941071289,0.025244204774237,0.0257796630246242,0.036069596809888,0.00350661066710802,0.000535458250387283,0.0102899337852637,0.0166881969551,0.052757793764988
"2021-02-01",26,"2023-04-01","2023-06-01",807,42,0.0520446096654275,0.0525990099009901,-2.89102513916737,-3.80673473380674,0.915709594639374,0.150824454081345,0.764885140558029,0.0215387872156831,0.743346353342346,0.319348850535649,0.423997502806696,-3.31502264197406,0.0350594046428371,0.0525990099009901,0.0217375941071289,0.0251871814349458,0.0257214620721346,0.0350594046428371,0.00344958732781681,0.00053428063718881,0.00933794257070251,0.0169852050225904,0.0520446096654275
"2021-02-01",27,"2023-05-01","2023-07-01",781,35,0.0448143405889885,0.0453964194373402,-3.04586292049787,-3.80673473380674,0.760871813308866,0.182987039848669,0.577884773460197,0.0215387872156831,0.556345986244514,0.292095942153473,0.264250044091042,-3.31011296458892,0.0352258799008434,0.0453964194373402,0.0217375941071289,0.0259890387722965,0.0265398656412924,0.0352258799008434,0.00425144466516755,0.000550826868995883,0.00868601425955105,0.00958846068814505,0.0448143405889885
"2021-02-01",28,"2023-06-01","2023-08-01",751,38,0.0505992010652463,0.0511968085106383,-2.91952419562315,-3.80673473380674,0.887210538183589,0.161161887237147,0.726048650946442,0.0215387872156831,0.704509863730759,0.239383581080561,0.465126282650197,-3.38465047827335,0.0327786343378918,0.0511968085106383,0.0217375941071289,0.0254422438960924,0.0259817908146291,0.0327786343378918,0.00370464978896346,0.000539546918536679,0.00679684352326268,0.0178205667273546,0.0505992010652463
"2021-02-01",29,"2023-07-01","2023-09-01",723,35,0.0484094052558783,0.0490331491712707,-2.96498262168734,-3.80673473380674,0.841752112119402,0.142171123824215,0.699580988295186,0.0215387872156831,0.678042201079503,0.191184517457473,0.48685768362203,-3.45184030530937,0.0307140248873389,0.0490331491712707,0.0217375941071289,0.024975588751243,0.0255054984357013,0.0307140248873389,0.00323799464411409,0.000529909684458221,0.00520852645163765,0.0176953803685394,0.0484094052558783
"2021-02-01",30,"2023-08-01","2023-10-01",707,31,0.0438472418670438,0.0444915254237288,-3.06694490177926,-3.80673473380674,0.739789832027486,0.125435575789942,0.614354256237544,0.0215387872156831,0.592815469021861,0.0714730267921096,0.521342442229751,-3.58828734400901,0.0269019167333758,0.0444915254237288,0.0217375941071289,0.0245712715617039,0.0250928235771478,0.0269019167333758,0.00283367745457492,0.000521552015443918,0.001809093156228,0.0169453251336681,0.0438472418670438
"2021-02-01",31,"2023-09-01","2023-11-01",684,21,0.0307017543859649,0.0313868613138686,-3.42947591863865,-3.80673473380674,0.377258815168096,0.116476719657313,0.260782095510783,0.0215387872156831,0.2392433082951,0.0139751005053017,0.225268207789798,-3.65474412642844,0.0252158296082125,0.0313868613138686,0.0217375941071289,0.0243574620690612,0.0248745914780736,0.0252158296082125,0.00261986796193227,0.000517129409012381,0.000341238130138949,0.00548592477775237,0.0307017543859649
"2021-02-01",32,"2023-10-01","2023-12-01",668,24,0.0359281437125748,0.0366218236173393,-3.26980170482856,-3.80673473380674,0.53693302897818,0.132416258675008,0.404516770303172,0.0215387872156831,0.382977983087489,-0.0250776381505152,0.408055621238004,-3.67785732606657,0.024653898877471,0.0366218236173393,0.0217375941071289,0.0247391376828066,0.0252641605522092,0.024653898877471,0.00300154357567763,0.000525022869402637,-0.000610261674738211,0.0112742448351039,0.0359281437125748
"2021-02-01",33,"2023-11-01","2024-01-01",651,25,0.0384024577572965,0.0391104294478528,-3.20147032217174,-3.80673473380674,0.605264411634999,0.139526428591446,0.465737983043553,0.0215387872156831,0.44419919582787,-0.0172058636289703,0.461405059456841,-3.66287538162858,0.0250167331511563,0.0391104294478528,0.0217375941071289,0.0249112664840387,0.0254398470441206,0.0250167331511563,0.0031736723769098,0.000528580560081829,-0.000423113892964247,0.0133857246061401,0.0384024577572965
"2021-02-01",34,"2023-12-01","2024-02-01",633,27,0.042654028436019,0.0433753943217666,-3.09351872371158,-3.80673473380674,0.713216010095162,0.131428628410337,0.581787381684825,0.0215387872156831,0.560248594469142,0.0189999931988004,0.541248601270342,-3.63476732498192,0.025711544424466,0.0433753943217666,0.0217375941071289,0.0247153201974912,0.0252398506851022,0.025711544424466,0.00297772609036222,0.000524530487610995,0.000471693739363833,0.016942484011553,0.042654028436019
"2021-03-01",1,"2021-04-01","2021-06-01",2110,5,0.0023696682464455,0.00260540028422549,-5.94756015536356,-3.80673473380674,-2.14082542155682,-1.7073653881347,-0.433460033422117,0.0974165379875073,-0.530876571409624,-0.575798699208423,0.0449221277987989,-5.99248228316236,0.00249123520147991,0.00260540028422548,0.0217375941071289,0.00401337969127483,0.00442221047109955,0.00249123520147991,-0.0177242144158541,0.000408830779824717,-0.00193097526961964,-0.000121566955034411,0.0023696682464455
"2021-03-01",2,"2021-05-01","2021-07-01",2082,13,0.00624399615754083,0.00648103696591455,-5.0323726257444,-3.80673473380674,-1.22563789193766,-0.802500335743768,-0.423137556193895,0.0974165379875073,-0.520554094181402,-0.604464695930074,0.0839106017486718,-5.11628322749308,0.0059625109565409,0.00648103696591454,0.0217375941071289,0.00986122148763851,0.0108592591737036,0.0059625109565409,-0.0118763726194904,0.00099803768606512,-0.00489674821716273,0.000281485200999928,0.00624399615754083
"2021-03-01",3,"2021-06-01","2021-08-01",2050,21,0.0102439024390244,0.0104826913700634,-4.54749180114534,-3.80673473380674,-0.740757067338595,-0.337459829206784,-0.403297238131811,0.0974165379875073,-0.500713776119318,-0.615056956882158,0.11434318076284,-4.66183498190818,0.00936065768116932,0.0104826913700634,0.0217375941071289,0.0156087071675435,0.0171783461884506,0.00936065768116932,-0.00612888693958539,0.00156963902090703,-0.00781768850728127,0.000883244757855076,0.0102439024390244
"2021-03-01",4,"2021-07-01","2021-09-01",1931,25,0.0129466597617815,0.0131987577639752,-4.31434592713324,-3.80673473380674,-0.507611193326497,-0.182480278425218,-0.325130914901279,0.0974165379875073,-0.422547452888786,-0.598645632595379,0.176098179706593,-4.49044410683983,0.0110912658649559,0.0131987577639752,0.0217375941071289,0.0181776956171205,0.0200004277522579,0.0110912658649559,-0.00355989849000843,0.00182273213513739,-0.00890916188730198,0.00185539389682553,0.0129466597617815
"2021-03-01",5,"2021-08-01","2021-10-01",1860,26,0.0139784946236559,0.0142396560988716,-4.23738251080316,-3.80673473380674,-0.430647776996419,-0.110329660461367,-0.320318116535051,0.0974165379875073,-0.417734654522559,-0.603066826573219,0.18533217205066,-4.42271468285382,0.0118592770754748,0.0142396560988716,0.0217375941071289,0.019511164970081,0.0214646848811886,0.0118592770754748,-0.00222642913704798,0.00195351991110761,-0.0096054078057138,0.00211921754818114,0.0139784946236559
"2021-03-01",6,"2021-09-01","2021-11-01",1813,26,0.0143408714837286,0.0146085997794928,-4.21142854157599,-3.80673473380674,-0.404693807769245,-0.00462210480800024,-0.400071702961245,0.0974165379875073,-0.497488240948752,-0.597629828619684,0.100141587670932,-4.31157012924692,0.0132349601795811,0.0146085997794928,0.0217375941071289,0.0216395216911312,0.0238009665851594,0.0132349601795811,-9.8072415997727e-05,0.00216144489402821,-0.0105660064055783,0.00110591130414751,0.0143408714837286
"2021-03-01",7,"2021-10-01","2021-12-01",1742,28,0.0160734787600459,0.0163511187607573,-4.09697268462837,-3.80673473380674,-0.290237950821629,0.0795860484344686,-0.369823999256097,0.0974165379875073,-0.467240537243605,-0.643647475931096,0.176406938687491,-4.27337962331586,0.0137431049478304,0.0163511187607573,0.0217375941071289,0.0234959992497771,0.025837979620156,0.0137431049478304,0.00175840514264819,0.0023419803703789,-0.0120948746723256,0.00233037381221553,0.0160734787600459
"2021-03-01",8,"2021-11-01","2022-01-01",1686,24,0.0142348754448399,0.0145228215767635,-4.21740465497933,-3.80673473380674,-0.410669921172587,0.14017796756865,-0.550847888741237,0.0974165379875073,-0.648264426728744,-0.663257137665227,0.014992710936483,-4.23239736591581,0.0143098017391895,0.0145228215767635,0.0217375941071289,0.0249270977186229,0.0274077201776978,0.0143098017391895,0.00318950361149392,0.00248062245907498,-0.0130979184385083,-7.49262943496778e-05,0.0142348754448399
"2021-03-01",9,"2021-12-01","2022-02-01",1638,24,0.0146520146520147,0.0149481391092129,-4.18810747264765,-3.80673473380674,-0.381372738840907,0.188722894148899,-0.570095632989806,0.0974165379875073,-0.667512170977314,-0.571170004196953,-0.0963421667803609,-4.09176530586729,0.016435084270292,0.0149481391092129,0.0217375941071289,0.026134629384257,0.028731878563722,0.016435084270292,0.00439703527712805,0.00259724917946498,-0.01229679429343,-0.00178306961827733,0.0146520146520147
"2021-03-01",10,"2022-01-01","2022-03-01",1573,20,0.0127145581691036,0.0130241423125794,-4.32784084268874,-3.80673473380674,-0.521106108881998,0.249100324734697,-0.770206433616695,0.0974165379875073,-0.867622971604203,-0.575151865655676,-0.292471105948527,-4.03536973674021,0.0173720198653555,0.0130241423125794,0.0217375941071289,0.0277160988991316,0.0304655972511814,0.0173720198653555,0.00597850479200264,0.00274949835204979,-0.0130935773858259,-0.00465746169625185,0.0127145581691036
"2021-03-01",11,"2022-02-01","2022-04-01",1532,29,0.0189295039164491,0.0192433137638617,-3.93116073908281,-3.80673473380674,-0.124426005276069,0.289264109856582,-0.413690115132651,0.0974165379875073,-0.511106653120158,-0.323592955257691,-0.187513697862467,-3.74364704122034,0.0231204231311911,0.0192433137638617,0.0217375941071289,0.0288192054610655,0.0316745694507315,0.0231204231311911,0.00708161135393656,0.00285536398966597,-0.00855414631954033,-0.00419091921474206,0.0189295039164491
"2021-03-01",12,"2022-03-01","2022-05-01",1481,44,0.0297096556380824,0.0300269905533063,-3.47517158349931,-3.80673473380674,0.33156315030743,0.294297372332265,0.0372657779751648,0.0974165379875073,-0.0601507600123425,-0.0272117273172376,-0.0329390326951049,-3.44223255080421,0.0310013474757975,0.0300269905533063,0.0217375941071289,0.0289604143169464,0.0318293105390681,0.0310013474757975,0.00722282020981744,0.00286889622212175,-0.000827963063270629,-0.00129169183771512,0.0297096556380824
"2021-03-01",13,"2022-04-01","2022-06-01",1442,59,0.0409153952843273,0.0412335412335412,-3.1463954866754,-3.80673473380674,0.660339247131345,0.303514845354915,0.35682440177643,0.0974165379875073,0.259407863788923,0.13946557299406,0.119942290794862,-3.26633777747026,0.0367442296328343,0.0412335412335412,0.0217375941071289,0.0292207539062206,0.0321145871309404,0.0367442296328343,0.0074831597990917,0.00289383322471974,0.00462964250189392,0.00417116565149302,0.0409153952843273
"2021-03-01",14,"2022-05-01","2022-07-01",1410,62,0.0439716312056738,0.0442948263642806,-3.07158158583743,-3.80673473380674,0.735153147969312,0.282992614882479,0.452160533086833,0.0974165379875073,0.354743995099326,0.182199961940181,0.172544033159145,-3.24412561899657,0.0375385496195213,0.0442948263642806,0.0217375941071289,0.028644192466134,0.0314827785405582,0.0375385496195213,0.0069065983590051,0.00283858607442416,0.00605577107896309,0.00643308158615247,0.0439716312056738
"2021-03-01",15,"2022-06-01","2022-08-01",1368,56,0.0409356725146199,0.0412710007304602,-3.14544835631338,-3.80673473380674,0.661286377493358,0.290285959980498,0.37100041751286,0.0974165379875073,0.273583879525353,0.163317043844825,0.110266835680527,-3.25571519199391,0.0371220621433028,0.0412710007304602,0.0217375941071289,0.0288478194500509,0.0317059259165151,0.0371220621433028,0.00711022534292199,0.00285810646646418,0.00541613622678769,0.00381361037131708,0.0409356725146199
"2021-03-01",16,"2022-07-01","2022-09-01",1309,64,0.0488922841864018,0.049236641221374,-2.96062711090051,-3.80673473380674,0.846107622906233,0.255943184868061,0.590164438038172,0.0974165379875073,0.492747900050665,0.2976639458145,0.195083954236165,-3.15571106513667,0.040866835171701,0.0492366412213741,0.0217375941071289,0.02790109687394,0.0306683685580347,0.040866835171701,0.00616350276681102,0.00276727168409475,0.0101984666136663,0.00802544901470086,0.0488922841864018
"2021-03-01",17,"2022-08-01","2022-10-01",1259,68,0.0540111199364575,0.0543650793650794,-2.85613455127062,-3.80673473380674,0.950600182536124,0.264080020949498,0.686520161586626,0.0974165379875073,0.589103623599119,0.288943584343451,0.300160039255668,-3.15629459052628,0.0408439690073549,0.0543650793650794,0.0217375941071289,0.028122639040942,0.030911184899669,0.0408439690073549,0.00638504493381307,0.00278854585872695,0.00993278410768589,0.0131671509291027,0.0540111199364575
"2021-03-01",18,"2022-09-01","2022-11-01",1217,70,0.057518488085456,0.0578817733990148,-2.78972823211648,-3.80673473380674,1.01700650169026,0.253616829857505,0.763389671832759,0.0974165379875073,0.665973133845251,0.299585493365441,0.36638764047981,-3.15611587259629,0.0408509709889312,0.0578817733990148,0.0217375941071289,0.0278380692675519,0.0305992865527565,0.0408509709889312,0.00610047516042296,0.00276121728520464,0.0102516844361747,0.0166675170965248,0.057518488085456
"2021-03-01",19,"2022-10-01","2022-12-01",1173,63,0.0537084398976982,0.0540885860306644,-2.86152573743584,-3.80673473380674,0.945208996370905,0.241048700025503,0.704160296345402,0.0974165379875073,0.606743758357895,0.328594061749957,0.278149696607938,-3.13967543404377,0.041500027892377,0.0540885860306644,0.0217375941071289,0.0274999475031061,0.0302286698197427,0.041500027892377,0.00576235339597715,0.00272872231663661,0.0112713580726343,0.0122084120053212,0.0537084398976982
"2021-03-01",20,"2022-11-01","2023-01-01",1132,58,0.0512367491166078,0.0516328331862312,-2.91058396184475,-3.80673473380674,0.896150771961987,0.19016434378928,0.705986428172707,0.0974165379875073,0.6085698901852,0.422005802626359,0.186564087558841,-3.0971480494036,0.0432250485162598,0.0516328331862312,0.0217375941071289,0.0261713416691865,0.0287721315102486,0.0432250485162598,0.00443374756205756,0.00260078984106207,0.0144529170060112,0.00801170060034802,0.0512367491166078
"2021-03-01",21,"2022-12-01","2023-02-01",1090,58,0.0532110091743119,0.0536205316223648,-2.87071157059738,-3.80673473380674,0.936023163209364,0.159736706239509,0.776286456969855,0.0974165379875073,0.678869918982348,0.487599424379471,0.191270494602877,-3.06198206520025,0.0447029832698016,0.0536205316223648,0.0217375941071289,0.0254069305137959,0.0279339356166739,0.0447029832698016,0.00366933640666691,0.00252700510287802,0.0167690476531278,0.00850802590451028,0.0532110091743119
"2021-03-01",22,"2023-01-01","2023-03-01",1046,48,0.0458891013384321,0.0463228271251194,-3.02469035491243,-3.80673473380674,0.782044378894309,0.116545108534489,0.665499270359819,0.0974165379875073,0.568082732372312,0.426373509370134,0.141709223002178,-3.16639957791461,0.0404499302572971,0.0463228271251194,0.0217375941071289,0.0243590873272493,0.0267847369076751,0.0404499302572971,0.00262149322012033,0.0024256495804258,0.013665193349622,0.00543917108113501,0.0458891013384321
"2021-03-01",23,"2023-02-01","2023-04-01",1004,51,0.050796812749004,0.0512437810945274,-2.91855761737078,-3.80673473380674,0.888177116435958,0.134096448024832,0.754080668411126,0.0974165379875073,0.656664130423618,0.39168808486067,0.264976045562948,-3.18353366293373,0.039790104043508,0.0512437810945273,0.0217375941071289,0.0247797081878399,0.027246073011607,0.039790104043508,0.00304211408071098,0.00246636482376712,0.012544031031901,0.011006708705496,0.050796812749004
"2021-03-01",24,"2023-03-01","2023-05-01",976,45,0.0461065573770492,0.0465711361310133,-3.01908386408474,-3.80673473380674,0.787650869722003,0.136933913842919,0.650716955879083,0.0974165379875073,0.553300417891576,0.346482791206875,0.206817626684701,-3.22590149076944,0.0382025543900849,0.0465711361310133,0.0217375941071289,0.024848370001482,0.0273213773884832,0.0382025543900849,0.00311077589435308,0.00247300738700117,0.0108811770016017,0.00790400298696432,0.0461065573770492
"2021-03-01",25,"2023-04-01","2023-06-01",937,44,0.0469583778014941,0.0474413646055437,-2.99965714542729,-3.80673473380674,0.807077588379453,0.153144376103385,0.653933212276069,0.0974165379875073,0.556516674288561,0.319348850535649,0.237167823752912,-3.2368249691802,0.0378032101571333,0.0474413646055437,0.0217375941071289,0.025244204774237,0.0277554859021825,0.0378032101571333,0.00350661066710802,0.00251128112794558,0.0100477242549507,0.00915516764436085,0.0469583778014941
"2021-03-01",26,"2023-05-01","2023-07-01",900,40,0.0444444444444444,0.0449500554938957,-3.0562116415391,-3.80673473380674,0.75052309226764,0.150824454081345,0.599698638186295,0.0974165379875073,0.502282100198788,0.292095942153473,0.210186158045315,-3.26639779958442,0.0367421052637205,0.0449500554938957,0.0217375941071289,0.0251871814349458,0.0276929510699299,0.0367421052637205,0.00344958732781681,0.00250576963498411,0.00904915419379063,0.00770233918072395,0.0444444444444444
"2021-03-01",27,"2023-06-01","2023-08-01",876,43,0.0490867579908676,0.0496009122006842,-2.95287276409621,-3.80673473380674,0.853861969710531,0.182987039848669,0.670874929861862,0.0974165379875073,0.573458391874355,0.239383581080561,0.334074810793793,-3.28694757489,0.0360216886958159,0.0496009122006842,0.0217375941071289,0.0259890387722965,0.0285722437124697,0.0360216886958159,0.00425144466516755,0.00258320494017316,0.00744944498334622,0.0130650692950517,0.0490867579908676
"2021-03-01",28,"2023-07-01","2023-09-01",860,43,0.05,0.0505226480836237,-2.93348996467677,-3.80673473380674,0.873244769129971,0.161161887237147,0.712082881892824,0.0974165379875073,0.614666343905317,0.191184517457473,0.423481826447843,-3.35697179112461,0.0336676043178279,0.0505226480836237,0.0217375941071289,0.0254422438960924,0.0279726605021468,0.0336676043178279,0.00370464978896346,0.00253041660605437,0.00569494381568117,0.0163323956821721,0.05
"2021-03-01",29,"2023-08-01","2023-10-01",833,35,0.0420168067226891,0.0425659472422062,-3.1132022711737,-3.80673473380674,0.693532462633044,0.142171123824215,0.551361338808829,0.0974165379875073,0.453944800821321,0.0714730267921096,0.382471774029212,-3.49567404520291,0.0294355681906459,0.0425659472422062,0.0217375941071289,0.024975588751243,0.0274609008972622,0.0294355681906459,0.00323799464411409,0.00248531214601918,0.00197466729338365,0.0125812385320432,0.0420168067226891
"2021-03-01",30,"2023-09-01","2023-11-01",806,32,0.0397022332506203,0.040272614622057,-3.17097757052123,-3.80673473380674,0.635757163285509,0.125435575789942,0.510321587495567,0.0974165379875073,0.41290504950806,0.0139751005053017,0.398929949002758,-3.56990751952399,0.0273872742644553,0.040272614622057,0.0217375941071289,0.0245712715617039,0.0270174650950986,0.0273872742644553,0.00283367745457492,0.00244619353339474,0.000369809169356729,0.012314958986165,0.0397022332506203
"2021-03-01",31,"2023-10-01","2023-12-01",779,31,0.0397946084724005,0.0403846153846154,-3.1680836580281,-3.80673473380674,0.638651075778645,0.116476719657313,0.522174356121332,0.0974165379875073,0.424757818133825,-0.0250776381505152,0.44983545628434,-3.61791911431244,0.0261369894973348,0.0403846153846154,0.0217375941071289,0.0243574620690612,0.0267829542509787,0.0261369894973348,0.00261986796193227,0.0024254921819175,-0.000645964753643962,0.0136576189750658,0.0397946084724005
"2021-03-01",32,"2023-11-01","2024-01-01",762,26,0.0341207349081365,0.0347313237221494,-3.32476450291051,-3.80673473380674,0.481970230896233,0.132416258675008,0.349553972221225,0.0974165379875073,0.252137434233718,-0.0172058636289703,0.269343297862688,-3.5941078007732,0.026749966477437,0.0347313237221494,0.0217375941071289,0.0247391376828066,0.0272015770902379,0.026749966477437,0.00300154357567763,0.00246243940743137,-0.000451610612800905,0.00737076843069944,0.0341207349081365
"2021-03-01",33,"2023-12-01","2024-02-01",737,24,0.0325644504748982,0.0331978319783198,-3.37150931936621,-3.80673473380674,0.435225414440532,0.139526428591446,0.295698985849086,0.0974165379875073,0.198282447861579,0.0189999931988004,0.179282454662778,-3.55079177402899,0.0279010907689005,0.0331978319783198,0.0217375941071289,0.0249112664840387,0.0273903577515295,0.0279010907689005,0.0031736723769098,0.00247909126749079,0.000510733017370913,0.00466335970599778,0.0325644504748982
"2021-03-01",34,"2024-01-01","2024-03-01",717,25,0.0348675034867503,0.0355153203342618,-3.30162978589711,-3.80673473380674,0.505104947909628,0.131428628410337,0.373676319499291,0.0974165379875073,0.276259781511784,0.0600410097677618,0.216218771744022,-3.51784855764114,0.0288086294873614,0.0355153203342618,0.0217375941071289,0.0247153201974912,0.0271754549624185,0.0288086294873614,0.00297772609036222,0.00246013476492734,0.00163317452494286,0.00605887399938898,0.0348675034867503
"2021-04-01",1,"2021-05-01","2021-07-01",2243,6,0.00267498885421311,0.00289661319073084,-5.84131227324742,-3.80673473380674,-2.03457753944068,-1.7073653881347,-0.327212151305979,0.165785806917397,-0.492997958223376,-0.604464695930074,0.111466737706697,-5.95277901095412,0.00259187364611808,0.00289661319073084,0.0217375941071289,0.00401337969127483,0.00473364764270609,0.00259187364611808,-0.0177242144158541,0.000720267951431258,-0.00214177399658801,8.31152080950264e-05,0.00267498885421311
"2021-04-01",2,"2021-06-01","2021-08-01",2205,16,0.0072562358276644,0.00747960108794198,-4.88806810533492,-3.80673473380674,-1.08133337152818,-0.802500335743768,-0.278833035784409,0.165785806917397,-0.444618842701807,-0.615056956882158,0.170438114180351,-5.05850621951527,0.00631491390408462,0.00747960108794198,0.0217375941071289,0.00986122148763851,0.0116187393058868,0.00631491390408462,-0.0118763726194904,0.00175751781824825,-0.00530382540180213,0.000941321923579774,0.0072562358276644
"2021-04-01",3,"2021-07-01","2021-09-01",2093,29,0.0138557095078834,0.0140878701050621,-4.24825308198037,-3.80673473380674,-0.44151834817363,-0.337459829206784,-0.104058518966846,0.165785806917397,-0.269844325884243,-0.598645632595379,0.328801306711135,-4.57705438869151,0.0101804404333704,0.0140878701050621,0.0217375941071289,0.0156087071675435,0.018371565289343,0.0101804404333704,-0.00612888693958539,0.00276285812179944,-0.00819112485597259,0.00367526907451301,0.0138557095078834
"2021-04-01",4,"2021-08-01","2021-10-01",2034,35,0.0172074729596853,0.0174447174447174,-4.0311197318055,-3.80673473380674,-0.224384997998762,-0.182480278425218,-0.0419047195735434,0.165785806917397,-0.207690526490941,-0.603066826573219,0.395376300082278,-4.42649603188778,0.0118150465225691,0.0174447174447174,0.0217375941071289,0.0181776956171205,0.0213854051587289,0.0118150465225691,-0.00355989849000843,0.00320770954160834,-0.00957035863615971,0.00539242643711621,0.0172074729596853
"2021-04-01",5,"2021-09-01","2021-11-01",1977,33,0.0166919575113809,0.0169362992922144,-4.06121471476478,-3.80673473380674,-0.25447998095804,-0.110329660461367,-0.144150320496673,0.165785806917397,-0.30993612741407,-0.597629828619684,0.287693701205614,-4.3489084159704,0.0127560888779411,0.0169362992922143,0.0217375941071289,0.019511164970081,0.0229486838778324,0.0127560888779411,-0.00222642913704798,0.00343751890775142,-0.0101925949998913,0.00393586863343981,0.0166919575113809
"2021-04-01",6,"2021-10-01","2021-12-01",1922,26,0.0135275754422477,0.0137805512220489,-4.27062062813678,-3.80673473380674,-0.463885894330036,-0.00462210480800024,-0.459263789522036,0.165785806917397,-0.625049596439433,-0.643647475931096,0.0185978794916624,-4.28921850762844,0.0135300662629986,0.0137805512220489,0.0217375941071289,0.0216395216911312,0.0254422888957727,0.0135300662629986,-9.8072415997727e-05,0.00380276720464144,-0.0119122226327741,-2.49082075090036e-06,0.0135275754422477
"2021-04-01",7,"2021-11-01","2022-01-01",1869,21,0.0112359550561798,0.0114973262032086,-4.45407684324307,-3.80673473380674,-0.647342109436329,0.0795860484344686,-0.726928157870797,0.165785806917397,-0.892713964788195,-0.663257137665227,-0.229456827122967,-4.2246200161201,0.0144199168936118,0.0114973262032086,0.0217375941071289,0.0234959992497771,0.0276158011466656,0.0144199168936118,0.00175840514264819,0.00411980189688846,-0.0131958842530538,-0.00318396183743205,0.0112359550561798
"2021-04-01",8,"2021-12-01","2022-02-01",1819,29,0.0159428257284222,0.0162087912087912,-4.10585992609271,-3.80673473380674,-0.299125192285972,0.14017796756865,-0.439303159854623,0.165785806917397,-0.60508896677202,-0.571170004196953,-0.0339189625750674,-4.07194096351765,0.0167586352938386,0.0162087912087912,0.0217375941071289,0.0249270977186229,0.0292903025857978,0.0167586352938386,0.00318950361149392,0.00436320486717494,-0.0125316672919592,-0.000815809565416412,0.0159428257284222
"2021-04-01",9,"2022-01-01","2022-03-01",1763,32,0.0181508791832104,0.0184240362811791,-3.97550327450679,-3.80673473380674,-0.168768540700044,0.188722894148899,-0.357491434848943,0.165785806917397,-0.52327724176634,-0.575151865655676,0.0518746238893357,-4.02737789839612,0.0175089699053257,0.0184240362811791,0.0217375941071289,0.026134629384257,0.0307025436003487,0.0175089699053257,0.00439703527712805,0.00456791421609168,-0.013193573695023,0.000641909277884746,0.0181508791832104
"2021-04-01",10,"2022-02-01","2022-04-01",1701,53,0.0311581422692534,0.031433607520564,-3.42793940860982,-3.80673473380674,0.378795325196916,0.249100324734697,0.129695000462219,0.165785806917397,-0.0360908064551785,-0.323592955257691,0.287502148802513,-3.71544155741234,0.0237661105885431,0.031433607520564,0.0217375941071289,0.0277160988991316,0.0325511895170041,0.0237661105885431,0.00597850479200264,0.00483509061787255,-0.00878507892846102,0.00739203168071027,0.0311581422692534
"2021-04-01",11,"2022-03-01","2022-05-01",1636,60,0.0366748166259169,0.0369578497251069,-3.26031911394832,-3.80673473380674,0.546415619858422,0.289264109856582,0.25715151000184,0.165785806917397,0.091365703084442,-0.0272117273172376,0.11857743040168,-3.37889654435,0.0329615494208043,0.0369578497251069,0.0217375941071289,0.0288192054610655,0.0338400359707775,0.0329615494208043,0.00708161135393656,0.00502083050971195,-0.000878486549973113,0.00371326720511253,0.0366748166259169
"2021-04-01",12,"2022-04-01","2022-06-01",1602,72,0.0449438202247191,0.045227698066126,-3.04976319652484,-3.80673473380674,0.756971537281903,0.294297372332265,0.462674164949638,0.165785806917397,0.29688835803224,0.13946557299406,0.15742278503818,-3.20718598156302,0.0388961953115338,0.045227698066126,0.0217375941071289,0.0289604143169464,0.0340049845950003,0.0388961953115338,0.00722282020981744,0.00504457027805394,0.00489121071653346,0.00604762491318533,0.0449438202247191
"2021-04-01",13,"2022-05-01","2022-07-01",1542,63,0.0408560311284047,0.0411535968891769,-3.14841956594162,-3.80673473380674,0.658315167865123,0.303514845354915,0.354800322510208,0.165785806917397,0.189014515592811,0.182199961940181,0.00681455365262951,-3.15523411959425,0.040885533975007,0.0411535968891769,0.0217375941071289,0.0292207539062206,0.0343090700841762,0.040885533975007,0.0074831597990917,0.00508831617795553,0.00657646389083082,-2.95028466023306e-05,0.0408560311284047
"2021-04-01",14,"2022-06-01","2022-08-01",1484,60,0.0404312668463612,0.0407407407407407,-3.15893278890117,-3.80673473380674,0.647801944905574,0.282992614882479,0.364809330023095,0.165785806917397,0.199023523105698,0.163317043844825,0.0357064792608725,-3.19463926816204,0.0393679557324741,0.0407407407407407,0.0217375941071289,0.028644192466134,0.0336355885216905,0.0393679557324741,0.0069065983590051,0.00499139605555646,0.00573236721078359,0.00106331111388709,0.0404312668463612
"2021-04-01",15,"2022-07-01","2022-09-01",1437,60,0.0417536534446764,0.0420723226703755,-3.12538217599027,-3.80673473380674,0.681352557816468,0.290285959980498,0.39106659783597,0.165785806917397,0.225280790918573,0.2976639458145,-0.0723831548959271,-3.05299902109435,0.0450881736339978,0.0420723226703755,0.0217375941071289,0.0288478194500509,0.0338734611651029,0.0450881736339978,0.00711022534292199,0.00502564171505194,0.011214712468895,-0.00333452018932141,0.0417536534446764
"2021-04-01",16,"2022-08-01","2022-10-01",1382,60,0.0434153400868307,0.0437454808387563,-3.08463579869566,-3.80673473380674,0.722098935111083,0.255943184868061,0.466155750243022,0.165785806917397,0.300369943325624,0.288943584343451,0.0114263589821733,-3.09606215767783,0.0432699796352414,0.0437454808387564,0.0217375941071289,0.02790109687394,0.0327673728559602,0.0432699796352414,0.00616350276681102,0.00486627598202028,0.0105026067792812,0.000145360451589277,0.0434153400868307
"2021-04-01",17,"2022-09-01","2022-11-01",1327,58,0.0437076111529766,0.0440512048192771,-3.07735164690692,-3.80673473380674,0.729383086899819,0.264080020949498,0.465303065950321,0.165785806917397,0.299517259032923,0.299585493365441,-6.8234332518291e-05,-3.0772834125744,0.0440540783039193,0.0440512048192771,0.0217375941071289,0.028122639040942,0.0330262418094212,0.0440540783039193,0.00638504493381307,0.00490360276847916,0.0110278364944981,-0.000346467150942623,0.0437076111529766
"2021-04-01",18,"2022-10-01","2022-12-01",1280,57,0.04453125,0.0448868071818892,-3.05768593507942,-3.80673473380674,0.74904879872732,0.253616829857505,0.495431968869814,0.165785806917397,0.329646161952417,0.328594061749957,0.00105210020245999,-3.05873803528188,0.0448417231527432,0.0448868071818891,0.0217375941071289,0.0278380692675519,0.0326937222107014,0.0448417231527432,0.00610047516042296,0.00485565294314946,0.0121480009420419,-0.000310473152743226,0.04453125
"2021-04-01",19,"2022-11-01","2023-01-01",1246,67,0.0537720706260032,0.0541299117882919,-2.86071830096925,-3.80673473380674,0.946016432837496,0.241048700025503,0.704967732811993,0.165785806917397,0.539181925894596,0.422005802626359,0.117176123268237,-2.97789442423748,0.0484345796915646,0.0541299117882919,0.0217375941071289,0.0274999475031061,0.0322985830006724,0.0484345796915646,0.00576235339597715,0.00479863549756635,0.0161359966908922,0.00533749093443857,0.0537720706260032
"2021-04-01",20,"2022-12-01","2023-02-01",1204,68,0.0564784053156146,0.0568464730290456,-2.80887489802442,-3.80673473380674,0.997859835782323,0.19016434378928,0.807695491993043,0.165785806917397,0.641909685075646,0.487599424379471,0.154310260696175,-2.96318515872059,0.049117030862816,0.0568464730290456,0.0217375941071289,0.0261713416691865,0.0307454700247256,0.049117030862816,0.00443374756205756,0.00457412835553912,0.0183715608380904,0.00736137445279859,0.0564784053156146
"2021-04-01",21,"2023-01-01","2023-03-01",1163,65,0.0558899398108341,0.0562714776632302,-2.81965074918346,-3.80673473380674,0.987083984623283,0.159736706239509,0.827347278383774,0.165785806917397,0.661561471466376,0.426373509370134,0.235187962096242,-3.0548387112797,0.0450090316055444,0.0562714776632302,0.0217375941071289,0.0254069305137959,0.029851553347434,0.0450090316055444,0.00366933640666691,0.0044446228336381,0.0151574782581104,0.0108809082052896,0.0558899398108341
"2021-04-01",22,"2023-02-01","2023-04-01",1119,54,0.0482573726541555,0.0486607142857143,-2.97299874986947,-3.80673473380674,0.833735983937268,0.116545108534489,0.717190875402778,0.165785806917397,0.551405068485381,0.39168808486067,0.15971698362471,-3.13271573349418,0.0417777544094619,0.0486607142857143,0.0217375941071289,0.0243590873272493,0.0286257872790712,0.0417777544094619,0.00262149322012033,0.00426669995182188,0.0131519671303907,0.00647961824469362,0.0482573726541555
"2021-04-01",23,"2023-03-01","2023-05-01",1076,48,0.0446096654275093,0.0450324976787372,-3.05429291114957,-3.80673473380674,0.752441822657167,0.134096448024832,0.618345374632335,0.165785806917397,0.452559567714937,0.346482791206875,0.106076776508063,-3.16036968765764,0.0406846224396515,0.0450324976787372,0.0217375941071289,0.0247797081878399,0.0291178846068494,0.0406846224396515,0.00304211408071098,0.00433817641900951,0.0115667378328021,0.00392504298785774,0.0446096654275093
"2021-04-01",24,"2023-04-01","2023-06-01",1043,43,0.0412272291466922,0.0416666666666667,-3.13549421592915,-3.80673473380674,0.671240517877592,0.136933913842919,0.534306604034672,0.165785806917397,0.368520797117275,0.319348850535649,0.0491719465816258,-3.18466616251078,0.0397468573444204,0.0416666666666667,0.0217375941071289,0.024848370001482,0.0291982071262897,0.0397468573444204,0.00311077589435308,0.00434983712480772,0.0105486502181306,0.00148037180227184,0.0412272291466922
"2021-04-01",25,"2023-05-01","2023-07-01",1013,38,0.0375123395853899,0.0379684418145957,-3.23229191876943,-3.80673473380674,0.574442815037314,0.153144376103385,0.421298438933929,0.165785806917397,0.255512632016532,0.292095942153473,-0.0365833101369408,-3.19570860863249,0.039327535200356,0.0379684418145957,0.0217375941071289,0.025244204774237,0.0296612271597979,0.039327535200356,0.00350661066710802,0.00441702238556097,0.00966630804055804,-0.00181519561496605,0.0375123395853899
"2021-04-01",26,"2023-06-01","2023-08-01",982,39,0.0397148676171079,0.0401831129196338,-3.17329569290153,-3.80673473380674,0.633439040905213,0.150824454081345,0.482614586823867,0.165785806917397,0.31682877990647,0.239383581080561,0.0774451988259084,-3.25074089172744,0.0373002735681217,0.0401831129196338,0.0217375941071289,0.0251871814349458,0.0295945292734499,0.0373002735681217,0.00344958732781681,0.00440734783850419,0.00770574429467175,0.00241459404898626,0.0397148676171079
"2021-04-01",27,"2023-07-01","2023-09-01",954,37,0.0387840670859539,0.0392670157068063,-3.19731164695236,-3.80673473380674,0.609423086854381,0.182987039848669,0.426436047005712,0.165785806917397,0.260650240088314,0.191184517457473,0.0694657226308411,-3.2667773695832,0.0367286738375769,0.0392670157068063,0.0217375941071289,0.0259890387722965,0.0305323038864953,0.0367286738375769,0.00425144466516755,0.00454326511419883,0.00619636995108162,0.00205539324837694,0.0387840670859539
"2021-04-01",28,"2023-08-01","2023-10-01",926,30,0.0323974082073434,0.0329018338727077,-3.38077160943182,-3.80673473380674,0.42596312437492,0.161161887237147,0.264801237137772,0.165785806917397,0.0990154302203749,0.0714730267921096,0.0275424034282653,-3.40831401286009,0.0320366392146108,0.0329018338727077,0.0217375941071289,0.0254422438960924,0.0298928548804742,0.0320366392146108,0.00370464978896346,0.00445061098438181,0.00214378433413654,0.000360768992732664,0.0323974082073434
"2021-04-01",29,"2023-09-01","2023-11-01",893,31,0.0347144456886898,0.0352348993288591,-3.30984760307393,-3.80673473380674,0.496887130732814,0.142171123824215,0.354716006908598,0.165785806917397,0.188930199991201,0.0139751005053017,0.174955099485899,-3.48480270255983,0.0297477467615057,0.035234899328859,0.0217375941071289,0.024975588751243,0.0293470259623492,0.0297477467615057,0.00323799464411409,0.00437143721110619,0.000400720799156516,0.00496669892718407,0.0347144456886898
"2021-04-01",30,"2023-10-01","2023-12-01",864,28,0.0324074074074074,0.0329479768786127,-3.37932243315227,-3.80673473380674,0.427412300654467,0.125435575789942,0.301976724864525,0.165785806917397,0.136190917947128,-0.0250776381505152,0.161268556097643,-3.54059098924992,0.0281790991937099,0.0329479768786127,0.0217375941071289,0.0245712715617039,0.0288740374533461,0.0281790991937099,0.00283367745457492,0.00430276589164219,-0.000694938259636114,0.00422830821369746,0.0324074074074074
"2021-04-01",31,"2023-11-01","2024-01-01",850,29,0.0341176470588235,0.0346650998824912,-3.32674167413155,-3.80673473380674,0.479993059675193,0.116476719657313,0.363516340017879,0.165785806917397,0.197730533100482,-0.0172058636289703,0.214936396729452,-3.541678070861,0.0281493446872065,0.0346650998824912,0.0217375941071289,0.0243574620690612,0.0286238856952097,0.0281493446872065,0.00261986796193227,0.00426642362614853,-0.000474541008003267,0.00596830237161705,0.0341176470588235
"2021-04-01",32,"2023-12-01","2024-02-01",823,29,0.0352369380315917,0.0358009708737864,-3.293322722631,-3.80673473380674,0.513412011175745,0.132416258675008,0.380995752500737,0.165785806917397,0.215209945583339,0.0189999931988004,0.196209952384539,-3.48953267501554,0.0296115296647916,0.0358009708737864,0.0217375941071289,0.0247391376828066,0.0290704231590988,0.0296115296647916,0.00300154357567763,0.0043312854762922,0.000541106505692814,0.00562540836680016,0.0352369380315917
"2021-04-01",33,"2024-01-01","2024-03-01",806,32,0.0397022332506203,0.040272614622057,-3.17097757052123,-3.80673473380674,0.635757163285509,0.139526428591446,0.496230734694064,0.165785806917397,0.330444927776666,0.0600410097677618,0.270403918008905,-3.44138148853014,0.03102692381831,0.040272614622057,0.0217375941071289,0.0249112664840387,0.0292717834617237,0.03102692381831,0.0031736723769098,0.00436051697768496,0.00175514035658627,0.00867530943231037,0.0397022332506203
"2021-04-01",34,"2024-02-01","2024-04-01",785,35,0.0445859872611465,0.0451653944020356,-3.05120695459215,-3.80673473380674,0.755527779214595,0.131428628410337,0.624099150804258,0.165785806917397,0.458313343886861,0.0401744278599255,0.418138916026935,-3.46934587061908,0.0301971319524061,0.0451653944020356,0.0217375941071289,0.0247153201974912,0.0290425599269232,0.0301971319524061,0.00297772609036222,0.00432723972943207,0.00115457202548285,0.0143888553087404,0.0445859872611465
"2021-05-01",1,"2021-06-01","2021-08-01",2415,5,0.0020703933747412,0.00227649006622517,-6.08284138160725,-3.80673473380674,-2.27610664780051,-1.7073653881347,-0.568741259665812,0.11558797126143,-0.684329230927242,-0.615056956882158,-0.0692722740450842,-6.01356910756217,0.0024393797630549,0.00227649006622517,0.0217375941071289,0.00401337969127483,0.00450293777099512,0.0024393797630549,-0.0177242144158541,0.000489558079720285,-0.00206355800794022,-0.000368986388313695,0.0020703933747412
"2021-05-01",2,"2021-07-01","2021-09-01",2299,12,0.00521966072205307,0.00543478260869565,-5.20948615284142,-3.80673473380674,-1.40275141903468,-0.802500335743768,-0.600251083290912,0.11558797126143,-0.715839054552343,-0.598645632595379,-0.117193421956964,-5.09229273088446,0.006106400159539,0.00543478260869565,0.0217375941071289,0.00986122148763851,0.0110561896133597,0.006106400159539,-0.0118763726194904,0.00119496812572123,-0.00494978945382074,-0.000886739437485929,0.00521966072205307
"2021-05-01",3,"2021-08-01","2021-10-01",2199,18,0.00818553888130969,0.00840909090909091,-4.76999726047938,-3.80673473380674,-0.963262526672644,-0.337459829206784,-0.62580269746586,0.11558797126143,-0.74139066872729,-0.603066826573219,-0.138323842154071,-4.63167341832531,0.009644526233878,0.0084090909090909,0.0217375941071289,0.0156087071675435,0.0174878459491633,0.009644526233878,-0.00612888693958539,0.00187913878161974,-0.00784331971528529,-0.00145898735256831,0.00818553888130969
"2021-05-01",4,"2021-09-01","2021-11-01",2124,22,0.0103578154425612,0.0105882352941176,-4.53736708263673,-3.80673473380674,-0.730632348829987,-0.182480278425218,-0.548152070404769,0.11558797126143,-0.663740041666199,-0.597629828619684,-0.0661102130465152,-4.47125686959021,0.0113037025846132,0.0105882352941177,0.0217375941071289,0.0181776956171205,0.0203597192611136,0.0113037025846132,-0.00355989849000843,0.0021820236439931,-0.00905601667650044,-0.000945887142051965,0.0103578154425612
"2021-05-01",5,"2021-10-01","2021-12-01",2058,22,0.010689990281827,0.0109276347741622,-4.50547261787809,-3.80673473380674,-0.698737884071352,-0.110329660461367,-0.588408223609984,0.11558797126143,-0.703996194871414,-0.643647475931096,-0.0603487189403187,-4.44512389893777,0.0115995239309275,0.0109276347741622,0.0217375941071289,0.019511164970081,0.0218496941168887,0.0115995239309275,-0.00222642913704798,0.00233852914680777,-0.0102501701859613,-0.000909533649100461,0.010689990281827
"2021-05-01",6,"2021-11-01","2022-01-01",2011,24,0.0119343610144207,0.0121769383697813,-4.39595972897781,-3.80673473380674,-0.589224995171064,-0.00462210480800024,-0.584602890363064,0.11558797126143,-0.700190861624495,-0.663257137665227,-0.0369337239592671,-4.35902600501854,0.0126293004394742,0.0121769383697813,0.0217375941071289,0.0216395216911312,0.0242268438894482,0.0126293004394742,-9.8072415997727e-05,0.00258732219831702,-0.0115975434499741,-0.000694939425053493,0.0119343610144207
"2021-05-01",7,"2021-12-01","2022-02-01",1932,27,0.0139751552795031,0.0142265907915158,-4.23831371564139,-3.80673473380674,-0.431578981834648,0.0795860484344686,-0.511165030269117,0.11558797126143,-0.626753001530547,-0.571170004196953,-0.0555829973335945,-4.18273071830779,0.0150275169888035,0.0142265907915158,0.0217375941071289,0.0234959992497771,0.0262993238130976,0.0150275169888035,0.00175840514264819,0.00280332456332048,-0.0112718068242941,-0.00105236170930043,0.0139751552795031
"2021-05-01",8,"2022-01-01","2022-03-01",1871,30,0.0160342063067878,0.016292735042735,-4.10060905227175,-3.80673473380674,-0.293874318465012,0.14017796756865,-0.434052286033663,0.11558797126143,-0.549640257295093,-0.575151865655676,0.0255116083605827,-4.12612066063234,0.0158888591002207,0.0162927350427351,0.0217375941071289,0.0249270977186229,0.0278962898982499,0.0158888591002207,0.00318950361149392,0.00296919217962703,-0.0120074307980292,0.000145347206567108,0.0160342063067878
"2021-05-01",9,"2022-02-01","2022-04-01",1819,39,0.0214403518416712,0.0217032967032967,-3.80834883081076,-3.80673473380674,-0.00161409700401505,0.188722894148899,-0.190336991152914,0.11558797126143,-0.305924962414344,-0.323592955257691,0.0176679928433471,-3.8260168236541,0.0213313183172209,0.0217032967032967,0.0217375941071289,0.026134629384257,0.0292433429927438,0.0213313183172209,0.00439703527712805,0.00310871360848682,-0.00791202467552291,0.000109033524450349,0.0214403518416712
"2021-05-01",10,"2022-03-01","2022-05-01",1738,56,0.0322209436133487,0.0324899367452559,-3.39379542336649,-3.80673473380674,0.412939310440254,0.249100324734697,0.163838985705556,0.11558797126143,0.0482510144441261,-0.0272117273172376,0.0754627417613637,-3.46925816512785,0.0301997005368091,0.0324899367452559,0.0217375941071289,0.0277160988991316,0.0310069388472824,0.0301997005368091,0.00597850479200264,0.0032908399481508,-0.000807238310473319,0.00202124307653962,0.0322209436133487
"2021-05-01",11,"2022-04-01","2022-06-01",1684,71,0.0421615201900238,0.042433234421365,-3.11646356179205,-3.80673473380674,0.690271172014687,0.289264109856582,0.401007062158104,0.11558797126143,0.285419090896674,0.13946557299406,0.145953517902614,-3.26241707969467,0.03688325149291,0.042433234421365,0.0217375941071289,0.0288192054610655,0.0322366789358927,0.03688325149291,0.00708161135393656,0.00341747347482724,0.00464657255701723,0.00527826869711379,0.0421615201900238
"2021-05-01",12,"2022-05-01","2022-07-01",1631,82,0.0502759043531576,0.0505514705882353,-2.93288928388717,-3.80673473380674,0.873845449919573,0.294297372332265,0.579548077587308,0.11558797126143,0.463960106325878,0.182199961940181,0.281760144385697,-3.21464942827286,0.0386181453620615,0.0505514705882353,0.0217375941071289,0.0289604143169464,0.0323940742539049,0.0386181453620615,0.00722282020981744,0.00343365993695855,0.00622407110815654,0.0116577589910961,0.0502759043531576
"2021-05-01",13,"2022-06-01","2022-08-01",1570,82,0.0522292993630573,0.0525143220878421,-2.8927258871152,-3.80673473380674,0.914008846691545,0.303514845354915,0.610494001336631,0.11558797126143,0.4949060300752,0.163317043844825,0.331588986230375,-3.22431487334557,0.038260894396503,0.0525143220878422,0.0217375941071289,0.0292207539062206,0.0326842417736917,0.038260894396503,0.0074831597990917,0.00346348786747104,0.0055766526228113,0.0139684049665543,0.0522292993630573
"2021-05-01",14,"2022-07-01","2022-09-01",1508,84,0.0557029177718833,0.0559973492379059,-2.82482461957483,-3.80673473380674,0.981910114231906,0.282992614882479,0.698917499349427,0.11558797126143,0.583329528087997,0.2976639458145,0.285665582273497,-3.11049020184833,0.0426766123750087,0.0559973492379059,0.0217375941071289,0.028644192466134,0.0320415970521026,0.0426766123750087,0.0069065983590051,0.00339740458596859,0.0106350153229061,0.0130263053968746,0.0557029177718833
"2021-05-01",15,"2022-08-01","2022-10-01",1445,77,0.0532871972318339,0.0535961272475795,-2.87119259212143,-3.80673473380674,0.935542141685309,0.290285959980498,0.645256181704811,0.11558797126143,0.529668210443381,0.288943584343451,0.24072462609993,-3.11191721822136,0.0426183491985831,0.0535961272475795,0.0217375941071289,0.0288478194500509,0.032268573322296,0.0426183491985831,0.00711022534292199,0.00342075387224505,0.0103497758762871,0.0106688480332508,0.0532871972318339
"2021-05-01",16,"2022-09-01","2022-11-01",1376,69,0.0501453488372093,0.0504720406681191,-2.93454544336833,-3.80673473380674,0.87218929043841,0.255943184868061,0.616246105570349,0.11558797126143,0.500658134308919,0.299585493365441,0.201072640943477,-3.13561808431181,0.0416617208141286,0.0504720406681191,0.0217375941071289,0.02790109687394,0.0312131971907692,0.0416617208141286,0.00616350276681102,0.00331210031682921,0.0104485236233594,0.0084836280230807,0.0501453488372093
"2021-05-01",17,"2022-10-01","2022-12-01",1326,60,0.0452488687782805,0.0455915599095705,-3.04136910440493,-3.80673473380674,0.765365629401807,0.264080020949498,0.501285608452309,0.11558797126143,0.385697637190878,0.328594061749957,0.0571035754409214,-3.09847267984586,0.0431702993814367,0.0455915599095705,0.0217375941071289,0.028122639040942,0.0314601872022242,0.0431702993814367,0.00638504493381307,0.00333754816128222,0.0117101121792125,0.0020785693968438,0.0452488687782805
"2021-05-01",18,"2022-11-01","2023-01-01",1277,64,0.0501174628034456,0.0504694835680751,-2.93459880136493,-3.80673473380674,0.872135932441812,0.253616829857505,0.618519102584307,0.11558797126143,0.502931131322876,0.422005802626359,0.0809253286965175,-3.01552413006145,0.0467294517537835,0.0504694835680751,0.0217375941071289,0.0278380692675519,0.031142927361754,0.0467294517537835,0.00610047516042296,0.00330485809420215,0.0155865243920294,0.00338801104966208,0.0501174628034456
"2021-05-01",19,"2022-12-01","2023-02-01",1235,62,0.0502024291497976,0.0505663430420712,-2.93257945854872,-3.80673473380674,0.874155275258019,0.241048700025503,0.633106575232516,0.11558797126143,0.517518603971086,0.487599424379471,0.0299191795916149,-2.96249863814034,0.0491491044231113,0.0505663430420712,0.0217375941071289,0.0274999475031061,0.030765935057843,0.0491491044231113,0.00576235339597715,0.00326598755473688,0.0183831693652683,0.0010533247266863,0.0502024291497976
"2021-05-01",20,"2023-01-01","2023-03-01",1199,66,0.055045871559633,0.0554166666666667,-2.83586352228578,-3.80673473380674,0.970871211520966,0.19016434378928,0.780706867731686,0.11558797126143,0.665118896470256,0.426373509370134,0.238745387100122,-3.0746089093859,0.0441668479504843,0.0554166666666667,0.0217375941071289,0.0261713416691865,0.0292842908890196,0.0441668479504843,0.00443374756205756,0.00311294921983312,0.0148825570614647,0.0108790236091487,0.055045871559633
"2021-05-01",21,"2023-02-01","2023-04-01",1160,54,0.046551724137931,0.0469422911283376,-3.01075645782191,-3.80673473380674,0.795978275984835,0.159736706239509,0.636241569745326,0.11558797126143,0.520653598483896,0.39168808486067,0.128965513623226,-3.13972197144513,0.0414981767775682,0.0469422911283377,0.0217375941071289,0.0254069305137959,0.0284316114349956,0.0414981767775682,0.00366933640666691,0.00302468092119971,0.0130665653425726,0.00505354736036287,0.046551724137931
"2021-05-01",22,"2023-03-01","2023-05-01",1108,52,0.0469314079422383,0.0473399458972047,-3.00190366745853,-3.80673473380674,0.804831066348208,0.116545108534489,0.688285957813718,0.11558797126143,0.572697986552288,0.346482791206875,0.226215195345414,-3.22811886280395,0.0381211645996479,0.0473399458972047,0.0217375941071289,0.0243590873272493,0.0272625126251969,0.0381211645996479,0.00262149322012033,0.00290342529794761,0.010858651974451,0.00881024334259038,0.0469314079422383
"2021-05-01",23,"2023-04-01","2023-06-01",1058,43,0.0406427221172023,0.0410764872521246,-3.1503754429258,-3.80673473380674,0.65635929088094,0.134096448024832,0.522262842856109,0.11558797126143,0.406674871594678,0.319348850535649,0.0873260210590293,-3.23770146398483,0.0377713413359093,0.0410764872521246,0.0217375941071289,0.0247797081878399,0.0277318433732863,0.0377713413359093,0.00304211408071098,0.00295213518544642,0.010039497962623,0.00287138078129297,0.0406427221172023
"2021-05-01",24,"2023-05-01","2023-07-01",1025,43,0.0419512195121951,0.0423976608187134,-3.11733940564878,-3.80673473380674,0.689395328157963,0.136933913842919,0.552461414315044,0.11558797126143,0.436873443053614,0.292095942153473,0.144777500900141,-3.26211690654892,0.036893915989168,0.0423976608187134,0.0217375941071289,0.024848370001482,0.0278084519708172,0.036893915989168,0.00311077589435308,0.00296008196933515,0.00908546401835079,0.00505730352302716,0.0419512195121951
"2021-05-01",25,"2023-06-01","2023-08-01",990,37,0.0373737373737374,0.0378405650857719,-3.23579849206411,-3.80673473380674,0.570936241742632,0.153144376103385,0.417791865639248,0.11558797126143,0.302203894377817,0.239383581080561,0.0628203132972559,-3.29861880536136,0.0356186027764839,0.037840565085772,0.0217375941071289,0.025244204774237,0.0282500748257862,0.0356186027764839,0.00350661066710802,0.00300587005154919,0.00736852795069775,0.00175513459725346,0.0373737373737374
"2021-05-01",26,"2023-07-01","2023-09-01",960,38,0.0395833333333333,0.0400624349635796,-3.17642913462094,-3.80673473380674,0.630305599185797,0.150824454081345,0.479481145104452,0.11558797126143,0.363893173843022,0.191184517457473,0.172708656385548,-3.34913779100649,0.0339234096475684,0.0400624349635796,0.0217375941071289,0.0251871814349458,0.0281864579599462,0.0339234096475684,0.00344958732781681,0.00299927652500045,0.00573695168762217,0.00565992368576496,0.0395833333333333
"2021-05-01",27,"2023-08-01","2023-10-01",935,35,0.0374331550802139,0.0379273504273504,-3.23341746813464,-3.80673473380674,0.5733172656721,0.182987039848669,0.390330225823431,0.11558797126143,0.274742254562001,0.0714730267921096,0.203269227769891,-3.43668669590453,0.0311683804450899,0.0379273504273504,0.0217375941071289,0.0259890387722965,0.0290809515197566,0.0311683804450899,0.00425144466516755,0.00309191274746014,0.00208742892533331,0.00626477463512395,0.0374331550802139
"2021-05-01",28,"2023-09-01","2023-11-01",910,33,0.0362637362637363,0.0367727771679473,-3.265531516509,-3.80673473380674,0.541203217297741,0.161161887237147,0.380041330060594,0.11558797126143,0.264453358799164,0.0139751005053017,0.250478258293862,-3.51600977480286,0.028860120825245,0.0367727771679473,0.0217375941071289,0.0254422438960924,0.0284710060422586,0.028860120825245,0.00370464978896346,0.00302876214616617,0.000389114782986401,0.00740361543849129,0.0362637362637363
"2021-05-01",29,"2023-10-01","2023-12-01",874,30,0.034324942791762,0.0348571428571429,-3.32101805263449,-3.80673473380674,0.485716681172252,0.142171123824215,0.343545557348037,0.11558797126143,0.227957586086607,-0.0250776381505152,0.253035224237122,-3.57405327687161,0.0272770589561369,0.0348571428571429,0.0217375941071289,0.024975588751243,0.0279503913731137,0.0272770589561369,0.00323799464411409,0.00297480262187066,-0.000673332416976778,0.0070478838356251,0.034324942791762
"2021-05-01",30,"2023-11-01","2024-01-01",845,29,0.0343195266272189,0.0348699763593381,-3.32063664906475,-3.80673473380674,0.486098084741996,0.125435575789942,0.360662508952054,0.11558797126143,0.245074537690623,-0.0172058636289703,0.262280401319594,-3.58291705038434,0.0270428591234873,0.0348699763593381,0.0217375941071289,0.0245712715617039,0.0274992748274967,0.0270428591234873,0.00283367745457492,0.00292800326579281,-0.000456415704009398,0.00727666750373165,0.0343195266272189
"2021-05-01",31,"2023-12-01","2024-02-01",824,37,0.0449029126213592,0.0454545454545455,-3.04452243772342,-3.80673473380674,0.762212296083318,0.116476719657313,0.645735576426005,0.11558797126143,0.530147605164574,0.0189999931988004,0.511147611965774,-3.5556700496892,0.0277690834308526,0.0454545454545455,0.0217375941071289,0.0243574620690612,0.027260699060866,0.0277690834308526,0.00261986796193227,0.00290323699180474,0.000508384369986611,0.0171338291905067,0.0449029126213592
"2021-05-01",32,"2024-01-01","2024-03-01",803,34,0.0423412204234122,0.042910447761194,-3.10478162924162,-3.80673473380674,0.701953104565121,0.132416258675008,0.569536845890114,0.11558797126143,0.453948874628683,0.0600410097677618,0.393907864860921,-3.49868949410254,0.0293495416164117,0.042910447761194,0.0217375941071289,0.0247391376828066,0.0276865767133904,0.0293495416164117,0.00300154357567763,0.00294743903058385,0.00166296490302127,0.0129916788070005,0.0423412204234122
"2021-05-01",33,"2024-02-01","2024-04-01",778,34,0.0437017994858612,0.0442875481386393,-3.07175352808675,-3.80673473380674,0.734981205719992,0.139526428591446,0.595454777128546,0.11558797126143,0.479866805867116,0.0401744278599255,0.43969237800719,-3.51144590609394,0.0289883087611977,0.0442875481386393,0.0217375941071289,0.0249112664840387,0.0278786268413166,0.0289883087611977,0.0031736723769098,0.00296736035727787,0.00110968191988104,0.0147134907246635,0.0437017994858612
"2021-05-01",34,"2024-03-01","2024-05-01",753,24,0.0318725099601594,0.0324933687002653,-3.39368625041216,-3.80673473380674,0.413048483394582,0.131428628410337,0.281619854984245,0.11558797126143,0.166031883722815,-0.0867707337031682,0.252802617425983,-3.64648886783814,0.0254195410778687,0.0324933687002653,0.0217375941071289,0.0247153201974912,0.0276600020753145,0.0254195410778687,0.00297772609036222,0.00294468187782332,-0.00224046099744576,0.00645296888229064,0.0318725099601594
"2021-06-01",1,"2021-07-01","2021-09-01",2575,9,0.00349514563106796,0.00368788819875776,-5.59900658339386,-3.80673473380674,-1.79227184958712,-1.7073653881347,-0.0849064614524233,0.200474033435836,-0.285380494888259,-0.598645632595379,0.31326513770712,-5.91227172110098,0.00269872969792075,0.00368788819875776,0.0217375941071289,0.00401337969127483,0.00489991194527868,0.00269872969792075,-0.0177242144158541,0.000886532254003845,-0.00220118224735793,0.000796415933147213,0.00349514563106796
"2021-06-01",2,"2021-08-01","2021-10-01",2501,13,0.00519792083166733,0.00539568345323741,-5.21674571285422,-3.80673473380674,-1.41001097904748,-0.802500335743768,-0.607510643303716,0.200474033435836,-0.807984676739552,-0.603066826573219,-0.204917850166333,-5.01182786268789,0.0066146756687963,0.00539568345323741,0.0217375941071289,0.00986122148763851,0.0120239134870937,0.0066146756687963,-0.0118763726194904,0.0021626919994552,-0.0054092378182974,-0.00141675483712897,0.00519792083166733
"2021-06-01",3,"2021-09-01","2021-11-01",2459,24,0.00976006506710045,0.00995934959349594,-4.59923423569592,-3.80673473380674,-0.792499501889175,-0.337459829206784,-0.455039672682391,0.200474033435836,-0.655513706118227,-0.597629828619684,-0.0578838774985427,-4.54135035819737,0.0105465872495022,0.00995934959349593,0.0217375941071289,0.0156087071675435,0.0190076985193994,0.0105465872495022,-0.00612888693958539,0.00339899135185588,-0.00846111126989727,-0.000786522182401711,0.00976006506710045
"2021-06-01",4,"2021-10-01","2021-12-01",2390,25,0.0104602510460251,0.0106649937264743,-4.53006624290682,-3.80673473380674,-0.723331509100081,-0.182480278425218,-0.540851230674863,0.200474033435836,-0.741325264110699,-0.643647475931096,-0.0976777881796028,-4.43238845472722,0.0117464473575726,0.0106649937264743,0.0217375941071289,0.0181776956171205,0.0221235435528649,0.0117464473575726,-0.00355989849000843,0.00394584793574434,-0.0103770961952922,-0.0012861963115475,0.0104602510460251
"2021-06-01",5,"2021-11-01","2022-01-01",2323,33,0.0142057684029272,0.0144148020654045,-4.22497997449578,-3.80673473380674,-0.418245240689035,-0.110329660461367,-0.307915580227667,0.200474033435836,-0.508389613663503,-0.663257137665227,0.154867524001725,-4.3798474984975,0.0123722780486848,0.0144148020654045,0.0217375941071289,0.019511164970081,0.0237394714529503,0.0123722780486848,-0.00222642913704798,0.00422830648286932,-0.0113671934042655,0.00183349035424245,0.0142057684029272
"2021-06-01",6,"2021-12-01","2022-02-01",2261,39,0.0172490048651039,0.0174624226348364,-4.03008729548098,-3.80673473380674,-0.223352561674242,-0.00462210480800024,-0.218730456866242,0.200474033435836,-0.419204490302078,-0.571170004196953,0.151965513894875,-4.18205280937586,0.0150375544867672,0.0174624226348364,0.0217375941071289,0.0216395216911312,0.0263166890566612,0.0150375544867672,-9.8072415997727e-05,0.00467716736553,-0.011279134569894,0.00221145037833675,0.0172490048651039
"2021-06-01",7,"2022-01-01","2022-03-01",2187,40,0.0182898948331047,0.0185100548446069,-3.97075767974592,-3.80673473380674,-0.164022945939176,0.0795860484344686,-0.243608994373644,0.200474033435836,-0.44408302780948,-0.575151865655676,0.131068837846196,-4.10182651759211,0.016273233869518,0.0185100548446069,0.0217375941071289,0.0234959992497771,0.0285627112266115,0.016273233869518,0.00175840514264819,0.0050667119768344,-0.0122894773570935,0.00201666096358669,0.0182898948331047
"2021-06-01",8,"2022-02-01","2022-04-01",2118,46,0.0217186024551464,0.0219443133553563,-3.79705857441614,-3.80673473380674,0.00967615939060185,0.14017796756865,-0.130501808178049,0.200474033435836,-0.330975841613884,-0.323592955257691,-0.007382886356193,-3.78967568805995,0.0221033309962354,0.0219443133553563,0.0217375941071289,0.0249270977186229,0.030292840447885,0.0221033309962354,0.00318950361149392,0.00536574272926213,-0.0081895094516496,-0.000384728541089029,0.0217186024551464
"2021-06-01",9,"2022-03-01","2022-05-01",2037,56,0.0274914089347079,0.0277232580961727,-3.55736877447809,-3.80673473380674,0.249365959328647,0.188722894148899,0.060643065179748,0.200474033435836,-0.139830968256088,-0.0272117273172376,-0.11261924093885,-3.44474953353924,0.0309258258403828,0.0277232580961727,0.0217375941071289,0.026134629384257,0.0317518380145739,0.0309258258403828,0.00439703527712805,0.00561720863031691,-0.000826012174191152,-0.00343441690567485,0.0274914089347079
"2021-06-01",10,"2022-04-01","2022-06-01",1957,75,0.0383239652529382,0.0385597548518897,-3.21622330341907,-3.80673473380674,0.590511430387672,0.249100324734697,0.341411105652974,0.200474033435836,0.140937072217139,0.13946557299406,0.00147149922307843,-3.21769480264215,0.038505239134608,0.0385597548518897,0.0217375941071289,0.0277160988991316,0.0336614694306235,0.038505239134608,0.00597850479200264,0.00594537053149194,0.00484376970398448,-0.00018127388166983,0.0383239652529382
"2021-06-01",11,"2022-05-01","2022-07-01",1900,77,0.0405263157894737,0.0407680168332457,-3.15823507388943,-3.80673473380674,0.648499659917308,0.289264109856582,0.359235550060726,0.200474033435836,0.15876151662489,0.182199961940181,-0.0234384453152911,-3.13479662857414,0.0416945306250455,0.0407680168332457,0.0217375941071289,0.0288192054610655,0.0349926867377433,0.0416945306250455,0.00708161135393656,0.0061734812766778,0.0067018438873022,-0.00116821483557182,0.0405263157894737
"2021-06-01",12,"2022-06-01","2022-08-01",1840,74,0.0402173913043478,0.0404671374253123,-3.16595634141369,-3.80673473380674,0.640778392393055,0.294297372332265,0.34648102006079,0.200474033435836,0.146006986624954,0.163317043844825,-0.0173100572198709,-3.14864628419381,0.0411446515224678,0.0404671374253123,0.0217375941071289,0.0289604143169464,0.0351630493193117,0.0411446515224678,0.00722282020981744,0.00620263500236528,0.0059816022031561,-0.000927260218119931,0.0402173913043478
"2021-06-01",13,"2022-07-01","2022-09-01",1784,74,0.0414798206278027,0.0417366946778711,-3.13374187903215,-3.80673473380674,0.672992854774596,0.303514845354915,0.369478009419681,0.200474033435836,0.169003975983846,0.2976639458145,-0.128659969830654,-3.00508190920149,0.0471968168038093,0.0417366946778712,0.0217375941071289,0.0292207539062206,0.0354771103342718,0.0471968168038093,0.0074831597990917,0.00625635642805116,0.0117197064695375,-0.00571699617600657,0.0414798206278027
"2021-06-01",14,"2022-08-01","2022-10-01",1731,78,0.0450606585788562,0.0453233256351039,-3.04755090763349,-3.80673473380674,0.759183826173256,0.282992614882479,0.476191211290777,0.200474033435836,0.275717177854942,0.288943584343451,-0.0132264064885093,-3.03432450114498,0.0458990746389066,0.0453233256351039,0.0217375941071289,0.028644192466134,0.0347815261477014,0.0458990746389066,0.0069065983590051,0.00613733368156732,0.0111175484912053,-0.000838416060050466,0.0450606585788562
"2021-06-01",15,"2022-09-01","2022-11-01",1679,78,0.0464562239428231,0.0467261904761905,-3.01559734426085,-3.80673473380674,0.791137389545891,0.290285959980498,0.500851429565393,0.200474033435836,0.300377396129558,0.299585493365441,0.000791902764116337,-3.01638924702497,0.046690929526021,0.0467261904761905,0.0217375941071289,0.0288478194500509,0.0350272091766267,0.046690929526021,0.00711022534292199,0.00617938972657578,0.0116637203493943,-0.000234705583197922,0.0464562239428231
"2021-06-01",16,"2022-10-01","2022-12-01",1614,79,0.0489467162329616,0.0492260061919505,-2.96085431822059,-3.80673473380674,0.845880415586151,0.255943184868061,0.58993723071809,0.200474033435836,0.389463197282254,0.328594061749957,0.0608691355322971,-3.02172345375289,0.0464540725474027,0.0492260061919505,0.0217375941071289,0.02790109687394,0.0338847682456167,0.0464540725474027,0.00616350276681102,0.00598367137167671,0.0125693043017861,0.00249264368555885,0.0489467162329616
"2021-06-01",17,"2022-11-01","2023-01-01",1549,94,0.0606843124596514,0.0609677419354839,-2.73450492868598,-3.80673473380674,1.07222980512076,0.264080020949498,0.808149784171262,0.200474033435836,0.607675750735427,0.422005802626359,0.185669948109068,-2.92017487679505,0.0511652104489159,0.0609677419354839,0.0217375941071289,0.028122639040942,0.0341521531545809,0.0511652104489159,0.00638504493381307,0.00602951411363889,0.017013057294335,0.0095191020107355,0.0606843124596514
"2021-06-01",18,"2022-12-01","2023-02-01",1500,98,0.0653333333333333,0.0656229180546302,-2.65595508921881,-3.80673473380674,1.15077964458793,0.253616829857505,0.897162814730428,0.200474033435836,0.696688781294593,0.487599424379471,0.209089356915121,-2.86504444613393,0.0539088405112142,0.0656229180546303,0.0217375941071289,0.0278380692675519,0.0338086938393053,0.0539088405112142,0.00610047516042296,0.00597062457175343,0.0201001466719088,0.0114244928221192,0.0653333333333333
"2021-06-01",19,"2023-01-01","2023-03-01",1451,95,0.0654720882150241,0.065771349862259,-2.6535368846123,-3.80673473380674,1.15319784919444,0.241048700025503,0.912149149168937,0.200474033435836,0.711675115733101,0.426373509370134,0.285301606362967,-2.93883849097527,0.0502666946210316,0.065771349862259,0.0217375941071289,0.0274999475031061,0.0334005442903328,0.0502666946210316,0.00576235339597715,0.0059005967872267,0.0168661503306988,0.0152053935939925,0.0654720882150241
"2021-06-01",20,"2023-02-01","2023-04-01",1395,70,0.0501792114695341,0.0505014326647565,-2.93393231591086,-3.80673473380674,0.872802417895884,0.19016434378928,0.682638074106604,0.200474033435836,0.482164040670769,0.39168808486067,0.0904759558100985,-3.02440827172096,0.0463352903155947,0.0505014326647565,0.0217375941071289,0.0261713416691865,0.0317961833739857,0.0463352903155947,0.00443374756205756,0.00562484170479922,0.014539106941609,0.00384392115393936,0.0501792114695341
"2021-06-01",21,"2023-03-01","2023-05-01",1350,61,0.0451851851851852,0.0455218356772761,-3.04297265050893,-3.80673473380674,0.763762083297814,0.159736706239509,0.604025377058305,0.200474033435836,0.403551343622469,0.346482791206875,0.0570685524155946,-3.10004120292452,0.0431055553928433,0.0455218356772761,0.0217375941071289,0.0254069305137959,0.0308726905284678,0.0431055553928433,0.00366933640666691,0.00546576001467196,0.0122328648643755,0.00207962979234185,0.0451851851851852
"2021-06-01",22,"2023-04-01","2023-06-01",1270,49,0.0385826771653543,0.0389457120377655,-3.20586222112315,-3.80673473380674,0.600872512683591,0.116545108534489,0.484327404149101,0.200474033435836,0.283853370713265,0.319348850535649,-0.0354954798223837,-3.17036674130077,0.0402962302489118,0.0389457120377655,0.0217375941071289,0.0243590873272493,0.0296062740594182,0.0402962302489118,0.00262149322012033,0.00524718673216898,0.0106899561894936,-0.00171355308355747,0.0385826771653543
"2021-06-01",23,"2023-05-01","2023-07-01",1218,51,0.041871921182266,0.042247744052502,-3.12103818187336,-3.80673473380674,0.685696551933379,0.134096448024832,0.551600103908547,0.200474033435836,0.351126070472712,0.292095942153473,0.0590301283192391,-3.1800683101926,0.0399227156165042,0.042247744052502,0.0217375941071289,0.0247797081878399,0.0301147040921271,0.0399227156165042,0.00304211408071098,0.00533499590428716,0.00980801152437709,0.00194920556576184,0.041871921182266
"2021-06-01",24,"2023-06-01","2023-08-01",1179,41,0.0347752332485157,0.0351694915254237,-3.31177345826714,-3.80673473380674,0.4949612755396,0.136933913842919,0.35802736169668,0.200474033435836,0.157553328260845,0.239383581080561,-0.0818302528197166,-3.22994320544742,0.0380543260488753,0.0351694915254237,0.0217375941071289,0.024848370001482,0.0301976908400852,0.0380543260488753,0.00311077589435308,0.00534932083860322,0.00785663520879001,-0.00327909280035956,0.0347752332485157
"2021-06-01",25,"2023-07-01","2023-09-01",1145,46,0.040174672489083,0.0405759162303665,-3.16315849740151,-3.80673473380674,0.643576236405236,0.153144376103385,0.490431860301851,0.200474033435836,0.289957826866016,0.191184517457473,0.0987733094085421,-3.26193180681005,0.0369004936566552,0.0405759162303665,0.0217375941071289,0.025244204774237,0.0306760596828677,0.0369004936566552,0.00350661066710802,0.00543185490863075,0.00622443397378751,0.00327417883242774,0.040174672489083
"2021-06-01",26,"2023-08-01","2023-10-01",1115,40,0.0358744394618834,0.0362903225806452,-3.27923897459529,-3.80673473380674,0.52749575921145,0.150824454081345,0.376671305130104,0.200474033435836,0.176197271694269,0.0714730267921096,0.104724244902159,-3.38396321949745,0.0328004303223365,0.0362903225806452,0.0217375941071289,0.0251871814349458,0.0306071517684548,0.0328004303223365,0.00344958732781681,0.00541997033350907,0.00219327855388165,0.00307400913954694,0.0358744394618834
"2021-06-01",27,"2023-09-01","2023-11-01",1090,46,0.0422018348623853,0.0426214482126489,-3.11184126840331,-3.80673473380674,0.694893465403431,0.182987039848669,0.511906425554762,0.200474033435836,0.311432392118927,0.0139751005053017,0.297457291613625,-3.40929856001693,0.0320061221814803,0.0426214482126489,0.0217375941071289,0.0259890387722965,0.0315759696969254,0.0320061221814803,0.00425144466516755,0.0055869309246289,0.000430152484554865,0.0101957126809051,0.0422018348623853
"2021-06-01",28,"2023-10-01","2023-12-01",1053,33,0.0313390313390313,0.0317836812144213,-3.41650254341888,-3.80673473380674,0.390232190387862,0.161161887237147,0.229070303150715,0.200474033435836,0.0285962697148798,-0.0250776381505152,0.053673907865395,-3.47017645128427,0.0301728176664327,0.0317836812144213,0.0217375941071289,0.0254422438960924,0.0309153598486529,0.0301728176664327,0.00370464978896346,0.00547311595256048,-0.0007425421822202,0.00116621367259866,0.0313390313390313
"2021-06-01",29,"2023-11-01","2024-01-01",1025,33,0.0321951219512195,0.0326510721247563,-3.38868157373032,-3.80673473380674,0.418053160076417,0.142171123824215,0.275882036252201,0.200474033435836,0.0754080028163656,-0.0172058636289703,0.092613866445336,-3.48129544017566,0.0298491433677998,0.0326510721247563,0.0217375941071289,0.024975588751243,0.0303514446259785,0.0298491433677998,0.00323799464411409,0.00537585587473548,-0.000502301258178673,0.00234597858341967,0.0321951219512195
"2021-06-01",30,"2023-12-01","2024-02-01",994,30,0.0301810865191147,0.0306532663316583,-3.45388314873242,-3.80673473380674,0.352851585074323,0.125435575789942,0.227416009284381,0.200474033435836,0.0269419758485457,0.0189999931988004,0.00794198264974539,-3.46182513138216,0.0304181586995053,0.0306532663316583,0.0217375941071289,0.0245712715617039,0.0298627658596336,0.0304181586995053,0.00283367745457492,0.00529149429792975,0.000555392839871723,-0.000237072180390652,0.0301810865191147
"2021-06-01",31,"2024-01-01","2024-03-01",973,37,0.0380267214799589,0.0385010266940452,-3.21780858890778,-3.80673473380674,0.588926144898963,0.116476719657313,0.47244942524165,0.200474033435836,0.271975391805814,0.0600410097677618,0.211934382038053,-3.42974297094583,0.0313787434786793,0.0385010266940452,0.0217375941071289,0.0243574620690612,0.0296043093277862,0.0313787434786793,0.00261986796193227,0.00524684725872494,0.00177443415089317,0.00664797800127956,0.0380267214799589
"2021-06-01",32,"2024-02-01","2024-04-01",953,43,0.0451206715634837,0.0455974842767296,-3.04123296107302,-3.80673473380674,0.765501772733717,0.132416258675008,0.633085514058709,0.200474033435836,0.432611480622873,0.0401744278599255,0.392437052762948,-3.43367001383597,0.0312596038791475,0.0455974842767296,0.0217375941071289,0.0247391376828066,0.03006566816825,0.0312596038791475,0.00300154357567763,0.00532653048544345,0.00119393571089751,0.0138610676843362,0.0451206715634837
"2021-06-01",33,"2024-03-01","2024-05-01",922,42,0.0455531453362256,0.0460455037919827,-3.03098585200589,-3.80673473380674,0.775748881800852,0.139526428591446,0.636222453209406,0.200474033435836,0.43574841977357,-0.0867707337031682,0.522519153476738,-3.55350500548263,0.0278275950102798,0.0460455037919826,0.0217375941071289,0.0249112664840387,0.0302737072264383,0.0278275950102798,0.0031736723769098,0.00536244074239958,-0.00244611221615848,0.0177255503259458,0.0455531453362256
"2021-06-01",34,"2024-04-01","2024-06-01",893,32,0.0358342665173572,0.0363534675615213,-3.27743496663229,-3.80673473380674,0.529299767174449,0.131428628410337,0.397871138764112,0.200474033435836,0.197397105328277,-0.166238059830077,0.363635165158353,-3.64107013179065,0.0255541273046477,0.0363534675615213,0.0217375941071289,0.0247153201974912,0.0300368805305867,0.0255541273046477,0.00297772609036222,0.0053215603330955,-0.00448275322593894,0.0102801392127095,0.0358342665173572
"2021-07-01",1,"2021-08-01","2021-10-01",2525,6,0.00237623762376238,0.00257323832145685,-5.96001357121906,-3.80673473380674,-2.15327883741232,-1.7073653881347,-0.445913449277622,0.135073310451643,-0.580986759729265,-0.603066826573219,0.0220800668439541,-5.98209363806302,0.00251718517282575,0.00257323832145685,0.0217375941071289,0.00401337969127483,0.0045911326723309,0.00251718517282575,-0.0177242144158541,0.000577752981056073,-0.00207394749950516,-0.000140947549063373,0.00237623762376238
"2021-07-01",2,"2021-09-01","2021-11-01",2485,12,0.00482897384305835,0.00502815768302494,-5.28766078635951,-3.80673473380674,-1.48092605255277,-0.802500335743768,-0.678425716808999,0.135073310451643,-0.813499027260642,-0.597629828619684,-0.215869198640958,-5.07179158771855,0.00623209217180718,0.00502815768302493,0.0217375941071289,0.00986122148763851,0.011271283790824,0.00623209217180718,-0.0118763726194904,0.0014100623031855,-0.00503919161901682,-0.00140311832874883,0.00482897384305835
"2021-07-01",3,"2021-10-01","2021-12-01",2436,17,0.00697865353037767,0.00718096019696348,-4.92911530530391,-3.80673473380674,-1.12238057149716,-0.337459829206784,-0.78492074229038,0.135073310451643,-0.919994052742023,-0.643647475931096,-0.276346576810928,-4.65276872849298,0.00944510443611467,0.00718096019696348,0.0217375941071289,0.0156087071675435,0.0178258102782206,0.00944510443611467,-0.00612888693958539,0.00221710311067709,-0.00838070584210597,-0.002466450905737,0.00697865353037767
"2021-07-01",4,"2021-11-01","2022-01-01",2372,19,0.00801011804384486,0.00821744627054362,-4.7932443952715,-3.80673473380674,-0.986509661464755,-0.182480278425218,-0.804029383039537,0.135073310451643,-0.93910269349118,-0.663257137665227,-0.275845555825952,-4.51739883944554,0.0107994825324346,0.00821744627054362,0.0217375941071289,0.0181776956171205,0.0207520122092781,0.0107994825324346,-0.00355989849000843,0.0025743165921576,-0.00995252967684354,-0.00278936448858972,0.00801011804384486
"2021-07-01",5,"2021-12-01","2022-02-01",2301,21,0.0091264667535854,0.00933970460469157,-4.66409706101814,-3.80673473380674,-0.857362327211397,-0.110329660461367,-0.747032666750029,0.135073310451643,-0.882105977201672,-0.571170004196953,-0.31093597300472,-4.35316108801342,0.0127026442234488,0.00933970460469157,0.0217375941071289,0.019511164970081,0.0222700434003792,0.0127026442234488,-0.00222642913704798,0.0027588784302982,-0.00956739917693033,-0.00357617746986344,0.0091264667535854
"2021-07-01",6,"2022-01-01","2022-03-01",2242,27,0.012042818911686,0.0122603655818101,-4.38904738596702,-3.80673473380674,-0.582312652160278,-0.00462210480800024,-0.577690547352278,0.135073310451643,-0.712763857803921,-0.575151865655676,-0.137611992148245,-4.25143539381877,0.014043737976393,0.0122603655818101,0.0217375941071289,0.0216395216911312,0.0246917708784668,0.014043737976393,-9.8072415997727e-05,0.00305224918733559,-0.0106480329020738,-0.00200091906470701,0.012042818911686
"2021-07-01",7,"2022-02-01","2022-04-01",2169,35,0.0161364684186261,0.0163594470046083,-4.09645500971665,-3.80673473380674,-0.289720275909906,0.0795860484344686,-0.369306324344374,0.135073310451643,-0.504379634796017,-0.323592955257691,-0.180786679538326,-3.91566833017832,0.0195378902682158,0.0163594470046083,0.0217375941071289,0.0234959992497771,0.0268029304016679,0.0195378902682158,0.00175840514264819,0.00330693115189077,-0.00726504013345214,-0.00340142184958967,0.0161364684186261
"2021-07-01",8,"2022-03-01","2022-05-01",2103,56,0.0266286257727057,0.0268536121673004,-3.59013417757483,-3.80673473380674,0.216600556231912,0.14017796756865,0.0764225886632618,0.135073310451643,-0.0586507217883814,-0.0272117273172376,-0.0314389944711438,-3.55869518310368,0.0276875275653563,0.0268536121673004,0.0217375941071289,0.0249270977186229,0.0284295839726089,0.0276875275653563,0.00318950361149392,0.00350248625398605,-0.000742056407252573,-0.00105890179265068,0.0266286257727057
"2021-07-01",9,"2022-04-01","2022-06-01",2059,74,0.0359397765905779,0.0361650485436893,-3.28282692518579,-3.80673473380674,0.523907808620949,0.188722894148899,0.33518491447205,0.135073310451643,0.200111604020407,0.13946557299406,0.0606460310263466,-3.34347295621214,0.034109552044007,0.0361650485436893,0.0217375941071289,0.026134629384257,0.0298015992515417,0.034109552044007,0.00439703527712805,0.00366696986728471,0.00430795279246532,0.00183022454657093,0.0359397765905779
"2021-07-01",10,"2022-05-01","2022-07-01",1972,92,0.0466531440162272,0.0468829194120629,-3.01208433339201,-3.80673473380674,0.79465040041473,0.249100324734697,0.545550075680032,0.135073310451643,0.410476765228389,0.182199961940181,0.228276803288208,-3.24036113668022,0.0376747951657232,0.0468829194120629,0.0217375941071289,0.0277160988991316,0.0315977663502884,0.0376747951657232,0.00597850479200264,0.00388166745115681,0.00607702881543482,0.00897834885050396,0.0466531440162272
"2021-07-01",11,"2022-06-01","2022-08-01",1901,97,0.0510257759074172,0.0512618296529968,-2.91818644607904,-3.80673473380674,0.8885482877277,0.289264109856582,0.599284177871118,0.135073310451643,0.464210867419474,0.163317043844825,0.300893823574649,-3.21908026965369,0.0384539783470649,0.0512618296529969,0.0217375941071289,0.0288192054610655,0.0328501443645995,0.0384539783470649,0.00708161135393656,0.00403093890353395,0.00560383398246544,0.0125717975603523,0.0510257759074172
"2021-07-01",12,"2022-07-01","2022-09-01",1835,96,0.0523160762942779,0.0525599128540305,-2.89180998624706,-3.80673473380674,0.914924747559684,0.294297372332265,0.620627375227419,0.135073310451643,0.485554064775776,0.2976639458145,0.187890118961276,-3.07970010520833,0.0439524154320522,0.0525599128540305,0.0217375941071289,0.0289604143169464,0.0330104327547761,0.0439524154320522,0.00722282020981744,0.00405001843782967,0.0109419826772762,0.0083636608622257,0.0523160762942779
"2021-07-01",13,"2022-08-01","2022-10-01",1767,94,0.0531975099037917,0.0534502262443439,-2.87407268615168,-3.80673473380674,0.932662047655057,0.303514845354915,0.629147202300142,0.135073310451643,0.494073891848499,0.288943584343451,0.205130307505048,-3.07920299365673,0.0439733090943198,0.0534502262443439,0.0217375941071289,0.0292207539062206,0.0333059312225025,0.0439733090943198,0.0074831597990917,0.00408517731628188,0.0106673778718173,0.00922420080947194,0.0531975099037917
"2021-07-01",14,"2022-09-01","2022-11-01",1707,81,0.0474516695957821,0.0477166276346604,-2.99358272566659,-3.80673473380674,0.813152008140152,0.282992614882479,0.530159393257673,0.135073310451643,0.39508608280603,0.299585493365441,0.0955005894405885,-3.08908331510718,0.0435598102293559,0.0477166276346604,0.0217375941071289,0.028644192466134,0.0326514753175661,0.0435598102293559,0.0069065983590051,0.00400728285143207,0.0109083349117898,0.00389185936642614,0.0474516695957821
"2021-07-01",15,"2022-10-01","2022-12-01",1655,84,0.0507552870090634,0.0510265700483092,-2.92303432187449,-3.80673473380674,0.883700411932247,0.290285959980498,0.593414451951749,0.135073310451643,0.458341141500106,0.328594061749957,0.129747079750149,-3.05278140162464,0.0450975442179979,0.0510265700483092,0.0217375941071289,0.0288478194500509,0.0328826250796115,0.0450975442179979,0.00711022534292199,0.00403480562956061,0.0122149191383864,0.00565774279106551,0.0507552870090634
"2021-07-01",16,"2022-11-01","2023-01-01",1580,80,0.0506329113924051,0.0509171410499684,-2.9252964804559,-3.80673473380674,0.881438253350837,0.255943184868061,0.625495068482776,0.135073310451643,0.490421758031133,0.422005802626359,0.0684159554047739,-2.99371243586068,0.0477107339814922,0.0509171410499684,0.0217375941071289,0.02790109687394,0.0318078258709005,0.0477107339814922,0.00616350276681102,0.00390672899696054,0.0159029081105917,0.00292217741091288,0.0506329113924051
"2021-07-01",17,"2022-12-01","2023-02-01",1518,86,0.0566534914361001,0.0569453587886768,-2.80703203465106,-3.80673473380674,0.99970269915568,0.264080020949498,0.735622678206182,0.135073310451643,0.600549367754539,0.487599424379471,0.112949943375068,-2.91998197802613,0.0511745759802686,0.0569453587886768,0.0217375941071289,0.028122639040942,0.0320593654697676,0.0511745759802686,0.00638504493381307,0.00393672642882556,0.0191152105105011,0.00547891545583151,0.0566534914361001
"2021-07-01",18,"2023-01-01","2023-03-01",1463,73,0.0498974709501025,0.0502049180327869,-2.94013326745523,-3.80673473380674,0.866601466351513,0.253616829857505,0.612984636494008,0.135073310451643,0.477911326042364,0.426373509370134,0.0515378166722306,-2.99167108412746,0.0478035672922284,0.0502049180327869,0.0217375941071289,0.0278380692675519,0.0317362612162325,0.0478035672922284,0.00610047516042296,0.00389819194868064,0.0160673060759959,0.00209390365787411,0.0498974709501025
"2021-07-01",19,"2023-02-01","2023-04-01",1415,66,0.046643109540636,0.0469632768361582,-3.01028748479625,-3.80673473380674,0.79644724901049,0.241048700025503,0.555398548984988,0.135073310451643,0.420325238533344,0.39168808486067,0.0286371536726739,-3.03892463846893,0.0456980441095998,0.0469632768361582,0.0217375941071289,0.0274999475031061,0.0313523188940674,0.0456980441095998,0.00576235339597715,0.00385237139096134,0.0143457252155324,0.00094506543103625,0.046643109540636
"2021-07-01",20,"2023-03-01","2023-05-01",1358,50,0.0368188512518409,0.0371596762325239,-3.25466338568889,-3.80673473380674,0.552071348117855,0.19016434378928,0.361907004328575,0.135073310451643,0.226833693876932,0.346482791206875,-0.119649097329943,-3.13501428835894,0.0416858346571251,0.0371596762325239,0.0217375941071289,0.0261713416691865,0.0298433048131763,0.0416858346571251,0.00443374756205756,0.00367196314398976,0.0118425298439488,-0.00486698340528414,0.0368188512518409
"2021-07-01",21,"2023-04-01","2023-06-01",1318,49,0.0371775417298938,0.0375284306292646,-3.24440573157009,-3.80673473380674,0.562329002236653,0.159736706239509,0.402592295997144,0.135073310451643,0.2675189855455,0.319348850535649,-0.0518298649901486,-3.19257586657994,0.0394460639123709,0.0375284306292646,0.0217375941071289,0.0254069305137959,0.0289748342340287,0.0394460639123709,0.00366933640666691,0.00356790372023288,0.0104712296783422,-0.00226852218247715,0.0371775417298938
"2021-07-01",22,"2023-05-01","2023-07-01",1262,45,0.0356576862123613,0.0360253365003959,-3.28684252899984,-3.80673473380674,0.519892204806901,0.116545108534489,0.403347096272412,0.135073310451643,0.268273785820769,0.292095942153473,-0.0238221563327042,-3.26302037266714,0.0368618267773118,0.0360253365003959,0.0217375941071289,0.0243590873272493,0.0277840370533321,0.0368618267773118,0.00262149322012033,0.00342494972608284,0.00907778972397971,-0.00120414056495049,0.0356576862123613
"2021-07-01",23,"2023-06-01","2023-08-01",1209,46,0.0380479735318445,0.0384297520661157,-3.21973567014904,-3.80673473380674,0.586999063657705,0.134096448024832,0.452902615632874,0.135073310451643,0.317829305181231,0.239383581080561,0.0784457241006691,-3.2981813942497,0.0356336308646131,0.0384297520661157,0.0217375941071289,0.0247797081878399,0.0282620851172817,0.0356336308646131,0.00304211408071098,0.00348237692944178,0.00737154574733139,0.0024143426672314,0.0380479735318445
"2021-07-01",24,"2023-07-01","2023-09-01",1174,46,0.0391822827938671,0.0395744680851064,-3.18919228366428,-3.80673473380674,0.617542450142461,0.136933913842919,0.480608536299542,0.135073310451643,0.345535225847899,0.191184517457473,0.154350708390426,-3.34354299205471,0.0341072447120863,0.0395744680851064,0.0217375941071289,0.024848370001482,0.0283401157996759,0.0341072447120863,0.00311077589435308,0.00349174579819386,0.00576712891241041,0.00507503808178082,0.0391822827938671
"2021-07-01",25,"2023-08-01","2023-10-01",1129,42,0.0372010628875111,0.0376106194690266,-3.24213268703247,-3.80673473380674,0.564602046774273,0.153144376103385,0.411457670670889,0.135073310451643,0.276384360219245,0.0714730267921096,0.204911333427136,-3.4470440204596,0.0308571353608018,0.0376106194690265,0.0217375941071289,0.025244204774237,0.0287899319123855,0.0308571353608018,0.00350661066710802,0.00354572713814858,0.00206720344841626,0.00634392752670927,0.0372010628875111
"2021-07-01",26,"2023-09-01","2023-11-01",1093,43,0.0393412625800549,0.0397623400365631,-3.18426058219042,-3.80673473380674,0.622474151616325,0.150824454081345,0.47164969753498,0.135073310451643,0.336576387083336,0.0139751005053017,0.322601286578035,-3.50686186876845,0.0291176191551251,0.0397623400365631,0.0217375941071289,0.0251871814349458,0.0287251352691604,0.0291176191551251,0.00344958732781681,0.00353795383421465,0.000392483885964742,0.0102236434249298,0.0393412625800549
"2021-07-01",27,"2023-10-01","2023-12-01",1064,42,0.0394736842105263,0.039906103286385,-3.18050181198659,-3.80673473380674,0.626232921820156,0.182987039848669,0.443245881971487,0.135073310451643,0.308172571519843,-0.0250776381505152,0.333250209670359,-3.51375202165694,0.0289234667116141,0.039906103286385,0.0217375941071289,0.0259890387722965,0.0296362023622438,0.0289234667116141,0.00425144466516755,0.0036471635899473,-0.000712735650629705,0.0105502174989122,0.0394736842105263
"2021-07-01",28,"2023-11-01","2024-01-01",1029,42,0.0408163265306122,0.0412621359223301,-3.14567242084491,-3.80673473380674,0.661062312961835,0.161161887237147,0.499900425724688,0.135073310451643,0.364827115273045,-0.0172058636289703,0.382032978902015,-3.52770539974692,0.028534125081446,0.0412621359223301,0.0217375941071289,0.0254422438960924,0.0290149590481222,0.028534125081446,0.00370464978896346,0.00357271515202977,-0.000480833966676208,0.0122822014491663,0.0408163265306122
"2021-07-01",29,"2023-12-01","2024-02-01",996,41,0.0411646586345382,0.0416248746238716,-3.13654133644367,-3.80673473380674,0.670193397363066,0.142171123824215,0.528022273538851,0.135073310451643,0.392948963087208,0.0189999931988004,0.373948969888407,-3.51049030633208,0.0290152190808516,0.0416248746238716,0.0217375941071289,0.024975588751243,0.028484689400748,0.0290152190808516,0.00323799464411409,0.003509100649505,0.000530529680103541,0.0121494395536866,0.0411646586345382
"2021-07-01",30,"2024-01-01","2024-03-01",965,39,0.0404145077720207,0.0408902691511387,-3.15511337381834,-3.80673473380674,0.651621359988403,0.125435575789942,0.526185784198461,0.135073310451643,0.391112473746818,0.0600410097677618,0.331071463979056,-3.48618483779739,0.0297078803608461,0.0408902691511387,0.0217375941071289,0.0245712715617039,0.0280251979628789,0.0297078803608461,0.00283367745457492,0.00345392640117505,0.00168268239796716,0.0107066274111747,0.0404145077720207
"2021-07-01",31,"2024-02-01","2024-04-01",936,37,0.0395299145299145,0.0400213447171825,-3.17749812041422,-3.80673473380674,0.629236613392519,0.116476719657313,0.512759893735205,0.135073310451643,0.377686583283562,0.0401744278599255,0.337512155423637,-3.51501027583786,0.0288881471922711,0.0400213447171825,0.0217375941071289,0.0243574620690612,0.027782189786871,0.0288881471922711,0.00261986796193227,0.00342472771780975,0.00110595740540015,0.0106417673376434,0.0395299145299145
"2021-07-01",32,"2024-03-01","2024-05-01",917,28,0.0305343511450382,0.0310457516339869,-3.44075541983129,-3.80673473380674,0.365979313975456,0.132416258675008,0.233563055300448,0.135073310451643,0.098489744848805,-0.0867707337031682,0.185260478551973,-3.62601589838326,0.025931684022935,0.0310457516339869,0.0217375941071289,0.0247391376828066,0.0282159780621854,0.025931684022935,0.00300154357567763,0.00347684037937887,-0.00228429403925046,0.00460266712210318,0.0305343511450382
"2021-07-01",33,"2024-04-01","2024-06-01",895,26,0.0290502793296089,0.0295758928571429,-3.49077360080216,-3.80673473380674,0.31596113300458,0.139526428591446,0.176434704413134,0.135073310451643,0.0413613939614911,-0.166238059830077,0.207599453791568,-3.69837305459373,0.0241653573699763,0.0295758928571429,0.0217375941071289,0.0249112664840387,0.0284115931194822,0.0241653573699763,0.0031736723769098,0.0035003266354435,-0.00424623574950599,0.00488492195963268,0.0290502793296089
"2021-07-01",34,"2024-05-01","2024-07-01",873,27,0.0309278350515464,0.0314645308924485,-3.42692419690066,-3.80673473380674,0.379810536906077,0.131428628410337,0.24838190849574,0.135073310451643,0.113308598044097,-0.137386364523851,0.250694962567948,-3.67761915946861,0.0246596264999325,0.0314645308924485,0.0217375941071289,0.0247153201974912,0.0281889100161703,0.0246596264999325,0.00297772609036222,0.0034735898186791,-0.00352928351623772,0.00626820855161385,0.0309278350515464
"2021-08-01",1,"2021-09-01","2021-11-01",2558,9,0.00351837372947615,0.00371238765142634,-5.59236074188872,-3.80673473380674,-1.78562600808197,-1.7073653881347,-0.0782606199472753,0.256382388503273,-0.334643008450549,-0.597629828619684,0.262986820169135,-5.85534756205785,0.00285635767242076,0.00371238765142634,0.0217375941071289,0.00401337969127483,0.00518020111429456,0.00285635767242076,-0.0177242144158541,0.00116682142301973,-0.00232384344187379,0.000662016057055389,0.00351837372947615
"2021-08-01",2,"2021-10-01","2021-12-01",2506,15,0.00598563447725459,0.00618268847227762,-5.07980019379626,-3.80673473380674,-1.27306545998952,-0.802500335743768,-0.47056512424575,0.256382388503273,-0.726947512749023,-0.643647475931096,-0.0833000368179273,-4.99650015697833,0.00671615829536081,0.00618268847227762,0.0217375941071289,0.00986122148763851,0.0127065126250765,0.00671615829536081,-0.0118763726194904,0.00284529113743797,-0.00599035432971567,-0.000730523818106218,0.00598563447725459
"2021-08-01",3,"2021-11-01","2022-01-01",2459,22,0.00894672631150874,0.00914634146341463,-4.68521289366163,-3.80673473380674,-0.878478159854887,-0.337459829206784,-0.541018330648103,0.256382388503273,-0.797400719151376,-0.663257137665227,-0.134143581486149,-4.55106931217548,0.0104456474601548,0.00914634146341463,0.0217375941071289,0.0156087071675435,0.0200787105483644,0.0104456474601548,-0.00612888693958539,0.00447000338082084,-0.00963306308820961,-0.00149892114864604,0.00894672631150874
"2021-08-01",4,"2021-12-01","2022-02-01",2379,25,0.0105086170659941,0.0107142857142857,-4.52540521751923,-3.80673473380674,-0.718670483712487,-0.182480278425218,-0.536190205287269,0.256382388503273,-0.792572593790542,-0.571170004196953,-0.22140258959359,-4.30400262792564,0.0133341551237573,0.0107142857142857,0.0217375941071289,0.0181776956171205,0.0233659399300207,0.0133341551237573,-0.00355989849000843,0.0051882443129002,-0.0100317848062634,-0.0028255380577632,0.0105086170659941
"2021-08-01",5,"2022-01-01","2022-03-01",2300,25,0.0108695652173913,0.0110821382007823,-4.49127663529232,-3.80673473380674,-0.684541901485574,-0.110329660461367,-0.574212241024207,0.256382388503273,-0.83059462952748,-0.575151865655676,-0.255442763871804,-4.23583387142051,0.0142614105377037,0.0110821382007823,0.0217375941071289,0.019511164970081,0.0250702873263773,0.0142614105377037,-0.00222642913704798,0.00555912235629638,-0.0108088767886736,-0.00339184532031244,0.0108695652173913
"2021-08-01",6,"2022-02-01","2022-04-01",2251,33,0.0146601510439805,0.0148756660746004,-4.19304113198794,-3.80673473380674,-0.386306398181202,-0.00462210480800024,-0.381684293373202,0.256382388503273,-0.638066681876475,-0.323592955257691,-0.314473726618784,-3.87856740536916,0.0202614158392231,0.0148756660746004,0.0217375941071289,0.0216395216911312,0.0277878693715436,0.0202614158392231,-9.8072415997727e-05,0.0061483476804124,-0.00752645353232047,-0.00560126479524268,0.0146601510439805
"2021-08-01",7,"2022-03-01","2022-05-01",2161,54,0.024988431281814,0.0252081406105458,-3.65505698820681,-3.80673473380674,0.151677745599929,0.0795860484344686,0.0720916971654606,0.256382388503273,-0.184290691337813,-0.0272117273172376,-0.157078964020575,-3.49797802418624,0.0293698168636637,0.0252081406105458,0.0217375941071289,0.0234959992497771,0.0301555621403866,0.0293698168636637,0.00175840514264819,0.00665956289060946,-0.000785745276722885,-0.00438138558184973,0.024988431281814
"2021-08-01",8,"2022-04-01","2022-06-01",2107,77,0.0365448504983389,0.0367647058823529,-3.26575941076705,-3.80673473380674,0.54097532303969,0.14017796756865,0.40079735547104,0.256382388503273,0.144414966967766,0.13946557299406,0.00494939397370611,-3.27070880474076,0.0365898339770326,0.0367647058823529,0.0217375941071289,0.0249270977186229,0.0319789989520621,0.0365898339770326,0.00318950361149392,0.00705190123343924,0.0046108350249705,-4.49834786937359e-05,0.0365448504983389
"2021-08-01",9,"2022-05-01","2022-07-01",2052,88,0.0428849902534113,0.0431076473453483,-3.09999048698463,-3.80673473380674,0.70674424682211,0.188722894148899,0.518021352673212,0.256382388503273,0.261638964169938,0.182199961940181,0.0794390022297572,-3.17942948921439,0.0399472081147216,0.0431076473453483,0.0217375941071289,0.026134629384257,0.0335164002471198,0.0399472081147216,0.00439703527712805,0.00738177086286286,0.00643080786760174,0.00293778213868972,0.0428849902534113
"2021-08-01",10,"2022-06-01","2022-08-01",1947,86,0.0441705187467899,0.0444045174537988,-3.06899347937494,-3.80673473380674,0.737741254431803,0.249100324734697,0.488640929697106,0.256382388503273,0.232258541193833,0.163317043844825,0.0689414973490078,-3.13793497672395,0.041569314686393,0.0444045174537988,0.0217375941071289,0.0277160988991316,0.035528262571925,0.041569314686393,0.00597850479200264,0.00781216367279339,0.00604105211446798,0.00260120406039698,0.0441705187467899
"2021-08-01",11,"2022-07-01","2022-09-01",1874,90,0.048025613660619,0.0482666666666667,-2.98154369222433,-3.80673473380674,0.825191041582407,0.289264109856582,0.535926931725825,0.256382388503273,0.279544543222551,0.2976639458145,-0.0181194025919483,-2.96342428963239,0.0491058635657458,0.0482666666666667,0.0217375941071289,0.0288192054610655,0.0369304849249885,0.0491058635657458,0.00708161135393656,0.008111279463923,0.0121753786407573,-0.00108024990512677,0.048025613660619
"2021-08-01",12,"2022-08-01","2022-10-01",1810,91,0.0502762430939227,0.0505245720596356,-2.93344985759085,-3.80673473380674,0.873284876215896,0.294297372332265,0.578987503883631,0.256382388503273,0.322605115380357,0.288943584343451,0.0336615310369063,-2.96711138862775,0.0489339823495736,0.0505245720596356,0.0217375941071289,0.0289604143169464,0.0371099189170427,0.0489339823495736,0.00722282020981744,0.0081495046000963,0.0118240634325309,0.0013422607443491,0.0502762430939227
"2021-08-01",13,"2022-09-01","2022-11-01",1743,92,0.0527825588066552,0.0530389908256881,-2.88223060031246,-3.80673473380674,0.924504133494276,0.303514845354915,0.620989288139362,0.256382388503273,0.364606899636088,0.299585493365441,0.065021406270647,-2.94725200658311,0.0498665502147656,0.0530389908256881,0.0217375941071289,0.0292207539062206,0.0374406937540762,0.0498665502147656,0.0074831597990917,0.00821993984785556,0.0124258564606894,0.00291600859188963,0.0527825588066552
"2021-08-01",14,"2022-10-01","2022-12-01",1676,90,0.0536992840095465,0.0539654144305307,-2.86393576031737,-3.80673473380674,0.942798973489372,0.282992614882479,0.659806358606893,0.256382388503273,0.403423970103619,0.328594061749957,0.0748299083536623,-2.93876566867103,0.0502701712683493,0.0539654144305307,0.0217375941071289,0.028644192466134,0.0367080756562367,0.0502701712683493,0.0069065983590051,0.0080638831901027,0.0135620956121125,0.00342911274119726,0.0536992840095465
"2021-08-01",15,"2022-11-01","2023-01-01",1626,94,0.0578105781057811,0.0580823601720959,-2.78605583331067,-3.80673473380674,1.02067890049607,0.290285959980498,0.730392940515574,0.256382388503273,0.474010552012301,0.422005802626359,0.0520047493859418,-2.83806058269661,0.0553017723622786,0.0580823601720959,0.0217375941071289,0.0288478194500509,0.0369668458867367,0.0553017723622786,0.00711022534292199,0.00811902643668575,0.0183349264755419,0.00250880574350249,0.0578105781057811
"2021-08-01",16,"2022-12-01","2023-02-01",1556,96,0.0616966580976864,0.0619781631342325,-2.71699111348286,-3.80673473380674,1.08974362032389,0.255943184868061,0.833800435455825,0.256382388503273,0.577418046952552,0.487599424379471,0.0898186225730806,-2.80680973605594,0.0569572979737011,0.0619781631342325,0.0217375941071289,0.02790109687394,0.0357634867510727,0.0569572979737011,0.00616350276681102,0.00786238987713276,0.0211938112226284,0.00473936012398526,0.0616966580976864
"2021-08-01",17,"2023-01-01","2023-03-01",1500,86,0.0573333333333333,0.0576282478347768,-2.79438697680379,-3.80673473380674,1.01234775700295,0.264080020949498,0.748267736053455,0.256382388503273,0.491885347550181,0.426373509370134,0.0655118381800477,-2.85989881498384,0.054171884693545,0.0576282478347768,0.0217375941071289,0.028122639040942,0.0360451435284878,0.054171884693545,0.00638504493381307,0.00792250448754583,0.0181267411650571,0.00316144863978835,0.0573333333333333
"2021-08-01",18,"2023-02-01","2023-04-01",1447,78,0.0539046302695231,0.0542127071823204,-2.85910236391477,-3.80673473380674,0.947632369891971,0.253616829857505,0.694015540034466,0.256382388503273,0.437633151531192,0.39168808486067,0.0459450666705221,-2.90504743058529,0.0519046138423837,0.0542127071823204,0.0217375941071289,0.0278380692675519,0.0356833502371969,0.0519046138423837,0.00610047516042296,0.00784528096964504,0.0162212636051867,0.00200001642713947,0.0539046302695231
"2021-08-01",19,"2023-03-01","2023-05-01",1393,60,0.0430725053840632,0.0434002869440459,-3.09291897858527,-3.80673473380674,0.713815755221468,0.241048700025503,0.472767055195965,0.256382388503273,0.216384666692692,0.346482791206875,-0.130098124514183,-2.96282085407109,0.0491340483419389,0.0434002869440459,0.0217375941071289,0.0274999475031061,0.0352533949799296,0.0491340483419389,0.00576235339597715,0.00775344747682355,0.0138806533620093,-0.00606154295787576,0.0430725053840632
"2021-08-01",20,"2023-04-01","2023-06-01",1357,67,0.049373618275608,0.0497054491899853,-2.95065742128018,-3.80673473380674,0.856077312526557,0.19016434378928,0.665912968737277,0.256382388503273,0.409530580234004,0.319348850535649,0.0901817296983545,-3.04083915097854,0.0456146253108511,0.0497054491899853,0.0217375941071289,0.0261713416691865,0.0335631246090278,0.0456146253108511,0.00443374756205756,0.0073917829398413,0.0120515007018233,0.0037589929647569,0.049373618275608
"2021-08-01",21,"2023-05-01","2023-07-01",1318,58,0.0440060698027314,0.0443517816527672,-3.07023699239016,-3.80673473380674,0.736497741416577,0.159736706239509,0.576761035177068,0.256382388503273,0.320378646673795,0.292095942153473,0.0282827045203223,-3.09851969691049,0.0431683573069105,0.0443517816527673,0.0217375941071289,0.0254069305137959,0.0325900398956628,0.0431683573069105,0.00366933640666691,0.0071831093818669,0.0105783174112478,0.000837712495820903,0.0440060698027314
"2021-08-01",22,"2023-06-01","2023-08-01",1263,60,0.0475059382422803,0.0478639240506329,-2.99034589218633,-3.80673473380674,0.81638884162041,0.116545108534489,0.699843733085921,0.256382388503273,0.443461344582647,0.239383581080561,0.204077763502086,-3.19442365568842,0.0393761106007244,0.0478639240506329,0.0217375941071289,0.0243590873272493,0.0312554487010444,0.0393761106007244,0.00262149322012033,0.00689636137379514,0.00812066189967994,0.00812982764155593,0.0475059382422803
"2021-08-01",23,"2023-07-01","2023-09-01",1202,49,0.040765391014975,0.0411471321695761,-3.14858340803916,-3.80673473380674,0.658151325767578,0.134096448024832,0.524054877742746,0.256382388503273,0.267672489239473,0.191184517457473,0.0764879717819991,-3.22507137982116,0.0382330669506579,0.0411471321695761,0.0217375941071289,0.0247797081878399,0.0317912722507976,0.0382330669506579,0.00304211408071098,0.00701156406295767,0.00644179469986031,0.00253232406431714,0.040765391014975
"2021-08-01",24,"2023-08-01","2023-10-01",1170,50,0.0427350427350427,0.0431255337318531,-3.09955695695967,-3.80673473380674,0.707177776847074,0.136933913842919,0.570243863004154,0.256382388503273,0.313861474500881,0.0714730267921096,0.242388447708771,-3.34194540466844,0.0341599147273163,0.0431255337318531,0.0217375941071289,0.024848370001482,0.0318787272425837,0.0341599147273163,0.00311077589435308,0.00703035724110166,0.00228118748473263,0.00857512800772642,0.0427350427350427
"2021-08-01",25,"2023-09-01","2023-11-01",1132,45,0.0397526501766784,0.0401588702559576,-3.17392443700593,-3.80673473380674,0.632810296800807,0.153144376103385,0.479665920697422,0.256382388503273,0.223283532194149,0.0139751005053017,0.209308431688847,-3.38323286869478,0.0328236082894714,0.0401588702559576,0.0217375941071289,0.025244204774237,0.0323828365881538,0.0328236082894714,0.00350661066710802,0.00713863181391679,0.000440771701317622,0.00692904188720707,0.0397526501766784
"2021-08-01",26,"2023-10-01","2023-12-01",1103,40,0.0362647325475975,0.0366847826086957,-3.2680186605278,-3.80673473380674,0.538716073278943,0.150824454081345,0.387891619197598,0.256382388503273,0.131509230694324,-0.0250776381505152,0.15658686884484,-3.42460552937264,0.0315352679744456,0.0366847826086957,0.0217375941071289,0.0251871814349458,0.0323102225211249,0.0315352679744456,0.00344958732781681,0.00712304108617918,-0.000774954546679328,0.00472946457315186,0.0362647325475975
"2021-08-01",27,"2023-11-01","2024-01-01",1073,38,0.0354147250698975,0.0358472998137803,-3.2919814395419,-3.80673473380674,0.514753294264841,0.182987039848669,0.331766254416172,0.256382388503273,0.0753838659128984,-0.0172058636289703,0.0925897295418687,-3.38457116908377,0.0327811488651151,0.0358472998137803,0.0217375941071289,0.0259890387722965,0.0333310947519339,0.0327811488651151,0.00425144466516755,0.00734205597963742,-0.000549945886818858,0.00263357620478243,0.0354147250698975
"2021-08-01",28,"2023-12-01","2024-02-01",1045,38,0.0363636363636364,0.0368068833652008,-3.2645690525271,-3.80673473380674,0.542165681279642,0.161161887237147,0.381003794042495,0.256382388503273,0.124621405539221,0.0189999931988004,0.105621412340421,-3.37019046486752,0.0332401876539242,0.0368068833652008,0.0217375941071289,0.0254422438960924,0.0326350028454261,0.0332401876539242,0.00370464978896346,0.00719275894933371,0.000605184808498131,0.00312344870971212,0.0363636363636364
"2021-08-01",29,"2024-01-01","2024-03-01",1015,39,0.038423645320197,0.0388779527559055,-3.20767407840966,-3.80673473380674,0.599060655397084,0.142171123824215,0.456889531572868,0.256382388503273,0.200507143069595,0.0600410097677618,0.140466133301833,-3.34814021171149,0.0339561181317117,0.0388779527559055,0.0217375941071289,0.024975588751243,0.0320407573701356,0.0339561181317117,0.00323799464411409,0.00706516861889259,0.00191536076157611,0.00446752718848531,0.038423645320197
"2021-08-01",30,"2024-02-01","2024-04-01",987,41,0.0415400202634245,0.042004048582996,-3.12707754341272,-3.80673473380674,0.679657190394016,0.125435575789942,0.554221614604074,0.256382388503273,0.297839226100801,0.0401744278599255,0.257664798240875,-3.3847423416536,0.0327757220083287,0.042004048582996,0.0217375941071289,0.0245712715617039,0.0315257638389817,0.0327757220083287,0.00283367745457492,0.00695449227727783,0.00124995816934697,0.00876429825509586,0.0415400202634245
"2021-08-01",31,"2024-03-01","2024-05-01",964,42,0.0435684647302905,0.0440414507772021,-3.07758329998431,-3.80673473380674,0.72915143382243,0.116476719657313,0.612674714165117,0.256382388503273,0.356292325661844,-0.0867707337031682,0.443063059365012,-3.52064635934932,0.0287304537641515,0.0440414507772021,0.0217375941071289,0.0243574620690612,0.0312533780516859,0.0287304537641515,0.00261986796193227,0.00689591598262464,-0.00252292428753434,0.0148380109661389,0.0435684647302905
"2021-08-01",32,"2024-04-01","2024-06-01",936,33,0.0352564102564103,0.035752401280683,-3.29473067120126,-3.80673473380674,0.512004062605479,0.132416258675008,0.379587803930471,0.256382388503273,0.123205415427197,-0.166238059830077,0.289443475257274,-3.58417414645854,0.0270098026443769,0.035752401280683,0.0217375941071289,0.0247391376828066,0.031739595700933,0.0270098026443769,0.00300154357567763,0.0070004580181264,-0.00472979305655603,0.00824660761203332,0.0352564102564103
"2021-08-01",33,"2024-05-01","2024-07-01",906,24,0.0264900662251656,0.0270121278941566,-3.58408567125677,-3.80673473380674,0.222649062549971,0.139526428591446,0.083122633958525,0.256382388503273,-0.173259754544748,-0.137386364523851,-0.035873390020897,-3.54821228123587,0.0279711386352217,0.0270121278941566,0.0217375941071289,0.0249112664840387,0.0319588358374117,0.0279711386352217,0.0031736723769098,0.00704756935337299,-0.00398769720219007,-0.00148107241005611,0.0264900662251656
"2021-08-01",34,"2024-06-01","2024-08-01",879,17,0.0193401592718999,0.0198863636363636,-3.89763426797605,-3.80673473380674,-0.0908995341693055,0.131428628410337,-0.222328162579642,0.256382388503273,-0.478710551082915,-0.0436523443082237,-0.435058206774692,-3.46257606120135,0.0303960194135675,0.0198863636363636,0.0217375941071289,0.0247153201974912,0.0317092576891004,0.0303960194135675,0.00297772609036222,0.00699393749160921,-0.0013132382755329,-0.0110558601416676,0.0193401592718999
"2021-09-01",1,"2021-10-01","2021-12-01",2046,12,0.00586510263929619,0.00610649731314118,-5.09227672313349,-3.80673473380674,-1.28554198932675,-1.7073653881347,0.421823398807951,0.508344333506932,-0.0865209346989815,-0.643647475931096,0.557126541232114,-5.6494032643656,0.0035072721761513,0.00610649731314118,0.0217375941071289,0.00401337969127483,0.00665469456201835,0.0035072721761513,-0.0177242144158541,0.00264131487074352,-0.00314742238586705,0.00235783046314489,0.00586510263929619
"2021-09-01",2,"2021-11-01","2022-01-01",2014,21,0.0104270109235353,0.0106699751861042,-4.52959423168779,-3.80673473380674,-0.722859497881052,-0.802500335743768,0.079640837862716,0.508344333506932,-0.428703495644216,-0.663257137665227,0.234553642021011,-4.7641478737088,0.0084580058232603,0.0106699751861042,0.0217375941071289,0.00986122148763851,0.0162882210326127,0.0084580058232603,-0.0118763726194904,0.00642699954497424,-0.00783021520935244,0.00196900510027495,0.0104270109235353
"2021-09-01",3,"2021-12-01","2022-02-01",1958,31,0.015832482124617,0.0160796324655436,-4.1139915596059,-3.80673473380674,-0.307256825799156,-0.337459829206784,0.0302030034076279,0.508344333506932,-0.478141330099304,-0.571170004196953,0.0930286740976483,-4.20702023370355,0.0146721941761124,0.0160796324655436,0.0217375941071289,0.0156087071675435,0.0256844310953064,0.0146721941761124,-0.00612888693958539,0.0100757239277629,-0.0110122369191941,0.00116028794850457,0.015832482124617
"2021-09-01",4,"2022-01-01","2022-03-01",1889,35,0.0185283218634198,0.0187830687830688,-3.95583770044828,-3.80673473380674,-0.149102966641534,-0.182480278425218,0.0333773117836841,0.508344333506932,-0.474967021723248,-0.575151865655676,0.100184843932428,-4.0560225443807,0.0170229633023919,0.0187830687830688,0.0217375941071289,0.0181776956171205,0.0298614461396523,0.0170229633023919,-0.00355989849000843,0.0116837505225318,-0.0128384828372604,0.00150535856102785,0.0185283218634198
"2021-09-01",5,"2022-02-01","2022-04-01",1832,51,0.0278384279475983,0.0280960174577196,-3.5436291773762,-3.80673473380674,0.263105556430541,-0.110329660461367,0.373435216891909,0.508344333506932,-0.134909116615024,-0.323592955257691,0.188683838642668,-3.73231301601887,0.0233778003009207,0.0280960174577196,0.0217375941071289,0.019511164970081,0.0320240499425715,0.0233778003009207,-0.00222642913704798,0.0125128849724905,-0.00864624964165081,0.00446062764667757,0.0278384279475983
"2021-09-01",6,"2022-03-01","2022-05-01",1778,71,0.0399325084364454,0.0401911186059584,-3.17308814174498,-3.80673473380674,0.633646592061758,-0.00462210480800024,0.638268696869758,0.508344333506932,0.129924363362826,-0.0272117273172376,0.157136090680064,-3.33022423242505,0.0345487502030185,0.0401911186059584,0.0217375941071289,0.0216395216911312,0.0354679871022147,0.0345487502030185,-9.8072415997727e-05,0.0138284654110835,-0.000919236899196242,0.00538375823342695,0.0399325084364454
"2021-09-01",7,"2022-04-01","2022-06-01",1724,82,0.0475638051044084,0.0478260869565217,-2.99117645701813,-3.80673473380674,0.815558276788611,0.0795860484344686,0.735972228354142,0.508344333506932,0.22762789484721,0.13946557299406,0.0881623218531498,-3.07933877887128,0.0439676010839082,0.0478260869565217,0.0217375941071289,0.0234959992497771,0.0384641817810882,0.0439676010839082,0.00175840514264819,0.0149681825313111,0.00550341930281998,0.00359620402050014,0.0475638051044084
"2021-09-01",8,"2022-05-01","2022-07-01",1668,80,0.0479616306954436,0.0482324745356501,-2.98228826928505,-3.80673473380674,0.824446464521688,0.14017796756865,0.684268496953037,0.508344333506932,0.175924163446105,0.182199961940181,-0.00627579849407589,-2.97601247079098,0.0485213901732443,0.0482324745356501,0.0217375941071289,0.0249270977186229,0.0407689022472621,0.0485213901732443,0.00318950361149392,0.0158418045286392,0.0077524879259822,-0.000559759477800618,0.0479616306954436
"2021-09-01",9,"2022-06-01","2022-08-01",1606,73,0.0454545454545455,0.0457373988799004,-3.03802257733552,-3.80673473380674,0.768712156471226,0.188722894148899,0.579989262322327,0.508344333506932,0.0716449288153951,0.163317043844825,-0.09167211502943,-2.94635046230609,0.0499092826106307,0.0457373988799004,0.0217375941071289,0.026134629384257,0.0427102365190584,0.0499092826106307,0.00439703527712805,0.0165756071348014,0.0071990460915723,-0.00445473715608522,0.0454545454545455
"2021-09-01",10,"2022-07-01","2022-09-01",1550,78,0.0503225806451613,0.0506125080593166,-2.93161829073738,-3.80673473380674,0.875116443069362,0.249100324734697,0.626016118334665,0.508344333506932,0.117671784827733,0.2976639458145,-0.179992160986767,-2.75162612975061,0.059994878142301,0.0506125080593166,0.0217375941071289,0.0277160988991316,0.0452481328443956,0.059994878142301,0.00597850479200264,0.017532033945264,0.0147467452979054,-0.00967229749713974,0.0503225806451613
"2021-09-01",11,"2022-08-01","2022-10-01",1480,80,0.0540540540540541,0.0543551654287643,-2.85632741027565,-3.80673473380674,0.950407323531096,0.289264109856582,0.661143213674514,0.508344333506932,0.152798880167582,0.288943584343451,-0.136144704175869,-2.72018270609978,0.0617928731181676,0.0543551654287644,0.0217375941071289,0.0288192054610655,0.0470152766058922,0.0617928731181676,0.00708161135393656,0.0181960711448267,0.0147775965122754,-0.00773881906411358,0.0540540540540541
"2021-09-01",12,"2022-09-01","2022-11-01",1439,82,0.0569840166782488,0.0572916666666667,-2.80060175846746,-3.80673473380674,1.00613297533929,0.294297372332265,0.711835603007021,0.508344333506932,0.203491269500088,0.299585493365441,-0.0960942238653532,-2.7045075346021,0.062707900125658,0.0572916666666666,0.0217375941071289,0.0289604143169464,0.0472413059954592,0.062707900125658,0.00722282020981744,0.0182808916785129,0.0154665941301988,-0.00572388344740924,0.0569840166782488
"2021-09-01",13,"2022-10-01","2022-12-01",1386,83,0.0598845598845599,0.0602018745493872,-2.74796160151675,-3.80673473380674,1.05877313228999,0.303514845354915,0.75525828693508,0.508344333506932,0.246913953428148,0.328594061749957,-0.0816801083218093,-2.66628149319494,0.0649925716356784,0.0602018745493872,0.0217375941071289,0.0292207539062206,0.0476579161323346,0.0649925716356784,0.0074831597990917,0.018437162226114,0.0173346555033437,-0.00510801175111847,0.0598845598845599
"2021-09-01",14,"2022-11-01","2023-01-01",1338,81,0.0605381165919283,0.0608663181478715,-2.73627788172708,-3.80673473380674,1.07045685207966,0.282992614882479,0.787464237197185,0.508344333506932,0.279119903690253,0.422005802626359,-0.142885898936106,-2.59339198279097,0.0695649138268798,0.0608663181478715,0.0217375941071289,0.028644192466134,0.0467350802006306,0.0695649138268798,0.0069065983590051,0.0180908877344966,0.0228298336262492,-0.00902679723495154,0.0605381165919283
"2021-09-01",15,"2022-12-01","2023-02-01",1284,84,0.0654205607476635,0.0657587548638132,-2.65374188129818,-3.80673473380674,1.15299285250856,0.290285959980498,0.862706892528064,0.508344333506932,0.354362559021131,0.487599424379471,-0.13323686535834,-2.52050501593984,0.0744331456990704,0.0657587548638132,0.0217375941071289,0.0288478194500509,0.0470610816359389,0.0744331456990704,0.00711022534292199,0.0182132621858879,0.0273720640631316,-0.0090125849514069,0.0654205607476635
"2021-09-01",16,"2023-01-01","2023-03-01",1223,71,0.0580539656582175,0.0584150326797386,-2.77999132517084,-3.80673473380674,1.0267434086359,0.255943184868061,0.770800223767839,0.508344333506932,0.262455890260906,0.426373509370134,-0.163917619109227,-2.61607370606161,0.0681110809610717,0.0584150326797386,0.0217375941071289,0.02790109687394,0.0455446710727744,0.0681110809610717,0.00616350276681102,0.0176435741988345,0.0225664098882973,-0.0100571153028542,0.0580539656582175
"2021-09-01",17,"2023-02-01","2023-04-01",1177,67,0.0569243840271878,0.0573005093378608,-2.800438045456,-3.80673473380674,1.00629668835074,0.264080020949498,0.742216667401245,0.508344333506932,0.233872333894313,0.39168808486067,-0.157815750966357,-2.64262229448964,0.0664451890073009,0.0573005093378608,0.0217375941071289,0.028122639040942,0.0458996930694412,0.0664451890073009,0.00638504493381307,0.0177770540284992,0.0205454959378597,-0.00952080498011312,0.0569243840271878
"2021-09-01",18,"2023-03-01","2023-05-01",1134,62,0.054673721340388,0.0550660792951542,-2.84258109405982,-3.80673473380674,0.964153639746925,0.253616829857505,0.71053680988942,0.508344333506932,0.202192476382487,0.346482791206875,-0.144290314824387,-2.69829077923543,0.0630742886339846,0.0550660792951542,0.0217375941071289,0.0278380692675519,0.04544365044395,0.0630742886339846,0.00610047516042296,0.0176055811763981,0.0176306381900346,-0.00840056729359662,0.054673721340388
"2021-09-01",19,"2023-04-01","2023-06-01",1100,52,0.0472727272727273,0.0476839237057221,-2.9943026807444,-3.80673473380674,0.812432053062345,0.241048700025503,0.571383353036842,0.508344333506932,0.0630390195299098,0.319348850535649,-0.256309831005739,-2.73799284973866,0.0607683616112496,0.0476839237057221,0.0217375941071289,0.0274999475031061,0.0449015675224573,0.0607683616112496,0.00576235339597715,0.0174016200193512,0.0158667940887923,-0.0134956343385223,0.0472727272727273
"2021-09-01",20,"2023-05-01","2023-07-01",1066,52,0.0487804878048781,0.049203373945642,-2.96133798966829,-3.80673473380674,0.84539674413845,0.19016434378928,0.65523240034917,0.508344333506932,0.146888066842238,0.292095942153473,-0.145207875311235,-2.81613011435706,0.0564587333087738,0.049203373945642,0.0217375941071289,0.0261713416691865,0.0427692105963013,0.0564587333087738,0.00443374756205756,0.0165978689271148,0.0136895227124725,-0.00767824550389577,0.0487804878048781
"2021-09-01",21,"2023-06-01","2023-08-01",1021,41,0.0401567091087169,0.0406066536203522,-3.16236921839975,-3.80673473380674,0.644365515406993,0.159736706239509,0.484628809167484,0.508344333506932,-0.0237155243394486,0.239383581080561,-0.26309910542001,-2.89927011297974,0.0521896557950373,0.0406066536203523,0.0217375941071289,0.0254069305137959,0.0415406894812438,0.0521896557950373,0.00366933640666691,0.016133758967448,0.0106489663137935,-0.0120329466863204,0.0401567091087169
"2021-09-01",22,"2023-07-01","2023-09-01",990,48,0.0484848484848485,0.0489404641775984,-2.96697212137873,-3.80673473380674,0.839762612428013,0.116545108534489,0.723217503893523,0.508344333506932,0.214873170386591,0.191184517457473,0.0236886529291175,-2.99066077430785,0.0478495759803726,0.0489404641775984,0.0217375941071289,0.0243590873272493,0.0398546615364598,0.0478495759803726,0.00262149322012033,0.0154955742092105,0.00799491444391286,0.000635272504475863,0.0484848484848485
"2021-09-01",23,"2023-08-01","2023-10-01",955,41,0.0429319371727749,0.0434100418410042,-3.09268404059427,-3.80673473380674,0.714050693212473,0.134096448024832,0.579954245187642,0.508344333506932,0.0716099116807096,0.0714730267921096,0.000136884888600072,-3.09282092548287,0.0434043579677429,0.0434100418410042,0.0217375941071289,0.0247797081878399,0.0405317365783899,0.0434043579677429,0.00304211408071098,0.0157520283905499,0.00287262138935304,-0.00047242079496803,0.0429319371727749
"2021-09-01",24,"2023-09-01","2023-11-01",926,36,0.0388768898488121,0.0393743257820928,-3.19447084214127,-3.80673473380674,0.612263891665471,0.136933913842919,0.475329977822552,0.508344333506932,-0.0330143556843806,0.0139751005053017,-0.0469894561896824,-3.14748138595159,0.0411906333920503,0.0393743257820928,0.0217375941071289,0.024848370001482,0.0406422265195662,0.0411906333920503,0.00311077589435308,0.0157938565180842,0.000548406872484059,-0.00231374354323816,0.0388768898488121
"2021-09-01",25,"2023-10-01","2023-12-01",893,33,0.0369540873460246,0.0374720357941834,-3.24596817682057,-3.80673473380674,0.560766556986168,0.153144376103385,0.407622180882783,0.508344333506932,-0.100722152624149,-0.0250776381505152,-0.0756445144736337,-3.17032366234694,0.0402978962503371,0.0374720357941834,0.0217375941071289,0.025244204774237,0.0412790072911289,0.0402978962503371,0.00350661066710802,0.0160348025168919,-0.000981111040791849,-0.00334380890431243,0.0369540873460246
"2021-09-01",26,"2023-11-01","2024-01-01",870,29,0.0333333333333333,0.0338691159586682,-3.35079575028509,-3.80673473380674,0.455938983521655,0.150824454081345,0.305114529440309,0.508344333506932,-0.203229804066623,-0.0172058636289703,-0.186023940437653,-3.16477180984743,0.0405131572955444,0.0338691159586682,0.0217375941071289,0.0251871814349458,0.0411872939013847,0.0405131572955444,0.00344958732781681,0.0160001124664389,-0.00067413660584028,-0.00717982396221108,0.0333333333333333
"2021-09-01",27,"2023-12-01","2024-02-01",851,34,0.0399529964747356,0.0404929577464789,-3.16529157873409,-3.80673473380674,0.641443155072647,0.182987039848669,0.458456115223978,0.508344333506932,-0.0498882182829544,0.0189999931988004,-0.0688882114817547,-3.09640336725234,0.0432558565486516,0.0404929577464789,0.0217375941071289,0.0259890387722965,0.0424763341209042,0.0432558565486516,0.00425144466516755,0.0164872953486077,0.000779522427747467,-0.00330286007391603,0.0399529964747356
"2021-09-01",28,"2024-01-01","2024-03-01",823,34,0.0413122721749696,0.041868932038835,-3.13044050965838,-3.80673473380674,0.676294224148358,0.161161887237147,0.515132336911211,0.508344333506932,0.0067880034042791,0.0600410097677618,-0.0532530063634827,-3.0771875032949,0.0440581175383916,0.0418689320388349,0.0217375941071289,0.0254422438960924,0.0415974702392554,0.0440581175383916,0.00370464978896346,0.016155226343163,0.00246064729913621,-0.00274584536342198,0.0413122721749696
"2021-09-01",29,"2024-02-01","2024-04-01",804,33,0.041044776119403,0.0416149068322981,-3.13679123297219,-3.80673473380674,0.669943500834547,0.142171123824215,0.527772377010331,0.508344333506932,0.0194280435033991,0.0401744278599255,-0.0207463843565264,-3.11604484861567,0.0424502511093865,0.0416149068322981,0.0217375941071289,0.024975588751243,0.0408469195929956,0.0424502511093865,0.00323799464411409,0.0158713308417525,0.00160333151639097,-0.00140547498998355,0.041044776119403
"2021-09-01",30,"2024-03-01","2024-05-01",785,28,0.0356687898089172,0.0362595419847328,-3.28011945010892,-3.80673473380674,0.526615283697822,0.125435575789942,0.40117970790788,0.508344333506932,-0.107164625599053,-0.0867707337031682,-0.0203938918958844,-3.25972555821303,0.0369789813485136,0.0362595419847328,0.0217375941071289,0.0245712715617039,0.0401962617392379,0.0369789813485136,0.00283367745457492,0.015624990177534,-0.00321728039072424,-0.00131019153959642,0.0356687898089172
"2021-09-01",31,"2024-04-01","2024-06-01",762,24,0.031496062992126,0.0321100917431193,-3.40594798442075,-3.80673473380674,0.400786749385988,0.116476719657313,0.284310029728675,0.508344333506932,-0.224034303778258,-0.166238059830077,-0.0577962439481811,-3.34815174047257,0.033955739954639,0.0321100917431193,0.0217375941071289,0.0243574620690612,0.0398520446317443,0.033955739954639,0.00261986796193227,0.0154945825626831,-0.00589630467710527,-0.00245967696251304,0.031496062992126
"2021-09-01",32,"2024-05-01","2024-07-01",748,28,0.0374331550802139,0.0380507343124166,-3.23004132816497,-3.80673473380674,0.576693405641769,0.132416258675008,0.444277146966761,0.508344333506932,-0.064067186540171,-0.137386364523851,0.0733191779836804,-3.30336050614865,0.0354560839078401,0.0380507343124166,0.0217375941071289,0.0247391376828066,0.0404664462568102,0.0354560839078401,0.00300154357567763,0.0157273085740037,-0.00501036234897012,0.00197707117237377,0.0374331550802139
"2021-09-01",33,"2024-06-01","2024-08-01",730,24,0.0328767123287671,0.033515731874145,-3.3616500845739,-3.80673473380674,0.44508464923284,0.139526428591446,0.305558220641395,0.508344333506932,-0.202786112865537,-0.0436523443082237,-0.159133768557314,-3.20251631601659,0.0390711391034117,0.033515731874145,0.0217375941071289,0.0249112664840387,0.0407434302658283,0.0390711391034117,0.0031736723769098,0.0158321637817896,-0.00167229116241664,-0.00619442677464456,0.0328767123287671
"2021-09-01",34,"2024-07-01","2024-09-01",709,18,0.0253878702397743,0.026056338028169,-3.62109241902053,-3.80673473380674,0.185642314786207,0.131428628410337,0.0542136863758708,0.508344333506932,-0.454130647131061,0.012370769741451,-0.466501416872512,-3.15459100214802,0.0409107605704383,0.026056338028169,0.0217375941071289,0.0247153201974912,0.0404281150469092,0.0409107605704383,0.00297772609036222,0.0157127948494181,0.000482645523529057,-0.015522890330664,0.0253878702397743
"2021-10-01",1,"2021-11-01","2022-01-01",2638,16,0.00606520090978014,0.00625236832133384,-5.06852295936392,-3.80673473380674,-1.26178822555718,-1.7073653881347,0.445577162577523,0.496040586341508,-0.0504634237639852,-0.663257137665227,0.612793713901242,-5.68131667326516,0.00339748460769379,0.00625236832133384,0.0217375941071289,0.00401337969127483,0.00657385347848008,0.00339748460769379,-0.0177242144158541,0.00256047378720525,-0.0031763688707863,0.00266771630208635,0.00606520090978014
"2021-10-01",2,"2021-12-01","2022-02-01",2593,30,0.0115696104897802,0.0117579028527371,-4.43140210761039,-3.80673473380674,-0.624667373803648,-0.802500335743768,0.17783296194012,0.496040586341508,-0.318207624401389,-0.571170004196953,0.252962379795564,-4.68436448740595,0.00915403350566465,0.0117579028527371,0.0217375941071289,0.00986122148763851,0.0160922479386908,0.00915403350566465,-0.0118763726194904,0.00623102645105233,-0.00693821443302619,0.00241557698411553,0.0115696104897802
"2021-10-01",3,"2022-01-01","2022-03-01",2531,43,0.0169893322797313,0.0171800947867299,-4.04667446020397,-3.80673473380674,-0.239939726397229,-0.337459829206784,0.0975201028095546,0.496040586341508,-0.398520483531953,-0.575151865655676,0.176631382123722,-4.22330584232769,0.0144386058324711,0.0171800947867299,0.0217375941071289,0.0156087071675435,0.0253783232716421,0.0144386058324711,-0.00612888693958539,0.00976961610409858,-0.010939717439171,0.00255072644726025,0.0169893322797313
"2021-10-01",4,"2022-02-01","2022-04-01",2463,48,0.0194884287454324,0.0196834415584416,-3.90809778605102,-3.80673473380674,-0.101363052244282,-0.182480278425218,0.0811172261809358,0.496040586341508,-0.414923360160572,-0.323592955257691,-0.0913304049028811,-3.81676738114814,0.0215252697119288,0.0196834415584416,0.0217375941071289,0.0181776956171205,0.0295070641621486,0.0215252697119288,-0.00355989849000843,0.0113293685450281,-0.00798179445021977,-0.00203684096649641,0.0194884287454324
"2021-10-01",5,"2022-03-01","2022-05-01",2386,79,0.0331098072087175,0.0333054042731462,-3.36816294471672,-3.80673473380674,0.43857178909002,-0.110329660461367,0.548901449551388,0.496040586341508,0.0528608632098794,-0.0272117273172376,0.080072590527117,-3.44823553524384,0.0308215230550362,0.0333054042731462,0.0217375941071289,0.019511164970081,0.0316448403297632,0.0308215230550362,-0.00222642913704798,0.0121336753596822,-0.000823317274726992,0.00228828415368132,0.0331098072087175
"2021-10-01",6,"2022-04-01","2022-06-01",2312,97,0.0419550173010381,0.0421530479896239,-3.12338101263574,-3.80673473380674,0.683353721170998,-0.00462210480800024,0.687975825978999,0.496040586341508,0.19193523963749,0.13946557299406,0.0524696666434301,-3.17585067927917,0.0400846867925728,0.0421530479896238,0.0217375941071289,0.0216395216911312,0.0350494730909717,0.0400846867925728,-9.8072415997727e-05,0.0134099513998405,0.00503521370160109,0.00187033050846525,0.0419550173010381
"2021-10-01",7,"2022-05-01","2022-07-01",2242,104,0.0463871543264942,0.0465893892108783,-3.0186728562621,-3.80673473380674,0.788061877544644,0.0795860484344686,0.708475829110175,0.496040586341508,0.212435242768667,0.182199961940181,0.0302352808284858,-3.04890813709058,0.0452646357350102,0.0465893892108783,0.0217375941071289,0.0234959992497771,0.0380117066670607,0.0452646357350102,0.00175840514264819,0.0145157074172836,0.00725292906794945,0.001122518591484,0.0463871543264942
"2021-10-01",8,"2022-06-01","2022-08-01",2149,92,0.0428106095858539,0.0430232558139535,-3.10203828803285,-3.80673473380674,0.704696445773896,0.14017796756865,0.564518478205245,0.496040586341508,0.0684778918637373,0.163317043844825,-0.0948391519810878,-3.00719913605176,0.0471016978673247,0.0430232558139535,0.0217375941071289,0.0249270977186229,0.0402904514901692,0.0471016978673247,0.00318950361149392,0.0153633537715463,0.00681124637715552,-0.00429108828147081,0.0428106095858539
"2021-10-01",9,"2022-07-01","2022-09-01",2074,113,0.0544840887174542,0.0546987951807229,-2.84966192872815,-3.80673473380674,0.957072805078591,0.188722894148899,0.768349910929693,0.496040586341508,0.272309324588185,0.2976639458145,-0.025354621226315,-2.82430730750183,0.0560247014875121,0.0546987951807229,0.0217375941071289,0.026134629384257,0.0422100054234685,0.0560247014875121,0.00439703527712805,0.0160753760392115,0.0138146960640436,-0.00154061277005794,0.0544840887174542
"2021-10-01",10,"2022-08-01","2022-10-01",1987,113,0.0568696527428284,0.057092555331992,-2.80429439925451,-3.80673473380674,1.00244033455223,0.249100324734697,0.753340009817535,0.496040586341508,0.257299423476027,0.288943584343451,-0.0316441608674242,-2.77265023838708,0.0588201237659342,0.057092555331992,0.0217375941071289,0.0277160988991316,0.0447195659505242,0.0588201237659342,0.00597850479200264,0.0170034670513926,0.01410055781541,-0.00195047102310583,0.0568696527428284
"2021-10-01",11,"2022-09-01","2022-11-01",1921,117,0.0609057782404997,0.0611342351716962,-2.73160049049863,-3.80673473380674,1.07513424330811,0.289264109856582,0.78587013345153,0.496040586341508,0.289829547110022,0.299585493365441,-0.00975594625541992,-2.72184454424321,0.061696598991337,0.0611342351716962,0.0217375941071289,0.0288192054610655,0.0464670714656043,0.061696598991337,0.00708161135393656,0.0176478660045388,0.0152295275257327,-0.000790820750837279,0.0609057782404997
"2021-10-01",12,"2022-10-01","2022-12-01",1830,102,0.0557377049180328,0.0559803386127799,-2.82514646078322,-3.80673473380674,0.981588273023525,0.294297372332265,0.68729090069126,0.496040586341508,0.191250314349752,0.328594061749957,-0.137343747400205,-2.68780271338301,0.0636969381507003,0.0559803386127799,0.0217375941071289,0.0289604143169464,0.0466905944444028,0.0636969381507003,0.00722282020981744,0.0177301801274564,0.0170063437062975,-0.00795923323266751,0.0557377049180328
"2021-10-01",13,"2022-11-01","2023-01-01",1771,112,0.0632411067193676,0.0634875846501129,-2.69131840951555,-3.80673473380674,1.11541632429119,0.303514845354915,0.811901478936272,0.496040586341508,0.315860892594764,0.422005802626359,-0.106144910031595,-2.58517349948396,0.0700987458292957,0.0634875846501129,0.0217375941071289,0.0292207539062206,0.0471025880846521,0.0700987458292957,0.0074831597990917,0.0178818341784315,0.0229961577446435,-0.00685763910992808,0.0632411067193676
"2021-10-01",14,"2022-12-01","2023-02-01",1703,103,0.0604815032295948,0.0607394366197183,-2.73849974670449,-3.80673473380674,1.06823498710225,0.282992614882479,0.785242372219768,0.496040586341508,0.28920178587826,0.487599424379471,-0.198397638501211,-2.54010210820328,0.0730942551384087,0.0607394366197183,0.0217375941071289,0.028644192466134,0.0461899838384178,0.0730942551384087,0.0069065983590051,0.0175457913722838,0.0269042712999909,-0.0126127519088139,0.0604815032295948
"2021-10-01",15,"2023-01-01","2023-03-01",1636,86,0.0525672371638142,0.0528405620036652,-2.88618832460267,-3.80673473380674,0.920546409204071,0.290285959980498,0.630260449223574,0.496040586341508,0.134219862882066,0.426373509370134,-0.292153646488068,-2.5940346781146,0.0695233264690243,0.0528405620036652,0.0217375941071289,0.0288478194500509,0.046512368469691,0.0695233264690243,0.00711022534292199,0.01766454901964,0.0230109579993334,-0.0169560893052101,0.0525672371638142
"2021-10-01",16,"2023-02-01","2023-04-01",1558,72,0.0462130937098845,0.0465041693393201,-3.02059308057752,-3.80673473380674,0.786141653229218,0.255943184868061,0.530198468361157,0.496040586341508,0.034157882019649,0.39168808486067,-0.357530202841021,-2.6630628777365,0.0651884362543169,0.0465041693393201,0.0217375941071289,0.02790109687394,0.0450128034769434,0.0651884362543169,0.00616350276681102,0.0171117066030034,0.0201756327773736,-0.0189753425444325,0.0462130937098845
"2021-10-01",17,"2023-03-01","2023-05-01",1504,67,0.0445478723404255,0.0448504983388704,-3.05853317479302,-3.80673473380674,0.74820155901372,0.264080020949498,0.484121538064222,0.496040586341508,-0.0119190482772861,0.346482791206875,-0.358401839484161,-2.70013133530886,0.0629656067056532,0.0448504983388704,0.0217375941071289,0.028122639040942,0.0453638766003865,0.0629656067056532,0.00638504493381307,0.0172412375594444,0.0176017301052667,-0.0184177343652276,0.0445478723404255
"2021-10-01",18,"2023-04-01","2023-06-01",1456,69,0.0473901098901099,0.047700754975978,-2.99393209304984,-3.80673473380674,0.812802640756898,0.253616829857505,0.559185810899393,0.496040586341508,0.063145224557885,0.319348850535649,-0.256203625977764,-2.73772846707208,0.0607834531544922,0.047700754975978,0.0217375941071289,0.0278380692675519,0.0449129070476038,0.0607834531544922,0.00610047516042296,0.0170748377800519,0.0158705461068883,-0.0133933432643823,0.0473901098901099
"2021-10-01",19,"2023-05-01","2023-07-01",1408,62,0.0440340909090909,0.0443577004968062,-3.0700973555093,-3.80673473380674,0.736637378297444,0.241048700025503,0.495588678271941,0.496040586341508,-0.000451908069567131,0.292095942153473,-0.29254785022304,-2.77754950528626,0.0585494843154163,0.0443577004968062,0.0217375941071289,0.0274999475031061,0.0443768608677187,0.0585494843154163,0.00576235339597715,0.0168769133646126,0.0141726234476976,-0.0145153934063254,0.0440340909090909
"2021-10-01",20,"2023-06-01","2023-08-01",1360,52,0.0382352941176471,0.038574577516532,-3.21582355237262,-3.80673473380674,0.590911181434119,0.19016434378928,0.400746837644839,0.496040586341508,-0.0952937486966692,0.239383581080561,-0.334677329777231,-2.88114622259539,0.0530934810297328,0.038574577516532,0.0217375941071289,0.0261713416691865,0.0422683192821649,0.0530934810297328,0.00443374756205756,0.0160969776129784,0.0108251617475679,-0.0148581869120858,0.0382352941176471
"2021-10-01",21,"2023-07-01","2023-09-01",1312,47,0.0358231707317073,0.0361766945925362,-3.28249286894458,-3.80673473380674,0.524241864862158,0.159736706239509,0.364505158622649,0.496040586341508,-0.131535427718859,0.191184517457473,-0.322719945176333,-2.95977292376825,0.0492766431660528,0.0361766945925362,0.0217375941071289,0.0254069305137959,0.041053568921157,0.0492766431660528,0.00366933640666691,0.0156466384073611,0.00822307424489582,-0.0134534724343455,0.0358231707317073
"2021-10-01",22,"2023-08-01","2023-10-01",1260,40,0.0317460317460317,0.0321173671689136,-3.40571391572052,-3.80673473380674,0.40102081808622,0.116545108534489,0.28447570955173,0.496040586341508,-0.211564876789778,0.0714730267921096,-0.283037903581888,-3.12267601213863,0.0421815223983688,0.0321173671689135,0.0217375941071289,0.0243590873272493,0.0393864994673573,0.0421815223983688,0.00262149322012033,0.015027412140108,0.00279502293101155,-0.0104354906523371,0.0317460317460317
"2021-10-01",23,"2023-09-01","2023-11-01",1221,47,0.0384930384930385,0.0388707037643208,-3.20786809305837,-3.80673473380674,0.598866640748369,0.134096448024832,0.464770192723538,0.496040586341508,-0.0312703936179706,0.0139751005053017,-0.0452454941232723,-3.1626225989351,0.040596783632897,0.0388707037643208,0.0217375941071289,0.0247797081878399,0.0400559528953437,0.040596783632897,0.00304211408071098,0.0152762447075038,0.00054083073755324,-0.00210374513985847,0.0384930384930385
"2021-10-01",24,"2023-10-01","2023-12-01",1190,46,0.038655462184874,0.0390428211586902,-3.20327082679931,-3.80673473380674,0.603463907007431,0.136933913842919,0.466529993164511,0.496040586341508,-0.0295105931769967,-0.0250776381505152,-0.00443295502648153,-3.19883787177283,0.0392094791664394,0.0390428211586902,0.0217375941071289,0.024848370001482,0.0401652001397544,0.0392094791664394,0.00311077589435308,0.0153168301382724,-0.000955720973315026,-0.00055401698156541,0.038655462184874
"2021-10-01",25,"2023-11-01","2024-01-01",1167,52,0.0445586975149957,0.0449486301369863,-3.05624484427501,-3.80673473380674,0.750489889531732,0.153144376103385,0.597345513428348,0.496040586341508,0.10130492708684,-0.0172058636289703,0.11851079071581,-3.17475563499082,0.0401268430291508,0.0449486301369863,0.0217375941071289,0.025244204774237,0.0407948246997768,0.0401268430291508,0.00350661066710802,0.0155506199255399,-0.00066798167062599,0.00443185448584488,0.0445586975149957
"2021-10-01",26,"2023-12-01","2024-02-01",1136,44,0.0387323943661972,0.0391380826737027,-3.20073473779755,-3.80673473380674,0.60599999600919,0.150824454081345,0.455175541927845,0.496040586341508,-0.040865044413663,0.0189999931988004,-0.0598650376124633,-3.14086970018509,0.0414525486457296,0.0391380826737027,0.0217375941071289,0.0251871814349458,0.0407041413903469,0.0414525486457296,0.00344958732781681,0.0155169599554012,0.000748407255382701,-0.00272015427953247,0.0387323943661972
"2021-10-01",27,"2024-01-01","2024-03-01",1105,43,0.0389140271493213,0.0393309222423146,-3.19561896270393,-3.80673473380674,0.611115771102808,0.182987039848669,0.428128731254139,0.496040586341508,-0.0679118550873695,0.0600410097677618,-0.127952864855131,-3.0676660978488,0.0444608759850844,0.0393309222423146,0.0217375941071289,0.0259890387722965,0.0419787224062925,0.0444608759850844,0.00425144466516755,0.015989683633996,0.00248215357879192,-0.00554684883576314,0.0389140271493213
"2021-10-01",28,"2024-02-01","2024-04-01",1072,42,0.0391791044776119,0.0396085740913327,-3.18829532440014,-3.80673473380674,0.618439409406598,0.161161887237147,0.457277522169451,0.496040586341508,-0.0387630641720569,0.0401744278599255,-0.0789374920319825,-3.10935783236816,0.0427228996568371,0.0396085740913327,0.0217375941071289,0.0254422438960924,0.0411097124067238,0.0427228996568371,0.00370464978896346,0.0156674685106314,0.0016131872501134,-0.00354379517922521,0.0391791044776119
"2021-10-01",29,"2024-03-01","2024-05-01",1042,37,0.0355086372360845,0.035953978906999,-3.28889927623634,-3.80673473380674,0.5178354575704,0.142171123824215,0.375664333746184,0.496040586341508,-0.120376252595324,-0.0867707337031682,-0.0336055188921556,-3.25529375734419,0.0371371288484761,0.035953978906999,0.0217375941071289,0.024975588751243,0.0403675917802486,0.0371371288484761,0.00323799464411409,0.0153920030290056,-0.00323046293177255,-0.00162849161239163,0.0355086372360845
"2021-10-01",30,"2024-04-01","2024-06-01",1008,27,0.0267857142857143,0.0272547076313181,-3.57489600904399,-3.80673473380674,0.231838724762751,0.125435575789942,0.106403148972809,0.496040586341508,-0.389637437368699,-0.166238059830077,-0.223399377538623,-3.35149663150537,0.0338461892152793,0.0272547076313181,0.0217375941071289,0.0245712715617039,0.0397242530012922,0.0338461892152793,0.00283367745457492,0.0151529814395883,-0.00587806378601285,-0.00706047492956506,0.0267857142857143
"2021-10-01",31,"2024-05-01","2024-07-01",983,24,0.0244150559511699,0.0248983739837398,-3.66773919789707,-3.80673473380674,0.138995535909668,0.116476719657313,0.0225188162523543,0.496040586341508,-0.473521770089154,-0.137386364523851,-0.336135405565303,-3.33160379233177,0.0345027643330253,0.0248983739837398,0.0217375941071289,0.0243574620690612,0.0393839120418048,0.0345027643330253,0.00261986796193227,0.0150264499727436,-0.00488114770877943,-0.0100877083818555,0.0244150559511699
"2021-10-01",32,"2024-06-01","2024-08-01",966,33,0.0341614906832298,0.0346432264736298,-3.32739552415076,-3.80673473380674,0.479339209655985,0.132416258675008,0.346922950980977,0.496040586341508,-0.149117635360532,-0.0436523443082237,-0.105465291052308,-3.22193023309845,0.0383487386818609,0.0346432264736298,0.0217375941071289,0.0247391376828066,0.0399913970425325,0.0383487386818609,0.00300154357567763,0.0152522593597259,-0.00164265836067152,-0.00418724799863113,0.0341614906832298
"2021-10-01",33,"2024-07-01","2024-09-01",955,43,0.0450261780104712,0.0455020920502092,-3.04342714736201,-3.80673473380674,0.763307586444733,0.139526428591446,0.623781157853287,0.496040586341508,0.127740571511779,0.012370769741451,0.115369801770328,-3.15879694913234,0.040746049816818,0.0455020920502092,0.0217375941071289,0.0249112664840387,0.0402652658916286,0.040746049816818,0.0031736723769098,0.0153539994075899,0.00048078392518941,0.0042801281936532,0.0450261780104712
"2021-10-01",34,"2024-08-01","2024-10-01",929,41,0.0441334768568353,0.0446236559139785,-3.06384122035805,-3.80673473380674,0.742893513448688,0.131428628410337,0.611464885038351,0.496040586341508,0.115424298696843,-0.0445556309177286,0.159979929614572,-3.22382114997263,0.0382790660768999,0.0446236559139785,0.0217375941071289,0.0247153201974912,0.0399534970789922,0.0382790660768999,0.00297772609036222,0.0152381768815011,-0.00167443100209232,0.00585441077993541,0.0441334768568353
"2021-11-01",1,"2021-12-01","2022-02-01",2910,16,0.00549828178694158,0.00566815527310203,-5.16720728261252,-3.80673473380674,-1.36047254880578,-1.7073653881347,0.346892839328915,0.495628653737158,-0.148735814408243,-0.571170004196953,0.42243418978871,-5.58964147240123,0.00372245874253638,0.00566815527310202,0.0217375941071289,0.00401337969127483,0.00657116384251886,0.00372245874253638,-0.0177242144158541,0.00255778415124403,-0.00284870509998249,0.0017758230444052,0.00549828178694158
"2021-11-01",2,"2022-01-01","2022-03-01",2851,25,0.00876885303402315,0.00894109396914446,-4.70811602395097,-3.80673473380674,-0.901381290144224,-0.802500335743768,-0.0988809544004563,0.495628653737158,-0.594509608137614,-0.575151865655676,-0.0193577424819384,-4.68875828146903,0.00911426657976384,0.00894109396914445,0.0217375941071289,0.00986122148763851,0.0160857269912984,0.00911426657976384,-0.0118763726194904,0.00622450550365988,-0.00697146041153455,-0.000345413545740686,0.00876885303402315
"2021-11-01",3,"2022-02-01","2022-04-01",2799,41,0.0146480886030725,0.0148214285714286,-4.19674890547583,-3.80673473380674,-0.390014171669091,-0.337459829206784,-0.0525543424623074,0.495628653737158,-0.548182996199465,-0.323592955257691,-0.224590040941774,-3.97215886453406,0.0184846160808346,0.0148214285714286,0.0217375941071289,0.0156087071675435,0.0253681364136628,0.0184846160808346,-0.00612888693958539,0.00975942924611928,-0.0068835203328282,-0.0038365274777621,0.0146480886030725
"2021-11-01",4,"2022-03-01","2022-05-01",2705,62,0.0229205175600739,0.0230968218773097,-3.74469251893315,-3.80673473380674,0.0620422148735922,-0.182480278425218,0.24452249329881,0.495628653737158,-0.251106160438348,-0.0272117273172376,-0.22389443312111,-3.52079808581204,0.0287262201376949,0.0230968218773097,0.0217375941071289,0.0181776956171205,0.0294952701823929,0.0287262201376949,-0.00355989849000843,0.0113175745652723,-0.000769050044697947,-0.00580570257762097,0.0229205175600739
"2021-11-01",5,"2022-04-01","2022-06-01",2640,82,0.0310606060606061,0.0312381673608482,-3.43437813490451,-3.80673473380674,0.37235659890223,-0.110329660461367,0.482686259363597,0.495628653737158,-0.0129423943735605,0.13946557299406,-0.152407967367621,-3.28197016753689,0.0361949245338407,0.0312381673608481,0.0217375941071289,0.019511164970081,0.0316322197309812,0.0361949245338407,-0.00222642913704798,0.0121210547609002,0.00456270480285952,-0.00513431847323465,0.0310606060606061
"2021-11-01",6,"2022-05-01","2022-07-01",2561,104,0.0406091370558376,0.0407884465261514,-3.15771278061646,-3.80673473380674,0.649021953190285,-0.00462210480800024,0.653644057998285,0.495628653737158,0.158015404261127,0.182199961940181,-0.0241845576790536,-3.1335282229374,0.0417452406351783,0.0407884465261514,0.0217375941071289,0.0216395216911312,0.0350355437833127,0.0417452406351783,-9.8072415997727e-05,0.0133960220921815,0.00670969685186563,-0.00113610357934077,0.0406091370558376
"2021-11-01",7,"2022-06-01","2022-08-01",2468,99,0.0401134521880065,0.0402997164844066,-3.1702765972431,-3.80673473380674,0.636458136563645,0.0795860484344686,0.556872088129177,0.495628653737158,0.061243434392019,0.163317043844825,-0.102073609452806,-3.06820298779029,0.0444380722733872,0.0402997164844066,0.0217375941071289,0.0234959992497771,0.0379966464692636,0.0444380722733872,0.00175840514264819,0.0145006472194865,0.00644142580412358,-0.00432462008538072,0.0401134521880065
"2021-11-01",8,"2022-07-01","2022-09-01",2380,112,0.0470588235294118,0.0472490550188996,-3.00392087745954,-3.80673473380674,0.802813856347198,0.14017796756865,0.662635888778547,0.495628653737158,0.167007235041389,0.2976639458145,-0.13065671077311,-2.87326416668643,0.0534911466837059,0.0472490550188996,0.0217375941071289,0.0249270977186229,0.0402745262541667,0.0534911466837059,0.00318950361149392,0.0153474285355439,0.0132166204295392,-0.00643232315429416,0.0470588235294118
"2021-11-01",9,"2022-08-01","2022-10-01",2291,118,0.0515058926233086,0.0517015706806283,-2.90918108985366,-3.80673473380674,0.89755364395308,0.188722894148899,0.708830749804182,0.495628653737158,0.213202096067024,0.288943584343451,-0.0757414882764272,-2.83343960157723,0.0555436852126782,0.0517015706806283,0.0217375941071289,0.026134629384257,0.0421933548201482,0.0555436852126782,0.00439703527712805,0.0160587254358912,0.01335033039253,-0.00403779258936963,0.0515058926233086
"2021-11-01",10,"2022-09-01","2022-11-01",2197,135,0.0614474283113336,0.0616469517743403,-2.72270247788908,-3.80673473380674,1.08403225591766,0.249100324734697,0.834931931182964,0.495628653737158,0.339303277445806,0.299585493365441,0.0397177840803643,-2.76242026196944,0.0593890211214939,0.0616469517743403,0.0217375941071289,0.0277160988991316,0.044701971602361,0.0593890211214939,0.00597850479200264,0.0169858727032294,0.0146870495191329,0.00205840718983975,0.0614474283113336
"2021-11-01",11,"2022-10-01","2022-12-01",2118,144,0.0679886685552408,0.0681925436526663,-2.61479097317422,-3.80673473380674,1.19194376063252,0.289264109856582,0.902679650775942,0.495628653737158,0.407050997038784,0.328594061749957,0.0784569352888269,-2.69324790846304,0.0633729591813354,0.0681925436526664,0.0217375941071289,0.0288192054610655,0.0464488230136012,0.0633729591813354,0.00708161135393656,0.0176296175525357,0.0169241361677342,0.00461570937390542,0.0679886685552408
"2021-11-01",12,"2022-11-01","2023-01-01",2035,129,0.0633906633906634,0.0636051080550098,-2.68934349815803,-3.80673473380674,1.11739123564872,0.294297372332265,0.82309386331645,0.495628653737158,0.327465209579292,0.422005802626359,-0.0945405930470669,-2.59480290511096,0.0694736464243277,0.0636051080550099,0.0217375941071289,0.0289604143169464,0.0466722625075299,0.0694736464243277,0.00722282020981744,0.0177118481905835,0.0228013839167978,-0.00608298303366427,0.0633906633906634
"2021-11-01",13,"2022-12-01","2023-02-01",1952,119,0.0609631147540984,0.0611879160266257,-2.73066561613982,-3.80673473380674,1.07606911766693,0.303514845354915,0.772554272312011,0.495628653737158,0.276925618574853,0.487599424379471,-0.210673805804618,-2.5199918103352,0.0744685096199244,0.0611879160266257,0.0217375941071289,0.0292207539062206,0.0470841023777248,0.0744685096199244,0.0074831597990917,0.0178633484715041,0.0273844072421996,-0.013505394865826,0.0609631147540984
"2021-11-01",14,"2023-01-01","2023-03-01",1861,106,0.0569586243954863,0.0571965628356606,-2.80236401045901,-3.80673473380674,1.00437072334773,0.282992614882479,0.721378108465255,0.495628653737158,0.225749454728097,0.426373509370134,-0.200624054642037,-2.60173995581697,0.0690265236612728,0.0571965628356606,0.0217375941071289,0.028644192466134,0.0461718389345582,0.0690265236612728,0.0069065983590051,0.0175276464684241,0.0228546847267147,-0.0120678992657866,0.0569586243954863
"2021-11-01",15,"2023-02-01","2023-04-01",1802,116,0.0643729189789123,0.0646145313366611,-2.67251938149595,-3.80673473380674,1.13421535231079,0.290285959980498,0.843929392330294,0.495628653737158,0.348300738593136,0.39168808486067,-0.0433873462675346,-2.62913203522842,0.0672869030604132,0.0646145313366611,0.0217375941071289,0.0288478194500509,0.0464941030961282,0.0672869030604132,0.00711022534292199,0.0176462836460772,0.020792799964285,-0.00291398408150086,0.0643729189789123
"2021-11-01",16,"2023-03-01","2023-05-01",1722,112,0.0650406504065041,0.0652930934416715,-2.66134674712678,-3.80673473380674,1.14538798667996,0.255943184868061,0.889444801811902,0.495628653737158,0.393816148074744,0.346482791206875,0.0473333568678692,-2.70868010399465,0.0624631017971159,0.0652930934416715,0.0217375941071289,0.02790109687394,0.0449950991923039,0.0624631017971159,0.00616350276681102,0.0170940023183639,0.017468002604812,0.00257754860938822,0.0650406504065041
"2021-11-01",17,"2023-04-01","2023-06-01",1656,99,0.0597826086956522,0.06004828002414,-2.75067960649706,-3.80673473380674,1.05605512730968,0.264080020949498,0.791975106360182,0.495628653737158,0.296346452623024,0.319348850535649,-0.0230023979126253,-2.72767720858444,0.0613598072571648,0.06004828002414,0.0217375941071289,0.028122639040942,0.0453460407894914,0.0613598072571648,0.00638504493381307,0.0172234017485494,0.0160137664676734,-0.00157719856151263,0.0597826086956522
"2021-11-01",18,"2023-05-01","2023-07-01",1591,80,0.0502828409805154,0.0505653266331658,-2.932600629795,-3.80673473380674,0.874134104011746,0.253616829857505,0.620517274154241,0.495628653737158,0.124888620417083,0.292095942153473,-0.16720732173639,-2.76539330805861,0.0592231583193192,0.0505653266331658,0.0217375941071289,0.0278380692675519,0.0448952402067727,0.0592231583193192,0.00610047516042296,0.0170571709392207,0.0143279181125466,-0.0089403173388038,0.0502828409805154
"2021-11-01",19,"2023-06-01","2023-08-01",1534,63,0.0410691003911343,0.0413680781758958,-3.14299766177488,-3.80673473380674,0.66373707203186,0.241048700025503,0.422688372006357,0.495628653737158,-0.0729402817308007,0.239383581080561,-0.312323862811362,-2.83067379896352,0.0556889537850156,0.0413680781758958,0.0217375941071289,0.0274999475031061,0.0443593950914366,0.0556889537850156,0.00576235339597715,0.0168594475883305,0.011329558693579,-0.0146198533938813,0.0410691003911343
"2021-11-01",20,"2023-07-01","2023-09-01",1481,57,0.0384875084402431,0.0387989203778677,-3.20979120613466,-3.80673473380674,0.596943527672083,0.19016434378928,0.406779183882803,0.495628653737158,-0.0888494698543547,0.191184517457473,-0.280033987311828,-2.92975721882283,0.0507020090340692,0.0387989203778677,0.0217375941071289,0.0261713416691865,0.0422516466904972,0.0507020090340692,0.00443374756205756,0.0160803050213107,0.00845036234357202,-0.0122145005938261,0.0384875084402431
"2021-11-01",21,"2023-08-01","2023-10-01",1439,57,0.0396108408617095,0.0399305555555556,-3.17986378559319,-3.80673473380674,0.626870948213556,0.159736706239509,0.467134241974047,0.495628653737158,-0.0284944117631111,0.0714730267921096,-0.0999674385552206,-3.07989634703796,0.0439441699704654,0.0399305555555555,0.0217375941071289,0.0254069305137959,0.0410373549525209,0.0439441699704654,0.00366933640666691,0.0156304244387251,0.00290681501794453,-0.00433332910875593,0.0396108408617095
"2021-11-01",22,"2023-09-01","2023-11-01",1386,57,0.0411255411255411,0.0414563806777217,-3.14077326287977,-3.80673473380674,0.665961470926971,0.116545108534489,0.549416362392482,0.495628653737158,0.053787708655324,0.0139751005053017,0.0398126081500223,-3.18058587102979,0.0399028828058596,0.0414563806777217,0.0217375941071289,0.0243590873272493,0.0393709168704861,0.0399028828058596,0.00262149322012033,0.0150118295432368,0.000531965935373496,0.00122265831968156,0.0411255411255411
"2021-11-01",23,"2023-10-01","2023-12-01",1334,52,0.0389805097451274,0.0393258426966292,-3.19575340744735,-3.80673473380674,0.610981326359395,0.134096448024832,0.476884878334563,0.495628653737158,-0.0187437754025947,-0.0250776381505152,0.00633386274792049,-3.20208727019527,0.039087250636765,0.0393258426966292,0.0217375941071289,0.0247797081878399,0.0400401164803955,0.039087250636765,0.00304211408071098,0.0152604082925556,-0.000952865843630482,-0.000106740891637598,0.0389805097451274
"2021-11-01",24,"2023-11-01","2024-01-01",1297,44,0.0339244410177332,0.0342835130970724,-3.33820572842615,-3.80673473380674,0.468529005380588,0.136933913842919,0.331595091537669,0.495628653737158,-0.164033562199489,-0.0172058636289703,-0.146827698570519,-3.19137802985563,0.0394914750785207,0.0342835130970724,0.0217375941071289,0.024848370001482,0.040149322339584,0.0394914750785207,0.00311077589435308,0.015300952338102,-0.000657847261063278,-0.00556703406078748,0.0339244410177332
"2021-11-01",25,"2023-12-01","2024-02-01",1262,45,0.0356576862123613,0.0360253365003959,-3.28684252899984,-3.80673473380674,0.519892204806901,0.153144376103385,0.366747828703517,0.495628653737158,-0.128880825033641,0.0189999931988004,-0.147880818232442,-3.1389617107674,0.0415284275090337,0.0360253365003959,0.0217375941071289,0.025244204774237,0.0407787085757142,0.0415284275090337,0.00350661066710802,0.0155345038014773,0.000749718933319446,-0.00587074129667235,0.0356576862123613
"2021-11-01",26,"2024-01-01","2024-03-01",1233,43,0.0348742903487429,0.0352512155591572,-3.30936772783228,-3.80673473380674,0.497367005974462,0.150824454081345,0.346542551893117,0.495628653737158,-0.149086101844041,0.0600410097677618,-0.209127111611803,-3.10024061622048,0.0430973308489736,0.0352512155591572,0.0217375941071289,0.0251871814349458,0.0406880595713798,0.0430973308489736,0.00344958732781681,0.015500878136434,0.00240927127759381,-0.00822304050023068,0.0348742903487429
"2021-11-01",27,"2024-02-01","2024-04-01",1205,42,0.0348547717842324,0.035240464344942,-3.30968390681198,-3.80673473380674,0.497050826994766,0.182987039848669,0.314063787146097,0.495628653737158,-0.181564866591061,0.0401744278599255,-0.221739294450987,-3.08794461236099,0.0436072759304693,0.0352404643449419,0.0217375941071289,0.0259890387722965,0.0419621590401995,0.0436072759304693,0.00425144466516755,0.015973120267903,0.00164511689026983,-0.00875250414623694,0.0348547717842324
"2021-11-01",28,"2024-03-01","2024-05-01",1167,41,0.0351328191945159,0.0355308219178082,-3.30117733263565,-3.80673473380674,0.505557401171095,0.161161887237147,0.344395513933947,0.495628653737158,-0.151233139803211,-0.0867707337031682,-0.0644624061000423,-3.2367149265356,0.0378072130659031,0.0355308219178082,0.0217375941071289,0.0254422438960924,0.0410934772146102,0.0378072130659031,0.00370464978896346,0.0156512333185178,-0.00328626414870713,-0.00267439387138721,0.0351328191945159
"2021-11-01",29,"2024-04-01","2024-06-01",1133,37,0.0326566637246249,0.0330687830687831,-3.37553763488158,-3.80673473380674,0.431197098925163,0.142171123824215,0.289025975100948,0.495628653737158,-0.20660267863621,-0.166238059830077,-0.0403646188061335,-3.33517301607544,0.0343840625414672,0.033068783068783,0.0217375941071289,0.024975588751243,0.0403516373357087,0.0343840625414672,0.00323799464411409,0.0153760485844656,-0.00596757479424148,-0.0017273988168423,0.0326566637246249
"2021-11-01",30,"2024-05-01","2024-07-01",1112,44,0.039568345323741,0.0399820305480683,-3.17852188558701,-3.80673473380674,0.628212848219734,0.125435575789942,0.502777272429791,0.495628653737158,0.0071486186926335,-0.137386364523851,0.144534983216485,-3.32305686880349,0.0347886177628125,0.0399820305480683,0.0217375941071289,0.0245712715617039,0.0397085423016634,0.0347886177628125,0.00283367745457492,0.0151372707399596,-0.00491992453885097,0.00477972756092853,0.039568345323741
"2021-11-01",31,"2024-06-01","2024-08-01",1081,43,0.0397779833487512,0.0402033271719039,-3.17277170522153,-3.80673473380674,0.633963028585213,0.116476719657313,0.517486308927899,0.495628653737158,0.0218576551907416,-0.0436523443082237,0.0655099994989653,-3.23828170472049,0.0377502583346628,0.0402033271719039,0.0217375941071289,0.0243574620690612,0.0393683304266518,0.0377502583346628,0.00261986796193227,0.0150108683575906,-0.00161807209198902,0.00202772501408836,0.0397779833487512
"2021-11-01",32,"2024-07-01","2024-09-01",1062,39,0.0367231638418079,0.0371589840075259,-3.25468273319427,-3.80673473380674,0.552052000612473,0.132416258675008,0.419635741937465,0.495628653737158,-0.0759929117996929,0.012370769741451,-0.0883636815411439,-3.16631905165312,0.0404530558978074,0.0371589840075258,0.0217375941071289,0.0247391376828066,0.0399755850873586,0.0404530558978074,0.00300154357567763,0.0152364474045521,0.000477470810448737,-0.00372989205599947,0.0367231638418079
"2021-11-01",33,"2024-08-01","2024-10-01",1030,30,0.029126213592233,0.0295829291949564,-3.49052847041042,-3.80673473380674,0.316206263396319,0.139526428591446,0.176679834804874,0.495628653737158,-0.318948818932284,-0.0445556309177286,-0.274393188014556,-3.21613528239587,0.0385630181790373,0.0295829291949564,0.0217375941071289,0.0249112664840387,0.0402493501930073,0.0385630181790373,0.0031736723769098,0.0153380837089686,-0.00168633201396999,-0.0094368045868043,0.029126213592233
"2021-11-01",34,"2024-09-01","2024-11-01",993,24,0.0241691842900302,0.0246478873239437,-3.67810735713203,-3.80673473380674,0.128627376674716,0.131428628410337,-0.00280125173562049,0.495628653737158,-0.498429905472778,-0.120872882653184,-0.377557022819594,-3.30055033431243,0.03555231439461,0.0246478873239437,0.0217375941071289,0.0247153201974912,0.039937699485456,0.03555231439461,0.00297772609036222,0.0152223792879648,-0.00438538509084595,-0.0113831301045798,0.0241691842900302
"2021-12-01",1,"2022-01-01","2022-03-01",2465,7,0.00283975659229209,0.00304136253041363,-5.79240366630973,-3.80673473380674,-1.98566893250299,-1.7073653881347,-0.27830354436829,0.473817533210765,-0.752121077579054,-0.575151865655676,-0.176969211923379,-5.61543445438635,0.00362801697238807,0.00304136253041363,0.0217375941071289,0.00401337969127483,0.00643030276868272,0.00362801697238807,-0.0177242144158541,0.00241692307740789,-0.00280228579629465,-0.000788260380095981,0.00283975659229209
"2021-12-01",2,"2022-02-01","2022-04-01",2418,22,0.00909842845326716,0.00930136420008268,-4.66824930938931,-3.80673473380674,-0.861514575582571,-0.802500335743768,-0.0590142398388029,0.473817533210765,-0.532831773049568,-0.323592955257691,-0.209238817791877,-4.45901049159744,0.0114413895367756,0.00930136420008267,0.0217375941071289,0.00986122148763851,0.0157441417772897,0.0114413895367756,-0.0118763726194904,0.00588292028965116,-0.00430275224051409,-0.00234296108350842,0.00909842845326716
"2021-12-01",3,"2022-03-01","2022-05-01",2367,44,0.0185889311364597,0.0187922297297297,-3.95534075935284,-3.80673473380674,-0.148606025546097,-0.337459829206784,0.188853803660687,0.473817533210765,-0.284963729550078,-0.0272117273172376,-0.257752002232841,-3.69758875712,0.0241838591006555,0.0187922297297297,0.0217375941071289,0.0156087071675435,0.0248344117240498,0.0241838591006555,-0.00612888693958539,0.00922570455650627,-0.000650552623394314,-0.00559492796419585,0.0185889311364597
"2021-12-01",4,"2022-04-01","2022-06-01",2298,62,0.0269799825935596,0.0271857329273597,-3.57750086613055,-3.80673473380674,0.229233867676194,-0.182480278425218,0.411714146101412,0.473817533210765,-0.0621033871093524,0.13946557299406,-0.201568960103413,-3.37593190602713,0.0330561784754465,0.0271857329273597,0.0217375941071289,0.0181776956171205,0.0288772867217322,0.0330561784754465,-0.00355989849000843,0.0106995911046117,0.00417889175371432,-0.00607619588188693,0.0269799825935596
"2021-12-01",5,"2022-05-01","2022-07-01",2233,74,0.0331392745185849,0.033348254252462,-3.36683286701524,-3.80673473380674,0.439901866791499,-0.110329660461367,0.550231527252867,0.473817533210765,0.076413994042102,0.182199961940181,-0.105785967898079,-3.26104689911716,0.0369319551468361,0.033348254252462,0.0217375941071289,0.019511164970081,0.0309708918187619,0.0369319551468361,-0.00222642913704798,0.0114597268486809,0.00596106332807417,-0.00379268062825121,0.0331392745185849
"2021-12-01",6,"2022-06-01","2022-08-01",2160,85,0.0393518518518519,0.0395650161962055,-3.18944099155038,-3.80673473380674,0.617293742256362,-0.00462210480800024,0.621915847064362,0.473817533210765,0.148098313853598,0.163317043844825,-0.0152187299912274,-3.17422226155915,0.0401473918424814,0.0395650161962055,0.0217375941071289,0.0216395216911312,0.0343055839821999,0.0401473918424814,-9.8072415997727e-05,0.0126660622910687,0.00584180786028157,-0.00079553999062959,0.0393518518518519
"2021-12-01",7,"2022-07-01","2022-09-01",2070,88,0.042512077294686,0.0427329792370835,-3.10911140149512,-3.80673473380674,0.697623332311622,0.0795860484344686,0.618037283877153,0.473817533210765,0.144219750666388,0.2976639458145,-0.153444195148111,-2.95566720634701,0.049469346020556,0.0427329792370835,0.0217375941071289,0.0234959992497771,0.0372073713980032,0.049469346020556,0.00175840514264819,0.0137113721482261,0.0122619746225528,-0.00695726872586999,0.042512077294686
"2021-12-01",8,"2022-08-01","2022-10-01",2002,95,0.0474525474525475,0.0476784822765851,-2.99442251567193,-3.80673473380674,0.812312218134814,0.14017796756865,0.672134250566163,0.473817533210765,0.198316717355398,0.288943584343451,-0.0906268669880525,-2.90379564868387,0.0519662492511611,0.0476784822765851,0.0217375941071289,0.0249270977186229,0.0394398744116305,0.0519662492511611,0.00318950361149392,0.0145127766930077,0.0125263748395306,-0.00451370179861368,0.0474525474525475
"2021-12-01",9,"2022-09-01","2022-11-01",1924,80,0.0415800415800416,0.0418181818181818,-3.13170633261221,-3.80673473380674,0.675028401194528,0.188722894148899,0.48630550704563,0.473817533210765,0.0124879738348649,0.299585493365441,-0.287097519530577,-2.84460881308164,0.0549606644979839,0.0418181818181818,0.0217375941071289,0.026134629384257,0.041320649160611,0.0549606644979839,0.00439703527712805,0.015186019776354,0.0136400153373729,-0.0133806229179423,0.0415800415800416
"2021-12-01",10,"2022-10-01","2022-12-01",1835,89,0.0485013623978202,0.0487472766884532,-2.97113043896608,-3.80673473380674,0.835604294840664,0.249100324734697,0.586503970105967,0.473817533210765,0.112686436895202,0.328594061749957,-0.215907624854755,-2.75522281411132,0.0597923620676129,0.0487472766884532,0.0217375941071289,0.0277160988991316,0.0437797506688052,0.0597923620676129,0.00597850479200264,0.0160636517696736,0.0160126113988076,-0.0112909996697927,0.0485013623978202
"2021-12-01",11,"2022-11-01","2023-01-01",1748,89,0.0509153318077803,0.0511720983419097,-2.92003300587922,-3.80673473380674,0.886701727927521,0.289264109856582,0.597437618070939,0.473817533210765,0.123620084860175,0.422005802626359,-0.298385717766184,-2.62164728811304,0.0677581652162739,0.0511720983419097,0.0217375941071289,0.0288192054610655,0.0454922799637983,0.0677581652162739,0.00708161135393656,0.0166730745027328,0.0222658852524757,-0.0168428334084936,0.0509153318077803
"2021-12-01",12,"2022-12-01","2023-02-01",1690,100,0.0591715976331361,0.0594322885866351,-2.76164598369007,-3.80673473380674,1.04508875011667,0.294297372332265,0.750791377784408,0.473817533210765,0.276973844573643,0.487599424379471,-0.210625579805828,-2.55102040388424,0.0723579636226648,0.0594322885866351,0.0217375941071289,0.0289604143169464,0.0457113386420955,0.0723579636226648,0.00722282020981744,0.0167509243251492,0.0266466249805692,-0.0131863659895287,0.0591715976331361
"2021-12-01",13,"2023-01-01","2023-03-01",1617,87,0.0538033395176252,0.0540791100123609,-2.8617109650219,-3.80673473380674,0.945023768784843,0.303514845354915,0.641508923429928,0.473817533210765,0.167691390219163,0.426373509370134,-0.25868211915097,-2.60302884587093,0.0689437431797484,0.054079110012361,0.0217375941071289,0.0292207539062206,0.0461151094072102,0.0689437431797484,0.0074831597990917,0.0168943555009896,0.0228286337725382,-0.0151404036621232,0.0538033395176252
"2021-12-01",14,"2023-02-01","2023-04-01",1560,78,0.05,0.0502882767456758,-2.93838650608352,-3.80673473380674,0.868348227723224,0.282992614882479,0.585355612840744,0.473817533210765,0.11153807962998,0.39168808486067,-0.280150005230691,-2.65823650085283,0.0654831683141686,0.0502882767456758,0.0217375941071289,0.028644192466134,0.0452207294449046,0.0654831683141686,0.0069065983590051,0.0165765369787706,0.020262438869264,-0.0154831683141686,0.05
"2021-12-01",15,"2023-03-01","2023-05-01",1501,78,0.0519653564290473,0.0522636484687084,-2.89777528192973,-3.80673473380674,0.908959451877012,0.290285959980498,0.618673491896514,0.473817533210765,0.144855958685749,0.346482791206875,-0.201626832521125,-2.6961484494086,0.0632010101597516,0.0522636484687084,0.0217375941071289,0.0288478194500509,0.0455366721018773,0.0632010101597516,0.00711022534292199,0.0166888526518264,0.0176643380578743,-0.0112356537307043,0.0519653564290473
"2021-12-01",16,"2023-04-01","2023-06-01",1443,72,0.0498960498960499,0.050207756232687,-2.94007374851703,-3.80673473380674,0.866660985289712,0.255943184868061,0.610717800421652,0.473817533210765,0.136900267210887,0.319348850535649,-0.182448583324762,-2.75762516519227,0.0596574512686732,0.050207756232687,0.0217375941071289,0.02790109687394,0.044067109869472,0.0596574512686732,0.00616350276681102,0.016166012995532,0.0155903413992012,-0.0097614013726233,0.0498960498960499
"2021-12-01",17,"2023-05-01","2023-07-01",1390,72,0.0517985611510791,0.0521207764198418,-2.90066344393271,-3.80673473380674,0.906071289874029,0.264080020949498,0.641991268924531,0.473817533210765,0.168173735713766,0.292095942153473,-0.123922206439707,-2.77674123749301,0.0585940531020385,0.0521207764198418,0.0217375941071289,0.028122639040942,0.0444111501543811,0.0585940531020385,0.00638504493381307,0.0162885111134391,0.0141829029476573,-0.00679549195095934,0.0517985611510791
"2021-12-01",18,"2023-06-01","2023-08-01",1329,55,0.0413844996237773,0.0417293233082707,-3.13392620306378,-3.80673473380674,0.67280853074296,0.253616829857505,0.419191700885455,0.473817533210765,-0.0546258323253098,0.239383581080561,-0.294009413405871,-2.83991678965791,0.0552048776490099,0.0417293233082707,0.0217375941071289,0.0278380692675519,0.0439692155769683,0.0552048776490099,0.00610047516042296,0.0161311463094164,0.0112356620720416,-0.0138203780252327,0.0413844996237773
"2021-12-01",19,"2023-07-01","2023-09-01",1299,57,0.0438799076212471,0.0442307692307692,-3.07309581016748,-3.80673473380674,0.733638923639262,0.241048700025503,0.492590223613759,0.473817533210765,0.0187726904029946,0.191184517457473,-0.172411827054479,-2.900683983113,0.0521197617073832,0.0442307692307692,0.0217375941071289,0.0274999475031061,0.0434439202513974,0.0521197617073832,0.00576235339597715,0.0159439727482913,0.00867584145598582,-0.0082398540861361,0.0438799076212471
"2021-12-01",20,"2023-08-01","2023-10-01",1253,57,0.0454908220271349,0.0458532695374801,-3.03537095954512,-3.80673473380674,0.771363774261618,0.19016434378928,0.581199430472338,0.473817533210765,0.107381897261573,0.0714730267921096,0.0359088704694639,-3.07127983001459,0.044307602288327,0.04585326953748,0.0217375941071289,0.0261713416691865,0.0413777874378979,0.044307602288327,0.00443374756205756,0.0152064457687114,0.00292981485042911,0.00118321973880786,0.0454908220271349
"2021-12-01",21,"2023-09-01","2023-11-01",1216,53,0.0435855263157895,0.0439605587510271,-3.07950632884039,-3.80673473380674,0.727228404966356,0.159736706239509,0.567491698726847,0.473817533210765,0.0936741655160819,0.0139751005053017,0.0796990650107801,-3.15920539385117,0.0407300884187109,0.0439605587510271,0.0217375941071289,0.0254069305137959,0.0401875561820518,0.0407300884187109,0.00366933640666691,0.014780625668256,0.000542532236659066,0.00285543789707859,0.0435855263157895
"2021-12-01",22,"2023-10-01","2023-12-01",1173,54,0.0460358056265985,0.0464224872231687,-3.02243673436961,-3.80673473380674,0.78429799943713,0.116545108534489,0.66775289090264,0.473817533210765,0.193935357691876,-0.0250776381505152,0.219012995842391,-3.241449730212,0.0376353476235967,0.0464224872231686,0.0217375941071289,0.0243590873272493,0.0385542392041031,0.0376353476235967,0.00262149322012033,0.0141951518768539,-0.00091889158050646,0.0084004580030018,0.0460358056265985
"2021-12-01",23,"2023-11-01","2024-01-01",1120,41,0.0366071428571429,0.0370205173951829,-3.25855982271821,-3.80673473380674,0.548174911088532,0.134096448024832,0.4140784630637,0.473817533210765,-0.0597390701470648,-0.0172058636289703,-0.0425332065180944,-3.21602661620012,0.0385670472793531,0.0370205173951829,0.0217375941071289,0.0247797081878399,0.0392101240877345,0.0385670472793531,0.00304211408071098,0.0144304158998945,-0.000643076808381375,-0.00195990442221023,0.0366071428571429
"2021-12-01",24,"2023-12-01","2024-02-01",1094,49,0.0447897623400366,0.0452054794520548,-3.05027784929404,-3.80673473380674,0.756456884512698,0.136933913842919,0.619522970669779,0.473817533210765,0.145705437459014,0.0189999931988004,0.126705444260213,-3.17698329355426,0.0400411288627317,0.0452054794520548,0.0217375941071289,0.024848370001482,0.0393171589322393,0.0400411288627317,0.00311077589435308,0.0144687889307573,0.000723969930492362,0.00474863347730491,0.0447897623400366
"2021-12-01",25,"2024-01-01","2024-03-01",1057,43,0.0406811731315043,0.0411153119092628,-3.14939022117123,-3.80673473380674,0.65734451263551,0.153144376103385,0.504200136532126,0.473817533210765,0.0303826033213608,0.0600410097677618,-0.029658406446401,-3.11973181472483,0.0423006350403393,0.0411153119092628,0.0217375941071289,0.025244204774237,0.0399340427959091,0.0423006350403393,0.00350661066710802,0.0146898380216722,0.00236659224443013,-0.001619461908835,0.0406811731315043
"2021-12-01",26,"2024-02-01","2024-04-01",1035,46,0.0444444444444444,0.0448841698841699,-3.05774745244931,-3.80673473380674,0.748987281357431,0.150824454081345,0.598162827276086,0.473817533210765,0.124345294065321,0.0401744278599255,0.0841708662053956,-3.14191831865471,0.0414109026221284,0.0448841698841699,0.0217375941071289,0.0251871814349458,0.0398451934449648,0.0414109026221284,0.00344958732781681,0.0146580120100191,0.00156570917716357,0.00303354182231606,0.0444444444444444
"2021-12-01",27,"2024-03-01","2024-05-01",1004,39,0.0388446215139442,0.0393034825870647,-3.19634542996149,-3.80673473380674,0.610389303845248,0.182987039848669,0.427402263996579,0.473817533210765,-0.0464152692141858,-0.0867707337031682,0.0403554644889825,-3.23670089445048,0.0378077235259888,0.0393034825870647,0.0217375941071289,0.0259890387722965,0.0410940301497258,0.0378077235259888,0.00425144466516755,0.0151049913774293,-0.00328630662373696,0.00103689798795541,0.0388446215139442
"2021-12-01",28,"2024-04-01","2024-06-01",973,41,0.0421377183967112,0.0426078028747433,-3.11217572428132,-3.80673473380674,0.694559009525423,0.161161887237147,0.533397122288276,0.473817533210765,0.059579589077511,-0.166238059830077,0.225817648907588,-3.33799337318891,0.034290544482292,0.0426078028747433,0.0217375941071289,0.0254422438960924,0.0402425650384837,0.034290544482292,0.00370464978896346,0.0148003211423913,-0.00595202055619171,0.00784717391441921,0.0421377183967112
"2021-12-01",29,"2024-05-01","2024-07-01",935,34,0.0363636363636364,0.0368589743589744,-3.26310071860606,-3.80673473380674,0.543634015200683,0.142171123824215,0.401462891376468,0.473817533210765,-0.0723546418342969,-0.137386364523851,0.0650317226895545,-3.32813244129561,0.0346185901491484,0.0368589743589744,0.0217375941071289,0.024975588751243,0.0395154532360591,0.0346185901491484,0.00323799464411409,0.0145398644848161,-0.0048968630869107,0.00174504621448795,0.0363636363636364
"2021-12-01",30,"2024-06-01","2024-08-01",915,37,0.0404371584699454,0.040938864628821,-3.15387497465079,-3.80673473380674,0.652859759155954,0.125435575789942,0.527424183366012,0.473817533210765,0.0536066501552475,-0.0436523443082237,0.0972589944634712,-3.25113396911426,0.0372861611336255,0.040938864628821,0.0217375941071289,0.0245712715617039,0.0388851447035391,0.0372861611336255,0.00283367745457492,0.0143138731418352,-0.00159898356991358,0.00315099733631985,0.0404371584699454
"2021-12-01",31,"2024-07-01","2024-09-01",888,32,0.036036036036036,0.0365579302587177,-3.27161422842848,-3.80673473380674,0.535120505378258,0.116476719657313,0.418643785720945,0.473817533210765,-0.0551737474898198,0.012370769741451,-0.0675445172312709,-3.20406971119721,0.03901285926607,0.0365579302587177,0.0217375941071289,0.0243574620690612,0.0385517042582068,0.03901285926607,0.00261986796193227,0.0141942421891455,0.000461155007863284,-0.002976823230034,0.036036036036036
"2021-12-01",32,"2024-08-01","2024-10-01",866,37,0.0427251732101617,0.0432525951557093,-3.09648217665413,-3.80673473380674,0.710252557152607,0.132416258675008,0.577836298477599,0.473817533210765,0.104018765266834,-0.0445556309177286,0.148574396184563,-3.2450565728387,0.037504929286342,0.0432525951557093,0.0217375941071289,0.0247391376828066,0.0391468758173769,0.037504929286342,0.00300154357567763,0.0144077381345703,-0.00164194653103488,0.00522024392381965,0.0427251732101617
"2021-12-01",33,"2024-09-01","2024-11-01",842,37,0.0439429928741093,0.0444839857651246,-3.06712226964066,-3.80673473380674,0.739612464166077,0.139526428591446,0.600086035574632,0.473817533210765,0.126268502363867,-0.120872882653184,0.247141385017051,-3.31426365465772,0.0350850904308938,0.0444839857651245,0.0217375941071289,0.0249112664840387,0.0394151986728736,0.0350850904308938,0.0031736723769098,0.0145039321888349,-0.00433010824197976,0.00885790244321542,0.0439429928741093
"2021-12-01",34,"2024-10-01","2024-12-01",806,29,0.0359801488833747,0.0365551425030979,-3.27169338070762,-3.80673473380674,0.535041353099126,0.131428628410337,0.403612724688789,0.473817533210765,-0.0702048085219754,-0.216270605622804,0.146065797100829,-3.41775917780844,0.0317450329474726,0.0365551425030979,0.0217375941071289,0.0247153201974912,0.0391097436034308,0.0317450329474726,0.00297772609036222,0.0143944234059396,-0.00736471065595818,0.0042351159359021,0.0359801488833747
"2022-01-01",1,"2022-02-01","2022-04-01",1629,10,0.00613873542050338,0.00644171779141104,-5.03849748144791,-3.80673473380674,-1.23176274764116,-1.7073653881347,0.475602640493534,0.577136397148297,-0.101533756654763,-0.323592955257691,0.222059198602928,-5.26055668005083,0.00516559151445041,0.00644171779141104,0.0217375941071289,0.00401337969127483,0.00712522159677721,0.00516559151445041,-0.0177242144158541,0.00311184190550238,-0.0019596300823268,0.000973143906052967,0.00613873542050338
"2022-01-01",2,"2022-03-01","2022-05-01",1600,24,0.015,0.0153029356652092,-4.16428936143443,-3.80673473380674,-0.357554627627693,-0.802500335743768,0.444945708116074,0.577136397148297,-0.132190689032223,-0.0272117273172376,-0.104978961714985,-4.05931039971945,0.0169680342950171,0.0153029356652092,0.0217375941071289,0.00986122148763851,0.0174279459361023,0.0169680342950171,-0.0118763726194904,0.00756672444846382,-0.000459911641085206,-0.00196803429501712,0.015
"2022-01-01",3,"2022-04-01","2022-06-01",1575,38,0.0241269841269841,0.0244289340101523,-3.68725475838693,-3.80673473380674,0.119479975419807,-0.337459829206784,0.456939804626591,0.577136397148297,-0.120196592521707,0.13946557299406,-0.259662165515767,-3.42759259287117,0.0314441682276393,0.0244289340101523,0.0217375941071289,0.0156087071675435,0.0274632753952282,0.0314441682276393,-0.00612888693958539,0.0118545682276846,0.00398089283241113,-0.00731718410065518,0.0241269841269841
"2022-01-01",4,"2022-05-01","2022-07-01",1534,39,0.0254237288135593,0.0257328990228013,-3.63391520616293,-3.80673473380674,0.172819527643815,-0.182480278425218,0.355299806069033,0.577136397148297,-0.221836591079264,0.182199961940181,-0.404036553019445,-3.22987865314348,0.0380566891335226,0.0257328990228013,0.0217375941071289,0.0181776956171205,0.0319201032353597,0.0380566891335226,-0.00355989849000843,0.0137424076182392,0.00613658589816297,-0.0126329603199633,0.0254237288135593
"2022-01-01",5,"2022-06-01","2022-08-01",1498,54,0.0360480640854473,0.0363575717144763,-3.27731781823709,-3.80673473380674,0.52941691556965,-0.110329660461367,0.639746576031017,0.577136397148297,0.0626101788827201,0.163317043844825,-0.100706864962105,-3.17661095327499,0.0400554432689807,0.0363575717144763,0.0217375941071289,0.019511164970081,0.0342265376736713,0.0400554432689807,-0.00222642913704798,0.0147153727035903,0.00582890559530942,-0.00400737918353342,0.0360480640854473
"2022-01-01",6,"2022-07-01","2022-09-01",1450,72,0.0496551724137931,0.0499655410062026,-2.94516466860322,-3.80673473380674,0.861570065203519,-0.00462210480800024,0.866192170011519,0.577136397148297,0.289055772863222,0.2976639458145,-0.00860817295127758,-2.93655649565194,0.0503757488467303,0.0499655410062026,0.0217375941071289,0.0216395216911312,0.0378980617092554,0.0503757488467303,-9.8072415997727e-05,0.0162585400181242,0.0124776871374749,-0.000720576432937235,0.0496551724137931
"2022-01-01",7,"2022-08-01","2022-10-01",1412,78,0.0552407932011331,0.0555555555555556,-2.83321334405622,-3.80673473380674,0.973521389750525,0.0795860484344686,0.893935341316056,0.577136397148297,0.316798944167759,0.288943584343451,0.0278553598243084,-2.86106870388052,0.0541119740094134,0.0555555555555556,0.0217375941071289,0.0234959992497771,0.0410907940129474,0.0541119740094134,0.00175840514264819,0.0175947947631703,0.013021179996466,0.00112881919171978,0.0552407932011331
"2022-01-01",8,"2022-09-01","2022-11-01",1354,72,0.0531757754800591,0.0535055350553506,-2.8729800151843,-3.80673473380674,0.933754718622446,0.14017796756865,0.793576751053795,0.577136397148297,0.216440353905498,0.299585493365441,-0.0831451394599435,-2.78983487572435,0.0578759582401008,0.0535055350553505,0.0217375941071289,0.0249270977186229,0.0435457699274604,0.0578759582401008,0.00318950361149392,0.0186186722088376,0.0143301883126404,-0.00470018276004176,0.0531757754800591
"2022-01-01",9,"2022-10-01","2022-12-01",1298,64,0.049306625577812,0.0496535796766744,-2.95175608498351,-3.80673473380674,0.854978648823234,0.188722894148899,0.666255754674335,0.577136397148297,0.0891193575260379,0.328594061749957,-0.239474704223919,-2.71228138075959,0.0622525377736389,0.0496535796766744,0.0217375941071289,0.026134629384257,0.0456130454238877,0.0622525377736389,0.00439703527712805,0.0194784160396307,0.0166394923497512,-0.0129459121958269,0.049306625577812
"2022-01-01",10,"2022-11-01","2023-01-01",1249,75,0.0600480384307446,0.0604,-2.74446514784399,-3.80673473380674,1.06226958596275,0.249100324734697,0.813169261228055,0.577136397148297,0.236032864079758,0.422005802626359,-0.185972938546601,-2.55849220929739,0.0718580386575367,0.0604,0.0217375941071289,0.0277160988991316,0.0483147247747518,0.0718580386575367,0.00597850479200264,0.0205986258756202,0.023543313882785,-0.0118100002267921,0.0600480384307446
"2022-01-01",11,"2022-12-01","2023-02-01",1200,82,0.0683333333333333,0.0686927560366361,-2.60694548758955,-3.80673473380674,1.19978924621719,0.289264109856582,0.91052513636061,0.577136397148297,0.333388739212313,0.487599424379471,-0.154210685167158,-2.45273480242239,0.0792387882517314,0.0686927560366361,0.0217375941071289,0.0288192054610655,0.0501953362762181,0.0792387882517314,0.00708161135393656,0.0213761308151526,0.0290434519755133,-0.0109054549183981,0.0683333333333333
"2022-01-01",12,"2023-01-01","2023-03-01",1150,83,0.0721739130434783,0.0725456125108601,-2.54822811324597,-3.80673473380674,1.25850662056077,0.294297372332265,0.964209248228506,0.577136397148297,0.387072851080209,0.426373509370134,-0.0393006582899249,-2.50892745495604,0.0752346972124821,0.0725456125108601,0.0217375941071289,0.0289604143169464,0.0504358449128187,0.0752346972124821,0.00722282020981744,0.0214754305958723,0.0247988522996634,-0.00306078416900382,0.0721739130434783
"2022-01-01",13,"2023-02-01","2023-04-01",1104,74,0.0670289855072464,0.067420814479638,-2.627000274945,-3.80673473380674,1.17973445886174,0.303514845354915,0.876219613506827,0.577136397148297,0.29908321635853,0.39168808486067,-0.0926048685021408,-2.53439540644286,0.0734818358386231,0.067420814479638,0.0217375941071289,0.0292207539062206,0.050879122515709,0.0734818358386231,0.0074831597990917,0.0216583686094884,0.0226027133229141,-0.00645285033137673,0.0670289855072464
"2022-01-01",14,"2023-03-01","2023-05-01",1051,62,0.0589914367269267,0.0594106463878327,-2.76203320830026,-3.80673473380674,1.04470152550648,0.282992614882479,0.761708910623997,0.577136397148297,0.1845725134757,0.346482791206875,-0.161910277731174,-2.60012293056909,0.0691305091600376,0.0594106463878327,0.0217375941071289,0.028644192466134,0.049897180019269,0.0691305091600376,0.0069065983590051,0.0212529875531349,0.0192333291407687,-0.0101390724331109,0.0589914367269267
"2022-01-01",15,"2023-04-01","2023-06-01",1001,53,0.0529470529470529,0.0533932135728543,-2.87520013547311,-3.80673473380674,0.931534598333633,0.290285959980498,0.641248638353136,0.577136397148297,0.0641122412048386,0.319348850535649,-0.25523660933081,-2.6199635261423,0.0678646008402754,0.0533932135728543,0.0217375941071289,0.0288478194500509,0.050244076160288,0.0678646008402754,0.00711022534292199,0.021396256710237,0.0176205246799875,-0.0149175478932225,0.0529470529470529
"2022-01-01",16,"2023-05-01","2023-07-01",964,48,0.0497925311203319,0.050259067357513,-2.93899826933632,-3.80673473380674,0.867736464470419,0.255943184868061,0.611793279602358,0.577136397148297,0.0346568824540608,0.292095942153473,-0.257439059699412,-2.68155920963691,0.0640703143415297,0.050259067357513,0.0217375941071289,0.02790109687394,0.0486303365713857,0.0640703143415297,0.00616350276681102,0.0207292396974457,0.0154399777701439,-0.0142777832211977,0.0497925311203319
"2022-01-01",17,"2023-06-01","2023-08-01",921,43,0.0466883821932682,0.0471800433839479,-3.00545496953251,-3.80673473380674,0.801279764274228,0.264080020949498,0.53719974332473,0.577136397148297,-0.0399366538235673,0.239383581080561,-0.279320234904129,-2.72613473462838,0.061448705837701,0.0471800433839479,0.0217375941071289,0.028122639040942,0.0490081763821291,0.061448705837701,0.00638504493381307,0.0208855373411871,0.0124405294555719,-0.0147603236444328,0.0466883821932682
"2022-01-01",18,"2023-07-01","2023-09-01",887,41,0.0462232243517475,0.0467342342342342,-3.01541677433654,-3.80673473380674,0.791317959470204,0.253616829857505,0.537701129612699,0.577136397148297,-0.0394352675355982,0.191184517457473,-0.230619784993072,-2.78479698934347,0.0581512683393192,0.0467342342342342,0.0217375941071289,0.0278380692675519,0.0485228197097652,0.0581512683393192,0.00610047516042296,0.0206847504422133,0.009628448629554,-0.0119280439875717,0.0462232243517475
"2022-01-01",19,"2023-08-01","2023-10-01",861,36,0.0418118466898955,0.0423433874709977,-3.11867700277174,-3.80673473380674,0.688057731035004,0.241048700025503,0.447009031009502,0.577136397148297,-0.130127366138795,0.0714730267921096,-0.201600392930905,-2.91707660984083,0.0513158323782746,0.0423433874709977,0.0217375941071289,0.0274999475031061,0.0479458512642863,0.0513158323782746,0.00576235339597715,0.0204459037611802,0.00336998111398825,-0.00950398568837912,0.0418118466898955
"2022-01-01",20,"2023-09-01","2023-11-01",838,31,0.0369928400954654,0.0375446960667461,-3.24395550926522,-3.80673473380674,0.562779224541517,0.19016434378928,0.372614880752237,0.577136397148297,-0.20452151639606,0.0139751005053017,-0.218496616901362,-3.02545889236386,0.0462888872640061,0.0375446960667461,0.0217375941071289,0.0261713416691865,0.0456758364396176,0.0462888872640061,0.00443374756205756,0.0195044947704311,0.000613050824388478,-0.00929604716854068,0.0369928400954654
"2022-01-01",21,"2023-10-01","2023-12-01",805,31,0.0385093167701863,0.0390818858560794,-3.20223011402534,-3.80673473380674,0.604504619781405,0.159736706239509,0.444767913541896,0.577136397148297,-0.132368483606401,-0.0250776381505152,-0.107290845455886,-3.09493926856945,0.0433164884962833,0.0390818858560794,0.0217375941071289,0.0254069305137959,0.0443676939790748,0.0433164884962833,0.00366933640666691,0.0189607634652789,-0.00105120548279142,-0.004807171726097,0.0385093167701863
"2022-01-01",22,"2023-11-01","2024-01-01",781,28,0.0358514724711908,0.0364450127877238,-3.27482493079195,-3.80673473380674,0.531909803014796,0.116545108534489,0.415364694480307,0.577136397148297,-0.16177170266799,-0.0172058636289703,-0.14456583903902,-3.13025909175292,0.0418762103907527,0.0364450127877238,0.0217375941071289,0.0243590873272493,0.0425720217698125,0.0418762103907527,0.00262149322012033,0.0182129344425632,-0.000695811379059781,-0.00602473791956194,0.0358514724711908
"2022-01-01",23,"2023-12-01","2024-02-01",749,31,0.041388518024032,0.042,-3.12717815968749,-3.80673473380674,0.679556574119249,0.134096448024832,0.545460126094417,0.577136397148297,-0.0316762710538799,0.0189999931988004,-0.0506762642526803,-3.07650189543481,0.0440870023126818,0.042,0.0217375941071289,0.0247797081878399,0.0432931794146328,0.0440870023126818,0.00304211408071098,0.0185134712267928,0.000793822898049065,-0.00269848428864979,0.041388518024032
"2022-01-01",24,"2024-01-01","2024-03-01",727,24,0.0330123796423659,0.0336538461538462,-3.35739475900376,-3.80673473380674,0.449339974802979,0.136933913842919,0.31240606096006,0.577136397148297,-0.264730336188237,0.0600410097677618,-0.324771345955999,-3.03262341304776,0.0459736268545869,0.0336538461538462,0.0217375941071289,0.024848370001482,0.0434108564885324,0.0459736268545869,0.00311077589435308,0.0185624864870504,0.00256277036605448,-0.012961247212221,0.0330123796423659
"2022-01-01",25,"2024-02-01","2024-04-01",717,25,0.0348675034867503,0.0355153203342618,-3.30162978589711,-3.80673473380674,0.505104947909628,0.153144376103385,0.351960571806243,0.577136397148297,-0.225175825342054,0.0401744278599255,-0.265350253201979,-3.03627953269513,0.0458135351814149,0.0355153203342619,0.0217375941071289,0.025244204774237,0.044089022492696,0.0458135351814149,0.00350661066710802,0.018844817718459,0.00172451268871893,-0.0109460316946646,0.0348675034867503
"2022-01-01",26,"2024-03-01","2024-05-01",700,17,0.0242857142857143,0.0249643366619116,-3.66502577523454,-3.80673473380674,0.141708958572205,0.150824454081345,-0.00911549550914012,0.577136397148297,-0.586251892657437,-0.0867707337031682,-0.499481158954269,-3.16554461628027,0.0404831275513569,0.0249643366619115,0.0217375941071289,0.0251871814349458,0.0439913523075297,0.0404831275513569,0.00344958732781681,0.0188041708725839,-0.00350822475617275,-0.0161974132656426,0.0242857142857143
"2022-01-01",27,"2024-04-01","2024-06-01",684,18,0.0263157894736842,0.027007299270073,-3.58426940753448,-3.80673473380674,0.222465326272257,0.182987039848669,0.0394782864235878,0.577136397148297,-0.537658110724709,-0.166238059830077,-0.371420050894633,-3.21284935663985,0.0386850317656055,0.027007299270073,0.0217375941071289,0.0259890387722965,0.0453639991437771,0.0386850317656055,0.00425144466516755,0.0193749603714806,-0.0066789673781716,-0.0123692422919213,0.0263157894736842
"2022-01-01",28,"2024-05-01","2024-07-01",668,20,0.029940119760479,0.0306427503736921,-3.45423711761214,-3.80673473380674,0.352497616194605,0.161161887237147,0.191335728957458,0.577136397148297,-0.385800668190839,-0.137386364523851,-0.248414303666988,-3.20582281394515,0.0389471870336053,0.0306427503736921,0.0217375941071289,0.0254422438960924,0.0444281597694076,0.0389471870336053,0.00370464978896346,0.0189859158733152,-0.00548097273580227,-0.00900706727312627,0.029940119760479
"2022-01-01",29,"2024-06-01","2024-08-01",650,29,0.0446153846153846,0.0453149001536098,-3.04774564760499,-3.80673473380674,0.758989086201749,0.142171123824215,0.616817962377534,0.577136397148297,0.0396815652292369,-0.0436523443082237,0.0833339095374606,-3.13107955714245,0.0418433035622255,0.0453149001536098,0.0217375941071289,0.024975588751243,0.0436288595265097,0.0418433035622255,0.00323799464411409,0.0186532707752666,-0.00178555596428413,0.00277208105315908,0.0446153846153846
"2022-01-01",30,"2024-07-01","2024-09-01",631,32,0.0507131537242472,0.0514240506329114,-2.91485588513188,-3.80673473380674,0.891878848674864,0.125435575789942,0.766443272884922,0.577136397148297,0.189306875736625,0.012370769741451,0.176936105995174,-3.09179199112705,0.0434470998306697,0.0514240506329114,0.0217375941071289,0.0245712715617039,0.0429358713447828,0.0434470998306697,0.00283367745457492,0.0183645997830789,0.000511228485886916,0.00726605389357751,0.0507131537242472
"2022-01-01",31,"2024-08-01","2024-10-01",617,30,0.0486223662884927,0.0493527508090615,-2.95814956240495,-3.80673473380674,0.848585171401793,0.116476719657313,0.73210845174448,0.577136397148297,0.154972054596183,-0.0445556309177286,0.199527685513911,-3.15767724791886,0.040789836756716,0.0493527508090615,0.0217375941071289,0.0243574620690612,0.042569234350675,0.040789836756716,0.00261986796193227,0.0182117722816138,-0.00177939759395901,0.00783252953177667,0.0486223662884927
"2022-01-01",32,"2024-09-01","2024-11-01",599,23,0.0383973288814691,0.0391666666666667,-3.199974918559,-3.80673473380674,0.606759815247741,0.132416258675008,0.474343556572733,0.577136397148297,-0.102792840575564,-0.120872882653184,0.0180800420776197,-3.21805496063662,0.0384919073704247,0.0391666666666667,0.0217375941071289,0.0247391376828066,0.0432236412302819,0.0384919073704247,0.00300154357567763,0.0184845035474753,-0.00473173385985723,-9.45784889555615e-05,0.0383973288814691
"2022-01-01",33,"2024-10-01","2024-12-01",586,19,0.0324232081911263,0.0332197614991482,-3.37082628378586,-3.80673473380674,0.435908450020885,0.139526428591446,0.296382021429439,0.577136397148297,-0.280754375718858,-0.216270605622804,-0.0644837700960538,-3.3063425136898,0.0353542435332109,0.0332197614991482,0.0217375941071289,0.0249112664840387,0.043518641700305,0.0353542435332109,0.0031736723769098,0.0186073752162663,-0.00816439816709413,-0.0029310353420846,0.0324232081911263
"2022-01-01",34,"2024-11-01","2025-01-01",570,16,0.0280701754385965,0.0288966725043783,-3.51470642588389,-3.80673473380674,0.292028307922855,0.131428628410337,0.160599679512518,0.577136397148297,-0.416536717635779,-0.27190253939058,-0.144634178245199,-3.37007224763869,0.0332439868070166,0.0288966725043783,0.0217375941071289,0.0247153201974912,0.0431828158477629,0.0332439868070166,0.00297772609036222,0.0184674956502718,-0.00993882904074635,-0.0051738113684201,0.0280701754385965
"2022-02-01",1,"2022-03-01","2022-05-01",2054,13,0.00632911392405063,0.00656934306569343,-5.01875042531525,-3.80673473380674,-1.21201569150851,-1.7073653881347,0.495349696626193,0.577406060948334,-0.0820563643221406,-0.0272117273172376,-0.054844637004903,-4.96390578831034,0.00693713029351323,0.00656934306569342,0.0217375941071289,0.00401337969127483,0.00712712957418485,0.00693713029351323,-0.0177242144158541,0.00311374988291002,-0.000189999280671622,-0.000608016369462594,0.00632911392405063
"2022-02-01",2,"2022-04-01","2022-06-01",2012,29,0.0144135188866799,0.0146547441629409,-4.20822797660861,-3.80673473380674,-0.40149324280187,-0.802500335743768,0.401007092941898,0.577406060948334,-0.176398968006436,0.13946557299406,-0.315864541000496,-3.89236343560812,0.0199893572799318,0.0146547441629409,0.0217375941071289,0.00986122148763851,0.0174325643173267,0.0199893572799318,-0.0118763726194904,0.00757134282968821,0.0025567929626051,-0.00557583839325189,0.0144135188866799
"2022-02-01",3,"2022-05-01","2022-07-01",1977,42,0.0212443095599393,0.0214863498483316,-3.81861689408733,-3.80673473380674,-0.0118821602805905,-0.337459829206784,0.325577668926193,0.577406060948334,-0.25182839202214,0.182199961940181,-0.434028353962321,-3.38458854012501,0.0327805980938818,0.0214863498483316,0.0217375941071289,0.0156087071675435,0.0274704787753561,0.0327805980938818,-0.00612888693958539,0.0118617716078126,0.00531011931852569,-0.0115362885339425,0.0212443095599393
"2022-02-01",4,"2022-06-01","2022-08-01",1932,56,0.0289855072463768,0.029229177444387,-3.50292298042268,-3.80673473380674,0.303811753384061,-0.182480278425218,0.486292031809279,0.577406060948334,-0.0911140291390545,0.163317043844825,-0.25443107298388,-3.2484919074388,0.037381116353374,0.029229177444387,0.0217375941071289,0.0181776956171205,0.0319284372250407,0.037381116353374,-0.00355989849000843,0.0137507416079202,0.00545267912833325,-0.00839560910699714,0.0289855072463768
"2022-02-01",5,"2022-07-01","2022-09-01",1871,75,0.0400855157669695,0.0403311965811966,-3.16946295029859,-3.80673473380674,0.637271783508147,-0.110329660461367,0.747601443969514,0.577406060948334,0.170195383021181,0.2976639458145,-0.127468562793319,-3.04199438750528,0.045564359714434,0.0403311965811966,0.0217375941071289,0.019511164970081,0.0342354525523127,0.045564359714434,-0.00222642913704798,0.0147242875822317,0.0113289071621214,-0.00547884394746451,0.0400855157669695
"2022-02-01",6,"2022-08-01","2022-10-01",1813,88,0.04853833425262,0.048787210584344,-2.97026959052417,-3.80673473380674,0.836465143282567,-0.00462210480800024,0.841087248090567,0.577406060948334,0.263681187142234,0.288943584343451,-0.0252623972012172,-2.94500719332296,0.0499730167278162,0.048787210584344,0.0217375941071289,0.0216395216911312,0.0379078953617627,0.0499730167278162,-9.8072415997727e-05,0.0162683736706315,0.0120651213660535,-0.00143468247519627,0.04853833425262
"2022-02-01",7,"2022-09-01","2022-11-01",1741,84,0.048248133256749,0.0485074626865672,-2.97631418769689,-3.80673473380674,0.830420546109852,0.0795860484344686,0.750834497675383,0.577406060948334,0.17342843672705,0.299585493365441,-0.126157056638392,-2.8501571310585,0.0546731954801727,0.0485074626865672,0.0217375941071289,0.0234959992497771,0.0411014207128627,0.0546731954801727,0.00175840514264819,0.0176054214630855,0.0135717747673101,-0.00642506222342375,0.048248133256749
"2022-02-01",8,"2022-10-01","2022-12-01",1670,83,0.0497005988023952,0.0499700777977259,-2.94506909891004,-3.80673473380674,0.861665634896704,0.14017796756865,0.721487667328054,0.577406060948334,0.14408160637972,0.328594061749957,-0.184512455370237,-2.7605566435398,0.0594932120337334,0.0499700777977259,0.0217375941071289,0.0249270977186229,0.0435570026821297,0.0594932120337334,0.00318950361149392,0.0186299049635068,0.0159362093516037,-0.0097926132313382,0.0497005988023952
"2022-02-01",9,"2022-11-01","2023-01-01",1616,92,0.0569306930693069,0.0572047000618429,-2.80221312190993,-3.80673473380674,1.00452161189681,0.188722894148899,0.815798717747913,0.577406060948334,0.238392656799579,0.422005802626359,-0.18361314582678,-2.61859997608315,0.0679509084914911,0.057204700061843,0.0217375941071289,0.026134629384257,0.0456247860005741,0.0679509084914911,0.00439703527712805,0.0194901566163171,0.022326122490917,-0.0110202154221842,0.0569306930693069
"2022-02-01",10,"2022-12-01","2023-02-01",1557,95,0.061014771997431,0.0612965340179718,-2.72877633161933,-3.80673473380674,1.07795840218741,0.249100324734697,0.828858077452717,0.577406060948334,0.251452016504383,0.487599424379471,-0.236147407875088,-2.49262892374424,0.0763765380999367,0.0612965340179718,0.0217375941071289,0.0277160988991316,0.048327125537795,0.0763765380999367,0.00597850479200264,0.0206110266386634,0.0280494125621417,-0.0153617661025057,0.061014771997431
"2022-02-01",11,"2023-01-01","2023-03-01",1487,87,0.058507061197041,0.0588037634408602,-2.77294580133659,-3.80673473380674,1.03378893247015,0.289264109856582,0.744524822613565,0.577406060948334,0.167118761665231,0.426373509370134,-0.259254747704903,-2.51369105363169,0.0749039423924586,0.0588037634408602,0.0217375941071289,0.0288192054610655,0.0502081942635857,0.0749039423924586,0.00708161135393656,0.0213889888025202,0.024695748128873,-0.0163968811954176,0.058507061197041
"2022-02-01",12,"2023-02-01","2023-04-01",1436,70,0.0487465181058496,0.0490605427974948,-2.9643952955499,-3.80673473380674,0.842339438256841,0.294297372332265,0.548042065924576,0.577406060948334,-0.0293639950237574,0.39168808486067,-0.421052079884428,-2.54334321566547,0.0728749689015804,0.0490605427974948,0.0217375941071289,0.0289604143169464,0.0504487612363136,0.0728749689015804,0.00722282020981744,0.0214883469193672,0.0224262076652669,-0.0241284507957309,0.0487465181058496
"2022-02-01",13,"2023-03-01","2023-05-01",1379,80,0.0580130529369108,0.0583333333333333,-2.78147766965703,-3.80673473380674,1.02525706414971,0.303514845354915,0.721742218794799,0.577406060948334,0.144336157846466,0.346482791206875,-0.202146633360409,-2.57933103629662,0.0704805441460729,0.0583333333333333,0.0217375941071289,0.0292207539062206,0.0508921462758158,0.0704805441460729,0.0074831597990917,0.0216713923695952,0.0195883978702571,-0.0124674912091621,0.0580130529369108
"2022-02-01",14,"2023-04-01","2023-06-01",1334,83,0.0622188905547226,0.0625468164794007,-2.70725147901502,-3.80673473380674,1.09948325479172,0.282992614882479,0.816490639909243,0.577406060948334,0.23908457896091,0.319348850535649,-0.0802642715747396,-2.62698720744028,0.0674216361068858,0.0625468164794007,0.0217375941071289,0.028644192466134,0.0499099656445719,0.0674216361068858,0.0069065983590051,0.0212657731784379,0.0175116704623139,-0.00520274555216316,0.0622188905547226
"2022-02-01",15,"2023-05-01","2023-07-01",1285,86,0.0669260700389105,0.0672628304821151,-2.62951566834192,-3.80673473380674,1.17721906546483,0.290285959980498,0.886933105484328,0.577406060948334,0.309527044535994,0.292095942153473,0.0174311023825216,-2.64694677072444,0.0661774431829402,0.0672628304821151,0.0217375941071289,0.0288478194500509,0.0502569459721894,0.0661774431829402,0.00711022534292199,0.0214091265221384,0.0159204972107509,0.000748626855970255,0.0669260700389105
"2022-02-01",16,"2023-06-01","2023-08-01",1210,70,0.0578512396694215,0.0582163501238646,-2.78360933190622,-3.80673473380674,1.02312540190052,0.255943184868061,0.767182217032461,0.577406060948334,0.189776156084127,0.239383581080561,-0.0496074249964343,-2.73400190690978,0.0609965466331067,0.0582163501238646,0.0217375941071289,0.02790109687394,0.0486428142009009,0.0609965466331067,0.00616350276681102,0.0207417173269609,0.0123537324322057,-0.00314530696368517,0.0578512396694215
"2022-02-01",17,"2023-07-01","2023-09-01",1158,57,0.0492227979274611,0.049611734253667,-2.95264321843909,-3.80673473380674,0.854091515367648,0.264080020949498,0.59001149441815,0.577406060948334,0.0126054334698164,0.191184517457473,-0.178579083987657,-2.77406413445144,0.0587418988402514,0.049611734253667,0.0217375941071289,0.028122639040942,0.0490207459629136,0.0587418988402514,0.00638504493381307,0.0208981069219716,0.00972115287733783,-0.00951910091279029,0.0492227979274611
"2022-02-01",18,"2023-08-01","2023-10-01",1113,50,0.0449236298292902,0.0453321364452424,-3.04734729835898,-3.80673473380674,0.759387435447763,0.253616829857505,0.505770605590258,0.577406060948334,-0.0716354553580753,0.0714730267921096,-0.143108482150185,-2.90423881620879,0.051944420601564,0.0453321364452424,0.0217375941071289,0.0278380692675519,0.0485352711598504,0.051944420601564,0.00610047516042296,0.0206972018922985,0.00340914944171364,-0.00702079077227383,0.0449236298292902
"2022-02-01",19,"2023-09-01","2023-11-01",1074,47,0.0437616387337058,0.0441860465116279,-3.07415423532979,-3.80673473380674,0.732580498476947,0.241048700025503,0.491531798451444,0.577406060948334,-0.0858742624968893,0.0139751005053017,-0.0998493630021911,-2.9743048723276,0.0486002857872164,0.0441860465116279,0.0217375941071289,0.0274999475031061,0.0479581621209872,0.0486002857872164,0.00576235339597715,0.0204582146178811,0.00064212366622924,-0.00483864705351062,0.0437616387337058
"2022-02-01",20,"2023-10-01","2023-12-01",1042,37,0.0355086372360845,0.035953978906999,-3.28889927623634,-3.80673473380674,0.5178354575704,0.19016434378928,0.32767111378112,0.577406060948334,-0.249734947167214,-0.0250776381505152,-0.224657309016698,-3.06424196721964,0.0446065742368635,0.035953978906999,0.0217375941071289,0.0261713416691865,0.0456875924047086,0.0446065742368635,0.00443374756205756,0.0195162507355221,-0.00108101816784508,-0.00909793700077909,0.0355086372360845
"2022-02-01",21,"2023-11-01","2024-01-01",1013,35,0.0345508390918065,0.0350098619329389,-3.31648809035476,-3.80673473380674,0.490246643451981,0.159736706239509,0.330509937212471,0.577406060948334,-0.246896123735862,-0.0172058636289703,-0.229690260106892,-3.08679783024787,0.0436551282998061,0.0350098619329389,0.0217375941071289,0.0254069305137959,0.0443791289138394,0.0436551282998061,0.00366933640666691,0.0189721984000435,-0.000724000614033313,-0.00910428920799956,0.0345508390918065
"2022-02-01",22,"2023-12-01","2024-02-01",977,32,0.0327533265097236,0.0332310838445808,-3.37047379876282,-3.80673473380674,0.436260935043921,0.116545108534489,0.319715826509431,0.577406060948334,-0.257690234438902,0.0189999931988004,-0.276690227637703,-3.09378357112512,0.0433644060802064,0.0332310838445808,0.0217375941071289,0.0243590873272493,0.0425830145264085,0.0433644060802064,0.00262149322012033,0.0182239271991592,0.000781391553797944,-0.0106110795704828,0.0327533265097236
"2022-02-01",23,"2024-01-01","2024-03-01",949,42,0.0442571127502634,0.0447368421052632,-3.06118949020863,-3.80673473380674,0.745545243598106,0.134096448024832,0.611448795573275,0.577406060948334,0.0340427346249412,0.0600410097677618,-0.0259982751428205,-3.03519121506581,0.0458611341347255,0.0447368421052632,0.0217375941071289,0.0247797081878399,0.043304349962882,0.0458611341347255,0.00304211408071098,0.018524641775042,0.00255678417184357,-0.0016040213844621,0.0442571127502634
"2022-02-01",24,"2024-02-01","2024-04-01",922,37,0.0401301518438178,0.0406283856988082,-3.16181152424652,-3.80673473380674,0.644923209560218,0.136933913842919,0.507989295717299,0.577406060948334,-0.0694167652310348,0.0401744278599255,-0.10959119309096,-3.05222033115556,0.0451217121874353,0.0406283856988082,0.0217375941071289,0.024848370001482,0.0434220560218421,0.0451217121874353,0.00311077589435308,0.0185736860203601,0.0016996561655932,-0.00499156034361756,0.0401301518438178
"2022-02-01",25,"2024-03-01","2024-05-01",898,32,0.0356347438752784,0.0361512791991101,-3.28322201981997,-3.80673473380674,0.523512713986772,0.153144376103385,0.370368337883388,0.577406060948334,-0.207037723064946,-0.0867707337031682,-0.120266989361778,-3.16295503045819,0.0405838378394915,0.0361512791991101,0.0217375941071289,0.025244204774237,0.0441003889195969,0.0405838378394915,0.00350661066710802,0.0188561841453599,-0.00351655108010535,-0.00494909396421313,0.0356347438752784
"2022-02-01",26,"2024-04-01","2024-06-01",873,24,0.0274914089347079,0.0280320366132723,-3.54597482356131,-3.80673473380674,0.260759910245436,0.150824454081345,0.10993545616409,0.577406060948334,-0.467470604784243,-0.166238059830077,-0.301232544954167,-3.24474227860714,0.037516276426129,0.0280320366132723,0.0217375941071289,0.0251871814349458,0.0440026947135338,0.037516276426129,0.00344958732781681,0.0188155132785881,-0.0064864182874048,-0.0100248674914211,0.0274914089347079
"2022-02-01",27,"2024-05-01","2024-07-01",855,31,0.0362573099415205,0.0367990654205607,-3.26478959616807,-3.80673473380674,0.541945137638675,0.182987039848669,0.358958097790006,0.577406060948334,-0.218447963158328,-0.137386364523851,-0.0810615986344765,-3.18372799753359,0.039782679794287,0.0367990654205607,0.0217375941071289,0.0259890387722965,0.0453756786649068,0.039782679794287,0.00425144466516755,0.0193866398926103,-0.00559299887061981,-0.00352536985276653,0.0362573099415205
"2022-02-01",28,"2024-06-01","2024-08-01",839,34,0.0405244338498212,0.0410714285714286,-3.15050387857972,-3.80673473380674,0.656230855227026,0.161161887237147,0.495068967989879,0.577406060948334,-0.0823370929584548,-0.0436523443082237,-0.0386847486502311,-3.11181912992948,0.0426223515791293,0.0410714285714286,0.0217375941071289,0.0254422438960924,0.044439609563391,0.0426223515791293,0.00370464978896346,0.0189973656672986,-0.0018172579842617,-0.00209791772930804,0.0405244338498212
"2022-02-01",29,"2024-07-01","2024-09-01",819,36,0.043956043956044,0.0445121951219512,-3.06645880120763,-3.80673473380674,0.740275932599112,0.142171123824215,0.598104808774896,0.577406060948334,0.0206987478265628,0.012370769741451,0.00832797808511176,-3.07478677929274,0.0441593395788323,0.0445121951219512,0.0217375941071289,0.024975588751243,0.0436401127364444,0.0441593395788323,0.00323799464411409,0.0186645239852013,0.000519226842387914,-0.000203295622788306,0.043956043956044
"2022-02-01",30,"2024-08-01","2024-10-01",793,30,0.0378310214375788,0.0384130982367758,-3.22018644104532,-3.80673473380674,0.58654829276142,0.125435575789942,0.461112716971478,0.577406060948334,-0.116293343976856,-0.0445556309177286,-0.0717377130591271,-3.14844872798619,0.041152446170927,0.0384130982367758,0.0217375941071289,0.0245712715617039,0.0429469538386361,0.041152446170927,0.00283367745457492,0.0183756822769323,-0.00179450766770912,-0.00332142473334818,0.0378310214375788
"2022-02-01",31,"2024-09-01","2024-11-01",768,34,0.0442708333333333,0.0448634590377113,-3.05823067157662,-3.80673473380674,0.748504062230123,0.116476719657313,0.63202734257281,0.577406060948334,0.0546212816244763,-0.120872882653184,0.17549416427766,-3.23372483585428,0.037916136520414,0.0448634590377113,0.0217375941071289,0.0243574620690612,0.0425802264195262,0.037916136520414,0.00261986796193227,0.018222764350465,-0.00466408989911218,0.00635469681291931,0.0442708333333333
"2022-02-01",32,"2024-10-01","2024-12-01",752,32,0.0425531914893617,0.0431606905710491,-3.09870532610389,-3.80673473380674,0.708029407702856,0.132416258675008,0.575613149027848,0.577406060948334,-0.00179291192048536,-0.216270605622804,0.214477693702319,-3.3131830198062,0.0351216927658168,0.0431606905710491,0.0217375941071289,0.0247391376828066,0.0432347946470569,0.0351216927658168,0.00300154357567763,0.0184956569642503,-0.00811310188124004,0.00743149872354486,0.0425531914893617
"2022-02-01",33,"2024-11-01","2025-01-01",739,28,0.0378890392422192,0.0385135135135135,-3.2174713302553,-3.80673473380674,0.589263403551439,0.139526428591446,0.449736974959994,0.577406060948334,-0.12766908598834,-0.27190253939058,0.14423345340224,-3.36170478365754,0.0335139600832488,0.0385135135135135,0.0217375941071289,0.0249112664840387,0.0435298677756533,0.0335139600832488,0.0031736723769098,0.0186186012916145,-0.0100159076924045,0.00437507915897044,0.0378890392422192
"2022-02-01",34,"2024-12-01","2025-02-01",714,19,0.0266106442577031,0.0272727272727273,-3.5742165457938,-3.80673473380674,0.232518188012945,0.131428628410337,0.101089559602608,0.577406060948334,-0.476316501345726,-0.280973561858756,-0.19534293948697,-3.37887360630683,0.0329622805807286,0.0272727272727273,0.0217375941071289,0.0247153201974912,0.0431939592055536,0.0329622805807286,0.00297772609036222,0.0184786390080624,-0.0102316786248249,-0.00635163632302555,0.0266106442577031
"2022-03-01",1,"2022-04-01","2022-06-01",2186,10,0.00457456541628545,0.00480109739368999,-5.33409810382887,-3.80673473380674,-1.52736337002213,-1.7073653881347,0.180002018112565,0.566808764242674,-0.386806746130109,0.13946557299406,-0.526272319124169,-4.80782578470471,0.00809945728991805,0.00480109739368999,0.0217375941071289,0.00401337969127483,0.00705252990860901,0.00809945728991805,-0.0177242144158541,0.00303915021733417,0.00104692738130904,-0.0035248918736326,0.00457456541628545
"2022-03-01",2,"2022-05-01","2022-07-01",2142,27,0.0126050420168067,0.012832477834811,-4.3428604654876,-3.80673473380674,-0.536125731680856,-0.802500335743768,0.266374604062912,0.566808764242674,-0.300434160179762,0.182199961940181,-0.482634122119943,-3.86022634336765,0.0206287238749916,0.012832477834811,0.0217375941071289,0.00986122148763851,0.0172519719422532,0.0206287238749916,-0.0118763726194904,0.00739075045461468,0.00337675193273845,-0.00802368185818491,0.0126050420168067
"2022-03-01",3,"2022-06-01","2022-08-01",2098,54,0.0257387988560534,0.0259647451167222,-3.6247078381355,-3.80673473380674,0.182026895671243,-0.337459829206784,0.519486724878026,0.566808764242674,-0.0473220393646476,0.163317043844825,-0.210639083209473,-3.41406875492603,0.0318586627604864,0.0259647451167222,0.0217375941071289,0.0156087071675435,0.027188776241287,0.0318586627604864,-0.00612888693958539,0.0115800690737434,0.00466988651919947,-0.00611986390443304,0.0257387988560534
"2022-03-01",4,"2022-07-01","2022-09-01",2031,71,0.034958148695224,0.0351870078740157,-3.31125737203242,-3.80673473380674,0.495477361774317,-0.182480278425218,0.677957640199535,0.566808764242674,0.111148875956861,0.2976639458145,-0.186515069857639,-3.12474230217479,0.0420981185776831,0.0351870078740158,0.0217375941071289,0.0181776956171205,0.03160250502226,0.0420981185776831,-0.00355989849000843,0.0134248094051395,0.010495613555423,-0.00713996988245906,0.034958148695224
"2022-03-01",5,"2022-08-01","2022-10-01",1975,89,0.0450632911392405,0.0452935222672065,-3.04823991412356,-3.80673473380674,0.758494819683186,-0.110329660461367,0.868824480144553,0.566808764242674,0.302015715901879,0.288943584343451,0.0130721315584281,-3.06131204568198,0.0447316049333085,0.0452935222672065,0.0217375941071289,0.019511164970081,0.0338867942236028,0.0447316049333085,-0.00222642913704798,0.0143756292535218,0.0108448107097057,0.000331686205932047,0.0450632911392405
"2022-03-01",6,"2022-09-01","2022-11-01",1903,87,0.045717288491855,0.0459558823529412,-3.03302805829769,-3.80673473380674,0.773706675509053,-0.00462210480800024,0.778328780317054,0.566808764242674,0.21152001607438,0.299585493365441,-0.088065477291062,-2.94496258100663,0.0499751347719249,0.0459558823529412,0.0217375941071289,0.0216395216911312,0.0375232895389365,0.0499751347719249,-9.8072415997727e-05,0.0158837678478053,0.0124518452329884,-0.00425784628006992,0.045717288491855
"2022-03-01",7,"2022-10-01","2022-12-01",1839,87,0.0473083197389886,0.047554347826087,-2.99715982554518,-3.80673473380674,0.809574908261565,0.0795860484344686,0.729988859827096,0.566808764242674,0.163180095584422,0.328594061749957,-0.165413966165534,-2.83174585937964,0.0556326034463336,0.047554347826087,0.0217375941071289,0.0234959992497771,0.0406857842247869,0.0556326034463336,0.00175840514264819,0.0171897849750098,0.0149468192215467,-0.00832428370734505,0.0473083197389886
"2022-03-01",8,"2022-11-01","2023-01-01",1768,94,0.0531674208144796,0.0534200113058225,-2.87467005773456,-3.80673473380674,0.932064676072179,0.14017796756865,0.791886708503529,0.566808764242674,0.225077944260855,0.422005802626359,-0.196927858365504,-2.67774219936906,0.0642995837563559,0.0534200113058225,0.0217375941071289,0.0249270977186229,0.0431176508085785,0.0642995837563559,0.00318950361149392,0.0181905530899556,0.0211819329477774,-0.0111321629418763,0.0531674208144796
"2022-03-01",9,"2022-12-01","2023-02-01",1722,102,0.0592334494773519,0.0594892629135229,-2.76062722400314,-3.80673473380674,1.0461075098036,0.188722894148899,0.857384615654703,0.566808764242674,0.290575851412029,0.487599424379471,-0.197023572967442,-2.5636036510357,0.0715178789599935,0.0594892629135229,0.0217375941071289,0.026134629384257,0.045165561693706,0.0715178789599935,0.00439703527712805,0.019030932309449,0.0263523172662875,-0.0122844294826416,0.0592334494773519
"2022-03-01",10,"2023-01-01","2023-03-01",1652,111,0.0671912832929782,0.0674531155474894,-2.62648665642603,-3.80673473380674,1.18024807738071,0.249100324734697,0.931147752646012,0.566808764242674,0.364338988403338,0.426373509370134,-0.0620345209667955,-2.56445213545924,0.0714615574674132,0.0674531155474894,0.0217375941071289,0.0277160988991316,0.0478420650403211,0.0714615574674132,0.00597850479200264,0.0201259661411895,0.0236194924270921,-0.00427027417443501,0.0671912832929782
"2022-03-01",11,"2023-02-01","2023-04-01",1569,100,0.0637348629700446,0.0640127388535032,-2.68251975835984,-3.80673473380674,1.1242149754469,0.289264109856582,0.834950865590318,0.566808764242674,0.268142101347643,0.39168808486067,-0.123545983513027,-2.55897377484681,0.0718259275240547,0.0640127388535032,0.0217375941071289,0.0288192054610655,0.0497052395421007,0.0718259275240547,0.00708161135393656,0.0208860340810352,0.022120687981954,-0.00809106455401011,0.0637348629700446
"2022-03-01",12,"2023-03-01","2023-05-01",1503,101,0.0671989354624085,0.0674867021276596,-2.62595283891501,-3.80673473380674,1.18078189489173,0.294297372332265,0.886484522559467,0.566808764242674,0.319675758316793,0.346482791206875,-0.026807032890082,-2.59914580602493,0.0691934150516223,0.0674867021276596,0.0217375941071289,0.0289604143169464,0.049943523382078,0.0691934150516223,0.00722282020981744,0.0209831090651316,0.0192498916695443,-0.00199447958921381,0.0671989354624085
"2022-03-01",13,"2023-04-01","2023-06-01",1437,93,0.0647181628392484,0.0650208623087622,-2.66581603941428,-3.80673473380674,1.14091869439246,0.303514845354915,0.837403849037549,0.566808764242674,0.270595084794875,0.319348850535649,-0.0487537657407745,-2.6170622736735,0.0680483614188637,0.0650208623087622,0.0217375941071289,0.0292207539062206,0.0503827035851422,0.0680483614188637,0.0074831597990917,0.0211619496789215,0.0176656578337215,-0.00333019857961522,0.0647181628392484
"2022-03-01",14,"2023-05-01","2023-07-01",1382,85,0.0615050651230101,0.061822125813449,-2.71967823909733,-3.80673473380674,1.08705649470941,0.282992614882479,0.804063879826933,0.566808764242674,0.237255115584259,0.292095942153473,-0.0548408265692137,-2.66483741252812,0.0650803814511189,0.061822125813449,0.0217375941071289,0.028644192466134,0.0494098429799725,0.0650803814511189,0.0069065983590051,0.0207656505138384,0.0156705384711464,-0.00357531632810877,0.0615050651230101
"2022-03-01",15,"2023-06-01","2023-08-01",1323,70,0.0529100529100529,0.0532477341389728,-2.87808220778013,-3.80673473380674,0.928652526026616,0.290285959980498,0.638366566046118,0.566808764242674,0.0715578018034444,0.239383581080561,-0.167825779277117,-2.71025642850301,0.0623708535709147,0.0532477341389728,0.0217375941071289,0.0288478194500509,0.0497535284684584,0.0623708535709147,0.00711022534292199,0.0209057090184075,0.0126173251024564,-0.00946080066086184,0.0529100529100529
"2022-03-01",16,"2023-07-01","2023-09-01",1264,58,0.0458860759493671,0.0462450592885375,-3.02645213082728,-3.80673473380674,0.780282602979466,0.255943184868061,0.524339418111405,0.566808764242674,-0.0424693461312693,0.191184517457473,-0.233653863588743,-2.79279826723853,0.0577145869160924,0.0462450592885376,0.0217375941071289,0.02790109687394,0.0481547454590772,0.0577145869160924,0.00616350276681102,0.0202536485851372,0.00955984145701523,-0.0118285109667253,0.0458860759493671
"2022-03-01",17,"2023-08-01","2023-10-01",1212,52,0.0429042904290429,0.0432811211871393,-3.09579305611691,-3.80673473380674,0.710941677689827,0.264080020949498,0.446861656740329,0.566808764242674,-0.119947107502345,0.0714730267921096,-0.191420134294454,-2.90437292182246,0.0519378168068019,0.0432811211871393,0.0217375941071289,0.028122639040942,0.0485290785913713,0.0519378168068019,0.00638504493381307,0.0204064395504293,0.00340873821543058,-0.00903352637775902,0.0429042904290429
"2022-03-01",18,"2023-09-01","2023-11-01",1170,52,0.0444444444444444,0.0448334756618275,-3.05893061133261,-3.80673473380674,0.747804122474135,0.253616829857505,0.49418729261663,0.566808764242674,-0.0726214716260439,0.0139751005053017,-0.0865965721313457,-2.97233403920126,0.048691494869771,0.0448334756618275,0.0217375941071289,0.0278380692675519,0.0480482269778679,0.048691494869771,0.00610047516042296,0.020210157710316,0.000643267891903138,-0.00424705042532658,0.0444444444444444
"2022-03-01",19,"2023-10-01","2023-12-01",1136,49,0.0431338028169014,0.0435356200527705,-3.08966409338819,-3.80673473380674,0.717070640418547,0.241048700025503,0.476021940393044,0.566808764242674,-0.0907868238496299,-0.0250776381505152,-0.0657091856991147,-3.02395490768908,0.0463553278364626,0.0435356200527705,0.0217375941071289,0.0274999475031061,0.0474766201697606,0.0463553278364626,0.00576235339597715,0.0199766726666545,-0.00112129233329795,-0.00322152501956122,0.0431338028169014
"2022-03-01",20,"2023-11-01","2024-01-01",1106,45,0.0406871609403255,0.0411020776874435,-3.14972595518641,-3.80673473380674,0.657008778620335,0.19016434378928,0.466844434831055,0.566808764242674,-0.0999643294116186,-0.0172058636289703,-0.0827584657826483,-3.06696748940376,0.0444905651878474,0.0411020776874435,0.0217375941071289,0.0261713416691865,0.0452277658945441,0.0444905651878474,0.00443374756205756,0.0190564242253576,-0.000737200706696715,-0.00380340424752187,0.0406871609403255
"2022-03-01",21,"2023-12-01","2024-02-01",1077,42,0.0389972144846797,0.0394248608534323,-3.19313560490527,-3.80673473380674,0.613599128901474,0.159736706239509,0.453862422661965,0.566808764242674,-0.112946341580709,0.0189999931988004,-0.13194633477951,-3.06118927012576,0.0447368515106064,0.0394248608534323,0.0217375941071289,0.0254069305137959,0.043931865298936,0.0447368515106064,0.00366933640666691,0.0185249347851401,0.000804986211670446,-0.00573963702592678,0.0389972144846797
"2022-03-01",22,"2024-01-01","2024-03-01",1040,41,0.0394230769230769,0.0398655139289145,-3.1815617267038,-3.80673473380674,0.625173007102939,0.116545108534489,0.508627898568449,0.566808764242674,-0.0581808656742246,0.0600410097677618,-0.118221875441986,-3.06333985126182,0.0446450353551673,0.0398655139289145,0.0217375941071289,0.0243590873272493,0.0421530541109004,0.0446450353551673,0.00262149322012033,0.0177939667836511,0.00249198124426692,-0.00522195843209036,0.0394230769230769
"2022-03-01",23,"2024-02-01","2024-04-01",1005,43,0.0427860696517413,0.0432405566600398,-3.0967731280673,-3.80673473380674,0.70996160573944,0.134096448024832,0.575865157714609,0.566808764242674,0.00905639347193454,0.0401744278599255,-0.031118034387991,-3.06565509367931,0.0445463900101926,0.0432405566600398,0.0217375941071289,0.0247797081878399,0.0428674323319183,0.0445463900101926,0.00304211408071098,0.0180877241440784,0.00167895767827433,-0.00176032035845134,0.0427860696517413
"2022-03-01",24,"2024-03-01","2024-05-01",979,34,0.034729315628192,0.0352040816326531,-3.3107545640612,-3.80673473380674,0.495980169745543,0.136933913842919,0.359046255902624,0.566808764242674,-0.20776250834005,-0.0867707337031682,-0.120991774636882,-3.18976278942432,0.0395527898091007,0.0352040816326531,0.0217375941071289,0.024848370001482,0.0429840041580156,0.0395527898091007,0.00311077589435308,0.0181356341565335,-0.00343121434891485,-0.00482347418090869,0.034729315628192
"2022-03-01",25,"2024-04-01","2024-06-01",955,32,0.0335078534031414,0.0339958158995816,-3.3469307103036,-3.80673473380674,0.459804023503138,0.153144376103385,0.306659647399754,0.566808764242674,-0.26014911684292,-0.166238059830077,-0.0939110570128439,-3.25301965329076,0.0372185318255171,0.0339958158995816,0.0217375941071289,0.025244204774237,0.043655806180271,0.0372185318255171,0.00350661066710802,0.0184116014060341,-0.00643727435475391,-0.00371067842237577,0.0335078534031414
"2022-03-01",26,"2024-05-01","2024-07-01",932,33,0.0354077253218884,0.0359056806002144,-3.29029361455957,-3.80673473380674,0.516441119247174,0.150824454081345,0.365616665165829,0.566808764242674,-0.201192099076845,-0.137386364523851,-0.0638057345529937,-3.22648788000657,0.038181014453913,0.0359056806002144,0.0217375941071289,0.0251871814349458,0.0435590519651815,0.038181014453913,0.00344958732781681,0.0183718705302358,-0.00537803751126851,-0.00277328913202461,0.0354077253218884
"2022-03-01",27,"2024-06-01","2024-08-01",912,36,0.0394736842105263,0.0399780941949617,-3.17862444377284,-3.80673473380674,0.628110290033898,0.182987039848669,0.445123250185229,0.566808764242674,-0.121685514057445,-0.0436523443082237,-0.0780331697492217,-3.10059127402362,0.0430828720550665,0.0399780941949617,0.0217375941071289,0.0259890387722965,0.0449188436722223,0.0430828720550665,0.00425144466516755,0.0189298048999258,-0.00183597161715576,-0.00360918784454024,0.0394736842105263
"2022-03-01",28,"2024-07-01","2024-09-01",883,35,0.0396375990939977,0.040158371040724,-3.17393738819291,-3.80673473380674,0.63279734561383,0.161161887237147,0.471635458376683,0.566808764242674,-0.0951733058659907,0.012370769741451,-0.107544075607442,-3.06639331258547,0.0445149804924308,0.040158371040724,0.0217375941071289,0.0254422438960924,0.0439917644698028,0.0445149804924308,0.00370464978896346,0.0185495205737104,0.000523216022627976,-0.00487738139843306,0.0396375990939977
"2022-03-01",29,"2024-08-01","2024-10-01",849,24,0.0282685512367491,0.0288235294117647,-3.5173161458095,-3.80673473380674,0.28941858799724,0.142171123824215,0.147247464173024,0.566808764242674,-0.41956130006965,-0.0445556309177286,-0.375005669151921,-3.14231047665758,0.0413953383017289,0.0288235294117647,0.0217375941071289,0.024975588751243,0.0431999604108086,0.0413953383017289,0.00323799464411409,0.0182243716595656,-0.00180462210907971,-0.0131267870649798,0.0282685512367491
"2022-03-01",30,"2024-09-01","2024-11-01",830,27,0.0325301204819277,0.0330926594464501,-3.37479118050504,-3.80673473380674,0.4319435533017,0.125435575789942,0.306507977511757,0.566808764242674,-0.260300786730917,-0.120872882653184,-0.139427904077733,-3.23536327642731,0.0378564138900539,0.0330926594464501,0.0217375941071289,0.0245712715617039,0.0425134819026617,0.0378564138900539,0.00283367745457492,0.0179422103409579,-0.0046570680126078,-0.00532629340812623,0.0325301204819277
"2022-03-01",31,"2024-10-01","2024-12-01",806,25,0.0310173697270471,0.0315985130111524,-3.42253669769715,-3.80673473380674,0.38419803610959,0.116476719657313,0.267721316452277,0.566808764242674,-0.299087447790397,-0.216270605622804,-0.0828168421675926,-3.33971985552956,0.0342334184780088,0.0315985130111524,0.0217375941071289,0.0243574620690612,0.0421502929161449,0.0342334184780088,0.00261986796193227,0.0177928308470836,-0.00791687443813602,-0.00321604875096169,0.0310173697270471
"2022-03-01",32,"2024-11-01","2025-01-01",792,26,0.0328282828282828,0.0334174022698613,-3.36468996531969,-3.80673473380674,0.442044768487049,0.132416258675008,0.309628509812041,0.566808764242674,-0.257180254430633,-0.27190253939058,0.0147222849599472,-3.37941225027964,0.0329451152087292,0.0334174022698613,0.0217375941071289,0.0247391376828066,0.0427985473973672,0.0329451152087292,0.00300154357567763,0.0180594097145606,-0.009853432188638,-0.000116832380446352,0.0328282828282828
"2022-03-01",33,"2024-12-01","2025-02-01",767,23,0.029986962190352,0.0305989583333333,-3.45571243097395,-3.80673473380674,0.351022302832791,0.139526428591446,0.211495874241345,0.566808764242674,-0.355312890001329,-0.280973561858756,-0.0743393281425728,-3.38137310283138,0.0328827001481745,0.0305989583333333,0.0217375941071289,0.0249112664840387,0.0430907772758841,0.0328827001481745,0.0031736723769098,0.0181795107918453,-0.0102080771277095,-0.0028957379578225,0.029986962190352
"2022-03-01",34,"2025-01-01","2025-03-01",754,20,0.026525198938992,0.0271523178807947,-3.57876510946957,-3.80673473380674,0.227969624337172,0.131428628410337,0.0965409959268354,0.566808764242674,-0.470267768315839,-0.220096899446803,-0.250170868869036,-3.32859424060053,0.0346031600665687,0.0271523178807947,0.0217375941071289,0.0247153201974912,0.0427581055791232,0.0346031600665687,0.00297772609036222,0.0180427853816321,-0.00815494551255457,-0.00807796112757661,0.026525198938992
"2022-04-01",1,"2022-05-01","2022-07-01",2475,13,0.00525252525252525,0.00545234248788368,-5.20624268760186,-3.80673473380674,-1.39950795379512,-1.7073653881347,0.307857434339579,0.645612226635592,-0.337754792296013,0.182199961940181,-0.519954754236194,-4.68628793336567,0.0091366038555941,0.00545234248788368,0.0217375941071289,0.00401337969127483,0.00762636852969736,0.0091366038555941,-0.0177242144158541,0.00361298883842253,0.00151023532589674,-0.00388407860306885,0.00525252525252525
"2022-04-01",2,"2022-06-01","2022-08-01",2433,35,0.0143855322646938,0.0145850451930978,-4.21306612446075,-3.80673473380674,-0.406331390654008,-0.802500335743768,0.39616894508976,0.645612226635592,-0.249443281545832,0.163317043844825,-0.412760325390657,-3.80030579907009,0.0218747270341915,0.0145850451930978,0.0217375941071289,0.00986122148763851,0.018640122790095,0.0218747270341915,-0.0118763726194904,0.00877890130245647,0.00323460424409653,-0.00748919476949771,0.0143855322646938
"2022-04-01",3,"2022-07-01","2022-09-01",2381,70,0.0293994120117598,0.0295969773299748,-3.49003923361006,-3.80673473380674,0.316695500196684,-0.337459829206784,0.654155329403468,0.645612226635592,0.00854310276787551,0.2976639458145,-0.289120843046624,-3.20091839056343,0.0391311767584758,0.0295969773299748,0.0217375941071289,0.0156087071675435,0.0293525944952833,0.0391311767584758,-0.00612888693958539,0.0137438873277398,0.00977858226319245,-0.00973176474671599,0.0293994120117598
"2022-04-01",4,"2022-08-01","2022-10-01",2318,87,0.0375323554788611,0.0377317809400604,-3.23879049070576,-3.80673473380674,0.567944243100985,-0.182480278425218,0.750424521526204,0.645612226635592,0.104812294890611,0.288943584343451,-0.18413128945284,-3.05465920125292,0.0450167481545127,0.0377317809400604,0.0217375941071289,0.0181776956171205,0.0341052749320768,0.0450167481545127,-0.00355989849000843,0.0159275793149563,0.0109114732224359,-0.00748439267565158,0.0375323554788611
"2022-04-01",5,"2022-09-01","2022-11-01",2244,103,0.0459001782531194,0.0461024498886414,-3.02969018435,-3.80673473380674,0.777044549456739,-0.110329660461367,0.887374209918107,0.645612226635592,0.241761983282515,0.299585493365441,-0.0578235100829269,-2.97186667426708,0.0487131480762817,0.0461024498886414,0.0217375941071289,0.019511164970081,0.0365636387033394,0.0487131480762817,-0.00222642913704798,0.0170524737332584,0.0121495093729423,-0.00281296982316229,0.0459001782531194
"2022-04-01",6,"2022-10-01","2022-12-01",2163,97,0.0448451225150254,0.0450554528650647,-3.05375925594799,-3.80673473380674,0.752975477858756,-0.00462210480800024,0.757597582666756,0.645612226635592,0.111985356031164,0.328594061749957,-0.216608705718793,-2.83715055022919,0.0553493348758382,0.0450554528650647,0.0217375941071289,0.0216395216911312,0.0404753595835566,0.0553493348758382,-9.8072415997727e-05,0.0188358378924254,0.0148739752922816,-0.0105042123608128,0.0448451225150254
"2022-04-01",7,"2022-11-01","2023-01-01",2097,175,0.0834525512637101,0.0836510962821735,-2.39374265847388,-3.80673473380674,1.41299207533286,0.0795860484344686,1.33340602689839,0.645612226635592,0.687793800262802,0.422005802626359,0.265787997636443,-2.65953065611032,0.0654040168444994,0.0836510962821735,0.0217375941071289,0.0234959992497771,0.0438753153441192,0.0654040168444994,0.00175840514264819,0.0203793160943421,0.0215287015003802,0.0180485344192106,0.0834525512637101
"2022-04-01",8,"2022-12-01","2023-02-01",2022,173,0.0855588526211672,0.0857637172516065,-2.36649301188559,-3.80673473380674,1.44024172192115,0.14017796756865,1.3000637543525,0.645612226635592,0.654451527716904,0.487599424379471,0.166852103337432,-2.53334511522303,0.0735533740742329,0.0857637172516065,0.0217375941071289,0.0249270977186229,0.0464885875915278,0.0735533740742329,0.00318950361149392,0.0215614898729049,0.0270647864827051,0.0120054785469343,0.0855588526211672
"2022-04-01",9,"2023-01-01","2023-03-01",1953,188,0.0962621607782898,0.0964687819856704,-2.23709120848038,-3.80673473380674,1.56964352532637,0.188722894148899,1.38092063117747,0.645612226635592,0.735308404541875,0.426373509370134,0.308934895171741,-2.54602610365212,0.0726939092901157,0.0964687819856705,0.0217375941071289,0.026134629384257,0.0486884575387496,0.0726939092901157,0.00439703527712805,0.0225538281544926,0.0240054517513661,0.0235682514881741,0.0962621607782898
"2022-04-01",10,"2023-02-01","2023-04-01",1792,113,0.0630580357142857,0.0633017289459007,-2.69444857213089,-3.80673473380674,1.11228616167585,0.249100324734697,0.863185836941154,0.645612226635592,0.217573610305562,0.39168808486067,-0.174114474555109,-2.52033409757578,0.0744449216092365,0.0633017289459007,0.0217375941071289,0.0277160988991316,0.051562453402347,0.0744449216092365,0.00597850479200264,0.0238463545032154,0.0228824682068895,-0.0113868858949508,0.0630580357142857
"2022-04-01",11,"2023-03-01","2023-05-01",1716,115,0.067016317016317,0.0672684915550379,-2.62942543908736,-3.80673473380674,1.17730929471938,0.289264109856582,0.888045184862795,0.645612226635592,0.242432958227202,0.346482791206875,-0.104049832979672,-2.52537560610769,0.0740982915837154,0.0672684915550379,0.0217375941071289,0.0288192054610655,0.0535623652589273,0.0740982915837154,0.00708161135393656,0.0247431597978618,0.0205359263247881,-0.00708197456739838,0.067016317016317
"2022-04-01",12,"2023-04-01","2023-06-01",1642,94,0.0572472594397077,0.0575167376749848,-2.79644216491356,-3.80673473380674,1.01029256889318,0.294297372332265,0.715995196560915,0.645612226635592,0.0703829699253233,0.319348850535649,-0.248965880610326,-2.54747628430323,0.0725962138866241,0.0575167376749848,0.0217375941071289,0.0289604143169464,0.0538180927290327,0.0725962138866241,0.00722282020981744,0.0248576784120863,0.0187781211575914,-0.0153489544469165,0.0572472594397077
"2022-04-01",13,"2023-05-01","2023-07-01",1584,93,0.0587121212121212,0.0589905362776025,-2.76957616766016,-3.80673473380674,1.03715856614658,0.303514845354915,0.733643720791665,0.645612226635592,0.0880314941560725,0.292095942153473,-0.2040644479974,-2.56551171966276,0.0713912808832823,0.0589905362776025,0.0217375941071289,0.0292207539062206,0.0542893971594352,0.0713912808832823,0.0074831597990917,0.0250686432532146,0.017101883723847,-0.012679159671161,0.0587121212121212
"2022-04-01",14,"2023-06-01","2023-08-01",1521,76,0.0499671268902038,0.0502628120893561,-2.93891982062391,-3.80673473380674,0.867814913182831,0.282992614882479,0.584822298300352,0.645612226635592,-0.0607899283352404,0.239383581080561,-0.300173509415802,-2.63874631120811,0.0666860215315006,0.0502628120893561,0.0217375941071289,0.028644192466134,0.0532453302990467,0.0666860215315006,0.0069065983590051,0.0246011378329126,0.0134406912324539,-0.0167188946412967,0.0499671268902038
"2022-04-01",15,"2023-07-01","2023-09-01",1475,67,0.0454237288135593,0.0457317073170732,-3.03815298943794,-3.80673473380674,0.768581744368798,0.290285959980498,0.4782957843883,0.645612226635592,-0.167316442247292,0.191184517457473,-0.358500959704765,-2.67965202973318,0.0641847741008144,0.0457317073170732,0.0217375941071289,0.0288478194500509,0.05361418999266,0.0641847741008144,0.00711022534292199,0.0247663705426091,0.0105705841081543,-0.0187610452872551,0.0454237288135593
"2022-04-01",16,"2023-08-01","2023-10-01",1407,54,0.0383795309168444,0.0387073863636364,-3.21224840738516,-3.80673473380674,0.594486326421584,0.255943184868061,0.338543141553523,0.645612226635592,-0.307069085082069,0.0714730267921096,-0.378542111874179,-2.83370629551098,0.0555296964847071,0.0387073863636364,0.0217375941071289,0.02790109687394,0.0518981237652939,0.0555296964847071,0.00616350276681102,0.0239970268913539,0.00363157271941322,-0.0171501655678627,0.0383795309168444
"2022-04-01",17,"2023-09-01","2023-11-01",1353,56,0.041389504804139,0.0417282127031019,-3.13395397688765,-3.80673473380674,0.672780756919093,0.264080020949498,0.408700735969595,0.645612226635592,-0.236911490665998,0.0139751005053017,-0.250886591171299,-2.88306738571635,0.0529969782778405,0.0417282127031019,0.0217375941071289,0.028122639040942,0.0522999573339022,0.0529969782778405,0.00638504493381307,0.0241773182929602,0.000697020943938226,-0.0116074734737015,0.041389504804139
"2022-04-01",18,"2023-10-01","2023-12-01",1313,57,0.0434120335110434,0.0437595129375951,-3.08430040918034,-3.80673473380674,0.722434324626399,0.253616829857505,0.468817494768894,0.645612226635592,-0.176794731866698,-0.0250776381505152,-0.151717093716183,-2.93258331546416,0.0505661578742425,0.0437595129375951,0.0217375941071289,0.0278380692675519,0.0517837753984417,0.0505661578742425,0.00610047516042296,0.0239457061308898,-0.00121761752419917,-0.00715412436319911,0.0434120335110434
"2022-04-01",19,"2023-11-01","2024-01-01",1279,56,0.0437842064112588,0.044140625,-3.07523024473033,-3.80673473380674,0.73150448907641,0.241048700025503,0.490455789050908,0.645612226635592,-0.155156437584685,-0.0172058636289703,-0.137950573955714,-2.93727967077462,0.0503411648182587,0.044140625,0.0217375941071289,0.0274999475031061,0.0511701173332987,0.0503411648182587,0.00576235339597715,0.0236701698301926,-0.000828952515039998,-0.00655695840699989,0.0437842064112588
"2022-04-01",20,"2023-12-01","2024-02-01",1240,48,0.0387096774193548,0.0390813859790492,-3.20224342481906,-3.80673473380674,0.604491308987682,0.19016434378928,0.414326965198403,0.645612226635592,-0.231285261437189,0.0189999931988004,-0.25028525463599,-2.95195817018307,0.0496440445275356,0.0390813859790492,0.0217375941071289,0.0261713416691865,0.0487552658971319,0.0496440445275356,0.00443374756205756,0.0225839242279454,0.000888778630403736,-0.0109343671081808,0.0387096774193548
"2022-04-01",21,"2024-01-01","2024-03-01",1214,50,0.0411861614497529,0.0415637860082304,-3.13807375304308,-3.80673473380674,0.66866098076366,0.159736706239509,0.508924274524151,0.645612226635592,-0.136687952111442,0.0600410097677618,-0.196728961879203,-2.94134479116388,0.0501471787421118,0.0415637860082304,0.0217375941071289,0.0254069305137959,0.0473633065708135,0.0501471787421118,0.00366933640666691,0.0219563760570176,0.0027838721712983,-0.00896101729235887,0.0411861614497529
"2022-04-01",22,"2024-02-01","2024-04-01",1167,46,0.0394173093401885,0.0398116438356164,-3.18297004136695,-3.80673473380674,0.623764692439789,0.116545108534489,0.5072195839053,0.645612226635592,-0.138392642730293,0.0401744278599255,-0.178567070590218,-3.00440297077673,0.0472273575619273,0.0398116438356164,0.0217375941071289,0.0243590873272493,0.0454521608463958,0.0472273575619273,0.00262149322012033,0.0210930735191465,0.00177519671553147,-0.00781004822173875,0.0394173093401885
"2022-04-01",23,"2024-03-01","2024-05-01",1128,39,0.0345744680851064,0.0349867139061116,-3.3171734824776,-3.80673473380674,0.489561251329143,0.134096448024832,0.355464803304311,0.645612226635592,-0.290147423331281,-0.0867707337031682,-0.203376689628113,-3.11379679284949,0.0425417246420409,0.0349867139061116,0.0217375941071289,0.0247797081878399,0.046219751936967,0.0425417246420409,0.00304211408071098,0.0214400437491271,-0.00367802729492615,-0.0079672565569345,0.0345744680851064
"2022-04-01",24,"2024-04-01","2024-06-01",1097,36,0.03281677301732,0.0332422586520947,-3.37012602055486,-3.80673473380674,0.436608713251876,0.136933913842919,0.299674799408957,0.645612226635592,-0.345937427226635,-0.166238059830077,-0.179699367396558,-3.19042665315831,0.0395275784175812,0.0332422586520947,0.0217375941071289,0.024848370001482,0.0463449985046494,0.0395275784175812,0.00311077589435308,0.0214966285031674,-0.00681742008706818,-0.00671080540026127,0.03281677301732
"2022-04-01",25,"2024-05-01","2024-07-01",1061,38,0.0358152686145146,0.0362523540489642,-3.28032516380761,-3.80673473380674,0.526409569999136,0.153144376103385,0.373265193895751,0.645612226635592,-0.272347032739841,-0.137386364523851,-0.13496066821599,-3.14536449559162,0.0412743190344304,0.0362523540489642,0.0217375941071289,0.025244204774237,0.0470667464671824,0.0412743190344304,0.00350661066710802,0.0218225416929455,-0.00579242743275199,-0.00545905041991584,0.0358152686145146
"2022-04-01",26,"2024-06-01","2024-08-01",1041,46,0.0441882804995197,0.0446257197696737,-3.06379281091094,-3.80673473380674,0.742941922895801,0.150824454081345,0.592117468814455,0.645612226635592,-0.0534947578211367,-0.0436523443082237,-0.00984241351291295,-3.05395039739803,0.0450472296315438,0.0446257197696737,0.0217375941071289,0.0251871814349458,0.0469628038256203,0.0450472296315438,0.00344958732781681,0.0217756223906745,-0.00191557419407648,-0.000858949132024084,0.0441882804995197
"2022-04-01",27,"2024-07-01","2024-09-01",1018,45,0.0442043222003929,0.0446516192345437,-3.06318549885535,-3.80673473380674,0.743549234951391,0.182987039848669,0.560562195102722,0.645612226635592,-0.0850500315328697,0.012370769741451,-0.0974208012743207,-2.96576469758103,0.0489966946920582,0.0446516192345437,0.0217375941071289,0.0259890387722965,0.0484234715452187,0.0489966946920582,0.00425144466516755,0.0224344327729222,0.000573223146839524,-0.00479237249166525,0.0442043222003929
"2022-04-01",28,"2024-08-01","2024-10-01",991,42,0.0423814328960646,0.0428427419354839,-3.10643145432197,-3.80673473380674,0.700303279484772,0.161161887237147,0.539141392247624,0.645612226635592,-0.106470834387968,-0.0445556309177286,-0.0619152034702391,-3.04451625085173,0.0454548138939482,0.0428427419354839,0.0217375941071289,0.0254422438960924,0.047427652269116,0.0454548138939482,0.00370464978896346,0.0219854083730236,-0.00197283837516782,-0.00307338099788361,0.0423814328960646
"2022-04-01",29,"2024-09-01","2024-11-01",956,40,0.0418410041841004,0.0423197492163009,-3.11926009316727,-3.80673473380674,0.687474640639475,0.142171123824215,0.54530351681526,0.645612226635592,-0.100308709820332,-0.120872882653184,0.0205641728328517,-3.13982426600012,0.0414941080921936,0.0423197492163009,0.0217375941071289,0.024975588751243,0.0465770189292696,0.0414941080921936,0.00323799464411409,0.0216014301780266,-0.005082910837076,0.000346896091906787,0.0418410041841004
"2022-04-01",30,"2024-10-01","2024-12-01",933,39,0.0418006430868167,0.0422912205567452,-3.1199642310417,-3.80673473380674,0.686770502765043,0.125435575789942,0.561334926975101,0.645612226635592,-0.0842772996604908,-0.216270605622804,0.131993305962314,-3.25195753700401,0.0372566096833026,0.0422912205567452,0.0217375941071289,0.0245712715617039,0.0458394475170954,0.0372566096833026,0.00283367745457492,0.0212681759553916,-0.0085828378337928,0.00454403340351408,0.0418006430868167
"2022-04-01",31,"2024-11-01","2025-01-01",912,33,0.0361842105263158,0.0366922234392114,-3.26780812534659,-3.80673473380674,0.538926608460149,0.116476719657313,0.422449888802836,0.645612226635592,-0.223162337832756,-0.27190253939058,0.0487402015578242,-3.31654832690442,0.035007826948014,0.0366922234392114,0.0217375941071289,0.0243574620690612,0.045449193800893,0.035007826948014,0.00261986796193227,0.0210917317318318,-0.0104413668528789,0.00117638357830176,0.0361842105263158
"2022-04-01",32,"2024-12-01","2025-02-01",891,27,0.0303030303030303,0.0308295964125561,-3.44796530045082,-3.80673473380674,0.358769433355921,0.132416258675008,0.226353174680914,0.645612226635592,-0.419259051954679,-0.280973561858756,-0.138285490095923,-3.3096798103549,0.0352406036189063,0.030829596412556,0.0217375941071289,0.0247391376828066,0.0461457397795003,0.0352406036189063,0.00300154357567763,0.0214066020966937,-0.010905136160594,-0.00493757331587597,0.0303030303030303
"2022-04-01",33,"2025-01-01","2025-03-01",869,27,0.0310701956271577,0.0316091954022989,-3.42218765755399,-3.80673473380674,0.38454707625275,0.139526428591446,0.245020647661305,0.645612226635592,-0.400591578974287,-0.220096899446803,-0.180494679527485,-3.24169297802651,0.0376265384392656,0.0316091954022989,0.0217375941071289,0.0249112664840387,0.0464597150957184,0.0376265384392656,0.0031736723769098,0.0215484486116797,-0.00883317665645281,-0.00655634281210797,0.0310701956271577
"2022-04-01",34,"2025-02-01","2025-04-01",855,25,0.0292397660818713,0.0297897196261682,-3.48334947688897,-3.80673473380674,0.323385256917772,0.131428628410337,0.191956628507435,0.645612226635592,-0.453655598128157,-0.119114391369798,-0.334541206758359,-3.14880827013061,0.0411382613656622,0.0297897196261682,0.0217375941071289,0.0247153201974912,0.0461022874197579,0.0411382613656622,0.00297772609036222,0.0213869672222667,-0.00496402605409569,-0.0118984952837909,0.0292397660818713
"2022-05-01",1,"2022-06-01","2022-08-01",2263,10,0.00441891294741494,0.00463780918727915,-5.36886458496723,-3.80673473380674,-1.56212985116048,-1.7073653881347,0.145235536974215,0.495924910159257,-0.350689373185043,0.163317043844825,-0.514006417029868,-4.85485816793736,0.00773021643539649,0.00463780918727915,0.0217375941071289,0.00401337969127483,0.00657309808233388,0.00773021643539649,-0.0177242144158541,0.00255971839105905,0.00115711835306261,-0.00331130348798156,0.00441891294741494
"2022-05-01",2,"2022-07-01","2022-09-01",2231,39,0.0174809502465262,0.0176971326164875,-4.01649705233926,-3.80673473380674,-0.209762318532521,-0.802500335743768,0.592738017211247,0.495924910159257,0.0968131070519894,0.2976639458145,-0.20085083876251,-3.81564621357675,0.0215488963396493,0.0176971326164875,0.0217375941071289,0.00986122148763851,0.0160904165069603,0.0215488963396493,-0.0118763726194904,0.0062291950193218,0.00545847983268896,-0.00406794609312304,0.0174809502465262
"2022-05-01",3,"2022-08-01","2022-10-01",2187,63,0.0288065843621399,0.0290219378427788,-3.51025185365622,-3.80673473380674,0.296482880150521,-0.337459829206784,0.633942709357305,0.495924910159257,0.138017799198047,0.288943584343451,-0.150925785145404,-3.35932606851082,0.0335910940636951,0.0290219378427788,0.0217375941071289,0.0156087071675435,0.0253754622634937,0.0335910940636951,-0.00612888693958539,0.00976675509595011,0.00821563180020148,-0.00478450970155522,0.0288065843621399
"2022-05-01",4,"2022-09-01","2022-11-01",2139,94,0.0439457690509584,0.0441588785046729,-3.07479770286976,-3.80673473380674,0.731937030936985,-0.182480278425218,0.914417309362203,0.495924910159257,0.418492399202946,0.299585493365441,0.118906905837505,-3.19370460870726,0.0394033180177966,0.0441588785046729,0.0217375941071289,0.0181776956171205,0.0295037517933112,0.0394033180177966,-0.00355989849000843,0.0113260561761907,0.00989956622448543,0.00454245103316176,0.0439457690509584
"2022-05-01",5,"2022-10-01","2022-12-01",2075,88,0.0424096385542169,0.0426300578034682,-3.1116302945146,-3.80673473380674,0.695104439292138,-0.110329660461367,0.805434099753505,0.495924910159257,0.309509189594248,0.328594061749957,-0.019084872155709,-3.09254542235889,0.0434157984121341,0.0426300578034682,0.0217375941071289,0.019511164970081,0.0316412958051404,0.0434157984121341,-0.00222642913704798,0.0121301308350594,0.0117745026069938,-0.00100615985791726,0.0424096385542169
"2022-05-01",6,"2022-11-01","2023-01-01",2017,92,0.045612295488349,0.0458374628344896,-3.03573230873658,-3.80673473380674,0.771002425070157,-0.00462210480800024,0.775624529878157,0.495924910159257,0.2796996197189,0.422005802626359,-0.142306182907459,-2.89342612582913,0.0524794915280793,0.0458374628344896,0.0217375941071289,0.0216395216911312,0.0350455610163513,0.0524794915280793,-9.8072415997727e-05,0.0134060393252201,0.017433930511728,-0.00686719603973029,0.045612295488349
"2022-05-01",7,"2022-12-01","2023-02-01",1932,86,0.0445134575569358,0.0447490946714951,-3.06090282035478,-3.80673473380674,0.745831913451957,0.0795860484344686,0.666245865017489,0.495924910159257,0.170320954858231,0.487599424379471,-0.31727846952124,-2.74362435083354,0.0604477344179237,0.0447490946714951,0.0217375941071289,0.0234959992497771,0.038007476983337,0.0604477344179237,0.00175840514264819,0.0145114777335599,0.0224402574345867,-0.0159342768609879,0.0445134575569358
"2022-05-01",8,"2023-01-01","2023-03-01",1864,89,0.0477467811158798,0.0479892761394102,-2.98759872710233,-3.80673473380674,0.819136006704408,0.14017796756865,0.678958039135758,0.495924910159257,0.183033128976501,0.426373509370134,-0.243340380393633,-2.7442583467087,0.0604117374119454,0.0479892761394102,0.0217375941071289,0.0249270977186229,0.0402859788619234,0.0604117374119454,0.00318950361149392,0.0153588811433005,0.020125758550022,-0.0126649562960656,0.0477467811158798
"2022-05-01",9,"2023-02-01","2023-04-01",1804,91,0.0504434589800443,0.0506925207756233,-2.92995436903319,-3.80673473380674,0.876780364773553,0.188722894148899,0.688057470624654,0.495924910159257,0.192132560465397,0.39168808486067,-0.199555524395273,-2.73039884463791,0.061203242230799,0.0506925207756233,0.0217375941071289,0.026134629384257,0.042205329077299,0.061203242230799,0.00439703527712805,0.016070699693042,0.0189979131535,-0.0107597832507546,0.0504434589800443
"2022-05-01",10,"2023-03-01","2023-05-01",1721,87,0.0505520046484602,0.0508130081300813,-2.9274534328007,-3.80673473380674,0.879281301006045,0.249100324734697,0.630180976271348,0.495924910159257,0.13425606611209,0.346482791206875,-0.212226725094785,-2.71522670770591,0.0620808194754131,0.0508130081300813,0.0217375941071289,0.0277160988991316,0.0447146245559153,0.0620808194754131,0.00597850479200264,0.0169985256567837,0.0173661949194978,-0.0115288148269529,0.0505520046484602
"2022-05-01",11,"2023-04-01","2023-06-01",1665,88,0.0528528528528528,0.0531212484993998,-2.88059404240148,-3.80673473380674,0.926140691405257,0.289264109856582,0.636876581548675,0.495924910159257,0.140951671389417,0.319348850535649,-0.178397179146232,-2.70219686325525,0.0628438485723028,0.0531212484993998,0.0217375941071289,0.0288192054610655,0.0464619463677695,0.0628438485723028,0.00708161135393656,0.0176427409067039,0.0163819022045334,-0.00999099571944997,0.0528528528528528
"2022-05-01",12,"2023-05-01","2023-07-01",1613,94,0.0582765034097954,0.0585501858736059,-2.77753677785715,-3.80673473380674,1.02919795594959,0.294297372332265,0.734900583617325,0.495924910159257,0.238975673458068,0.292095942153473,-0.0531202686954049,-2.72441650916175,0.0615478753495728,0.0585501858736059,0.0217375941071289,0.0289604143169464,0.0466854459000912,0.0615478753495728,0.00722282020981744,0.0177250315831448,0.0148624294494816,-0.00327137193977736,0.0582765034097954
"2022-05-01",13,"2023-06-01","2023-08-01",1564,84,0.0537084398976982,0.0539936102236422,-2.86338361317852,-3.80673473380674,0.943351120628223,0.303514845354915,0.639836275273309,0.495924910159257,0.143911365114051,0.239383581080561,-0.0954722159665102,-2.76791139721201,0.0590830166479557,0.0539936102236422,0.0217375941071289,0.0292207539062206,0.0470973963544878,0.0590830166479557,0.0074831597990917,0.0178766424482672,0.0119856202934678,-0.00537457675025746,0.0537084398976982
"2022-05-01",14,"2023-07-01","2023-09-01",1517,78,0.0514172709294661,0.0517127799736495,-2.90895248526387,-3.80673473380674,0.897782248542873,0.282992614882479,0.614789633660394,0.495924910159257,0.118864723501137,0.191184517457473,-0.0723197939563367,-2.83663269130753,0.0553764177722703,0.0517127799736495,0.0217375941071289,0.028644192466134,0.0461848878217748,0.0553764177722703,0.0069065983590051,0.0175406953556407,0.00919152995049547,-0.0039591468428042,0.0514172709294661
"2022-05-01",15,"2023-08-01","2023-10-01",1459,53,0.0363262508567512,0.0366438356164384,-3.26917797402795,-3.80673473380674,0.53755675977879,0.290285959980498,0.247270799798293,0.495924910159257,-0.248654110360965,0.0714730267921096,-0.320127137153074,-2.94905083687488,0.0497813908337856,0.0366438356164384,0.0217375941071289,0.0288478194500509,0.0465072386194863,0.0497813908337856,0.00711022534292199,0.0176594191694353,0.00327415221429939,-0.0134551399770344,0.0363262508567512
"2022-05-01",16,"2023-09-01","2023-11-01",1404,55,0.0391737891737892,0.0395017793594306,-3.19110641170567,-3.80673473380674,0.615628322101071,0.255943184868061,0.35968513723301,0.495924910159257,-0.136239772926248,0.0139751005053017,-0.150214873431549,-3.04089153827412,0.0456123447402131,0.0395017793594306,0.0217375941071289,0.02790109687394,0.0450078312069699,0.0456123447402131,0.00616350276681102,0.01710673433303,0.000604513533243194,-0.00643855556642395,0.0391737891737892
"2022-05-01",17,"2023-10-01","2023-12-01",1360,50,0.0367647058823529,0.0371050698016165,-3.25619068648215,-3.80673473380674,0.550544047324594,0.264080020949498,0.286464026375096,0.495924910159257,-0.209460883784161,-0.0250776381505152,-0.184383245633646,-3.0718074408485,0.0442852662744567,0.0371050698016165,0.0217375941071289,0.028122639040942,0.0453588673916243,0.0442852662744567,0.00638504493381307,0.0172362283506823,-0.00107360111716761,-0.00752056039210374,0.0367647058823529
"2022-05-01",18,"2023-11-01","2024-01-01",1337,60,0.0448765893792072,0.0452167414050822,-3.05001695704106,-3.80673473380674,0.756717776765678,0.253616829857505,0.503100946908173,0.495924910159257,0.00717603674891509,-0.0172058636289703,0.0243819003778854,-3.07439885741895,0.0441757163823094,0.0452167414050822,0.0217375941071289,0.0278380692675519,0.0449079452936229,0.0441757163823094,0.00610047516042296,0.017069876026071,-0.000732228911313505,0.000700872996897799,0.0448765893792072
"2022-05-01",19,"2023-12-01","2024-02-01",1298,54,0.0416024653312789,0.041955350269438,-3.12828842013845,-3.80673473380674,0.678446313668293,0.241048700025503,0.437397613642791,0.495924910159257,-0.0585272965164668,0.0189999931988004,-0.0775272897152672,-3.05076113042318,0.0451846246831351,0.041955350269438,0.0217375941071289,0.0274999475031061,0.0443719555821849,0.0451846246831351,0.00576235339597715,0.0168720080790788,0.000812669100950209,-0.00358215935185621,0.0416024653312789
"2022-05-01",20,"2024-01-01","2024-03-01",1271,48,0.037765538945712,0.0381289308176101,-3.22790708493929,-3.80673473380674,0.578827648867452,0.19016434378928,0.388663305078172,0.495924910159257,-0.107261605081085,0.0600410097677618,-0.167302614848847,-3.06060447009044,0.0447618498672123,0.03812893081761,0.0217375941071289,0.0261713416691865,0.0422636367606169,0.0447618498672123,0.00443374756205756,0.0160922950914304,0.00249821310659538,-0.00699631092150025,0.037765538945712
"2022-05-01",21,"2024-02-01","2024-04-01",1228,43,0.0350162866449511,0.0353946297803092,-3.30515896741082,-3.80673473380674,0.501575766395919,0.159736706239509,0.34183906015641,0.495924910159257,-0.154085850002847,0.0401744278599255,-0.194260277862773,-3.11089868954805,0.0426599265969941,0.0353946297803092,0.0217375941071289,0.0254069305137959,0.0410490152029141,0.0426599265969941,0.00366933640666691,0.0156420846891183,0.00161091139408,-0.00764363995204297,0.0350162866449511
"2022-05-01",22,"2024-03-01","2024-05-01",1196,37,0.0309364548494983,0.031328320802005,-3.43140322371922,-3.80673473380674,0.37533151008752,0.116545108534489,0.25878640155303,0.495924910159257,-0.237138508606227,-0.0867707337031682,-0.150367774903059,-3.28103544881616,0.0362275461980551,0.031328320802005,0.0217375941071289,0.0243590873272493,0.039382123068693,0.0362275461980551,0.00262149322012033,0.0150230357414438,-0.00315457687063799,-0.00529109134855673,0.0309364548494983
"2022-05-01",23,"2024-04-01","2024-06-01",1163,41,0.0352536543422184,0.0356529209621993,-3.29762019237976,-3.80673473380674,0.509114541426984,0.134096448024832,0.375018093402153,0.495924910159257,-0.120906816757105,-0.166238059830077,0.0453312430729719,-3.34295143545273,0.0341267382895249,0.0356529209621993,0.0217375941071289,0.0247797081878399,0.0400515052123255,0.0341267382895249,0.00304211408071098,0.0152717970244856,-0.00592476692280059,0.00112691605269345,0.0352536543422184
"2022-05-01",24,"2024-05-01","2024-07-01",1134,41,0.0361552028218695,0.0365638766519824,-3.27144541288017,-3.80673473380674,0.535289320926571,0.136933913842919,0.398355407083652,0.495924910159257,-0.0975695030756054,-0.137386364523851,0.0398168614482459,-3.31126227432842,0.0351868414469251,0.0365638766519824,0.0217375941071289,0.024848370001482,0.0401607408337732,0.0351868414469251,0.00311077589435308,0.0153123708322912,-0.00497389938684811,0.000968361374944382,0.0361552028218695
"2022-05-01",25,"2024-06-01","2024-08-01",1114,42,0.0377019748653501,0.0381165919282511,-3.2282435748718,-3.80673473380674,0.57849115893494,0.153144376103385,0.425346782831556,0.495924910159257,-0.0705781273277016,-0.0436523443082237,-0.0269257830194779,-3.20131779185232,0.0391161620628434,0.0381165919282511,0.0217375941071289,0.025244204774237,0.0407902984609873,0.0391161620628434,0.00350661066710802,0.0155460936867503,-0.00167413639814393,-0.00141418719749328,0.0377019748653501
"2022-05-01",26,"2024-07-01","2024-09-01",1085,45,0.0414746543778802,0.0418968692449355,-3.12974431987678,-3.80673473380674,0.676990413929957,0.150824454081345,0.526165959848612,0.495924910159257,0.0302410496893543,0.012370769741451,0.0178702799479032,-3.14761459982469,0.0411853725695416,0.0418968692449355,0.0217375941071289,0.0251871814349458,0.0406996247860761,0.0411853725695416,0.00344958732781681,0.0155124433511304,0.000485747783465468,0.0002892818083386,0.0414746543778802
"2022-05-01",27,"2024-08-01","2024-10-01",1059,44,0.0415486307837583,0.0419811320754717,-3.12764719184824,-3.80673473380674,0.679087541958496,0.182987039848669,0.496100502109827,0.495924910159257,0.000175591950569765,-0.0445556309177286,0.0447312228682983,-3.17237841471654,0.0402185058249662,0.0419811320754717,0.0217375941071289,0.0259890387722965,0.0419740705605065,0.0402185058249662,0.00425144466516755,0.01598503178821,-0.00175556473554034,0.0013301249587921,0.0415486307837583
"2022-05-01",28,"2024-09-01","2024-11-01",1037,40,0.038572806171649,0.0390173410404624,-3.20395017465153,-3.80673473380674,0.602784559155216,0.161161887237147,0.441622671918069,0.495924910159257,-0.0543022382411885,-0.120872882653184,0.0665706444119956,-3.27052081906352,0.0365964612408407,0.0390173410404624,0.0217375941071289,0.0254422438960924,0.0411051527279101,0.0365964612408407,0.00370464978896346,0.0156629088318177,-0.00450869148706942,0.0019763449308083,0.038572806171649
"2022-05-01",29,"2024-10-01","2024-12-01",1003,29,0.028913260219342,0.0293824701195219,-3.49753425560184,-3.80673473380674,0.3092004782049,0.142171123824215,0.167029354380684,0.495924910159257,-0.328895555778573,-0.216270605622804,-0.112624950155769,-3.38490930544607,0.0327704294228779,0.0293824701195219,0.0217375941071289,0.024975588751243,0.0403631109488403,0.0327704294228779,0.00323799464411409,0.0153875221975973,-0.00759268152596246,-0.00385716920353588,0.028913260219342
"2022-05-01",30,"2024-11-01","2025-01-01",977,22,0.022517911975435,0.0230061349693252,-3.74871945446995,-3.80673473380674,0.0580152793367881,0.125435575789942,-0.0674202964531541,0.495924910159257,-0.563345206612411,-0.27190253939058,-0.291442667221831,-3.45727678724812,0.0305525894204305,0.0230061349693252,0.0217375941071289,0.0245712715617039,0.0397198406251934,0.0305525894204305,0.00283367745457492,0.0151485690634896,-0.00916725120476292,-0.00803467744499552,0.022517911975435
"2022-05-01",31,"2024-12-01","2025-02-01",961,19,0.0197710718002081,0.0202702702702703,-3.87812145375246,-3.80673473380674,-0.0713867199457234,0.116476719657313,-0.187863439603037,0.495924910159257,-0.683788349762294,-0.280973561858756,-0.402814787903538,-3.47530666584893,0.0300230564796013,0.0202702702702703,0.0217375941071289,0.0243574620690612,0.0393795359188544,0.0300230564796013,0.00261986796193227,0.0150220738497932,-0.00935647943925313,-0.0102519846793932,0.0197710718002081
"2022-05-01",32,"2025-01-01","2025-03-01",947,24,0.0253431890179514,0.0258438818565401,-3.62949768208861,-3.80673473380674,0.177237051718128,0.132416258675008,0.0448207930431199,0.495924910159257,-0.451104117116138,-0.220096899446803,-0.231007217669335,-3.39849046441928,0.0323426747324708,0.0258438818565401,0.0217375941071289,0.0247391376828066,0.039986956228997,0.0323426747324708,0.00300154357567763,0.0152478185461904,-0.00764428149652616,-0.0069994857145194,0.0253431890179514
"2022-05-01",33,"2025-02-01","2025-04-01",933,29,0.0310825294748124,0.0315845824411135,-3.42299204148958,-3.80673473380674,0.383742692317166,0.139526428591446,0.24421626372572,0.495924910159257,-0.251708646433537,-0.119114391369798,-0.13259425506374,-3.29039778642584,0.0359020747130231,0.0315845824411135,0.0217375941071289,0.0249112664840387,0.0402607959419384,0.0359020747130231,0.0031736723769098,0.0153495294578996,-0.00435872122891526,-0.00481954523821069,0.0310825294748124
"2022-05-01",34,"2025-03-01","2025-05-01",918,35,0.0381263616557734,0.0386289445048966,-3.21435859527838,-3.80673473380674,0.59237613852836,0.131428628410337,0.460947510118023,0.495924910159257,-0.034977400041234,-0.107925127268065,0.0729477272268311,-3.28730632250521,0.0360092335714967,0.0386289445048966,0.0217375941071289,0.0247153201974912,0.0399490602988964,0.0360092335714967,0.00297772609036222,0.0152337401014052,-0.00393982672739972,0.00211712808427674,0.0381263616557734
"2022-06-01",1,"2022-07-01","2022-09-01",1899,12,0.00631911532385466,0.00657894736842105,-5.01727983681492,-3.80673473380674,-1.21054510300818,-1.7073653881347,0.496820285126516,0.5060968714491,-0.00927658632258443,0.2976639458145,-0.306940532137084,-4.71033930467784,0.00892141463658536,0.00657894736842105,0.0217375941071289,0.00401337969127483,0.00663985437792,0.00892141463658536,-0.0177242144158541,0.00262647468664517,0.00228156025866536,-0.0026022993127307,0.00631911532385466
"2022-06-01",2,"2022-08-01","2022-10-01",1874,29,0.0154749199573106,0.0157333333333333,-4.13611525912428,-3.80673473380674,-0.329380525317538,-0.802500335743768,0.473119810426229,0.5060968714491,-0.0329770610228707,0.288943584343451,-0.321920645366322,-3.81419461375796,0.0215795239222102,0.0157333333333333,0.0217375941071289,0.00986122148763851,0.0162522492602594,0.0215795239222102,-0.0118763726194904,0.00639102777262086,0.00532727466195082,-0.00610460396489962,0.0154749199573106
"2022-06-01",3,"2022-09-01","2022-11-01",1838,54,0.029379760609358,0.0296356715606308,-3.48869284126102,-3.80673473380674,0.318041892545724,-0.337459829206784,0.655501721752508,0.5060968714491,0.149404850303408,0.299585493365441,-0.150180643062033,-3.33851219819898,0.0342733678967741,0.0296356715606308,0.0217375941071289,0.0156087071675435,0.0256282488534583,0.0342733678967741,-0.00612888693958539,0.0100195416859147,0.00864511904331581,-0.00489360728741611,0.029379760609358
"2022-06-01",4,"2022-10-01","2022-12-01",1796,57,0.0317371937639198,0.0319977740678909,-3.40956804678869,-3.80673473380674,0.397166687018049,-0.182480278425218,0.579646965443268,0.5060968714491,0.0735500939941677,0.328594061749957,-0.255043967755789,-3.1545240790329,0.0409133865180847,0.0319977740678909,0.0217375941071289,0.0181776956171205,0.0297964064972559,0.0409133865180847,-0.00355989849000843,0.0116187108801354,0.0111169800208288,-0.00917619275416486,0.0317371937639198
"2022-06-01",5,"2022-11-01","2023-01-01",1755,71,0.0404558404558405,0.0407175398633257,-3.15952661314665,-3.80673473380674,0.647208120660096,-0.110329660461367,0.757537781121463,0.5060968714491,0.251440909672363,0.422005802626359,-0.170564892953996,-2.98896172019265,0.0479270443705199,0.0407175398633257,0.0217375941071289,0.019511164970081,0.0319544551932617,0.0479270443705199,-0.00222642913704798,0.0124432902231807,0.0159725891772582,-0.0074712039146794,0.0404558404558405
"2022-06-01",6,"2022-12-01","2023-02-01",1707,77,0.0451083772700644,0.0453747072599532,-3.04636405887007,-3.80673473380674,0.760370674936669,-0.00462210480800024,0.764992779744669,0.5060968714491,0.258895908295569,0.487599424379471,-0.228703516083902,-2.81766054278617,0.0563772609544107,0.0453747072599531,0.0217375941071289,0.0216395216911312,0.0353911816236416,0.0563772609544107,-9.8072415997727e-05,0.0137516599325104,0.0209860793307691,-0.0112688836843463,0.0451083772700644
"2022-06-01",7,"2023-01-01","2023-03-01",1673,85,0.0508069336521219,0.0510752688172043,-2.92202907776686,-3.80673473380674,0.884705656039885,0.0795860484344686,0.805119607605416,0.5060968714491,0.299022736156316,0.426373509370134,-0.127350773213817,-2.79467830455304,0.0576124286696615,0.0510752688172043,0.0217375941071289,0.0234959992497771,0.038381146263347,0.0576124286696615,0.00175840514264819,0.0148851470135699,0.0192312824063144,-0.00680549501753951,0.0508069336521219
"2022-06-01",8,"2023-02-01","2023-04-01",1602,82,0.0511860174781523,0.0514660012476606,-2.91399621377678,-3.80673473380674,0.892738520029957,0.14017796756865,0.752560552461307,0.5060968714491,0.246463681012207,0.39168808486067,-0.145224403848463,-2.76877180992832,0.0590352025424959,0.0514660012476606,0.0217375941071289,0.0249270977186229,0.0406811018567607,0.0590352025424959,0.00318950361149392,0.0157540041381378,0.0183541006857353,-0.00784918506434363,0.0511860174781523
"2022-06-01",9,"2023-03-01","2023-05-01",1549,81,0.05229180116204,0.0525806451612903,-2.89139373039186,-3.80673473380674,0.915341003414884,0.188722894148899,0.726618109265985,0.5060968714491,0.220521237816885,0.346482791206875,-0.12596155338999,-2.76543217700187,0.0592209927430914,0.0525806451612903,0.0217375941071289,0.026134629384257,0.0426184410037498,0.0592209927430914,0.00439703527712805,0.0164838116194929,0.0166025517393415,-0.00692919158105135,0.05229180116204
"2022-06-01",10,"2023-04-01","2023-06-01",1493,88,0.0589417280643001,0.0592369477911647,-2.7651458383327,-3.80673473380674,1.04158889547404,0.249100324734697,0.792488570739341,0.5060968714491,0.286391699290241,0.319348850535649,-0.0329571512454079,-2.73218868708729,0.061100483259606,0.0592369477911647,0.0217375941071289,0.0277160988991316,0.0451511399930714,0.061100483259606,0.00597850479200264,0.0174350410939398,0.0159493432665347,-0.00215875519530598,0.0589417280643001
"2022-06-01",11,"2023-05-01","2023-07-01",1445,83,0.057439446366782,0.0577455048409405,-2.79222989468059,-3.80673473380674,1.01450483912615,0.289264109856582,0.72524072926957,0.5060968714491,0.21914385782047,0.292095942153473,-0.0729520843330025,-2.71927781034759,0.0618453548166557,0.0577455048409405,0.0217375941071289,0.0288192054610655,0.0469146818815591,0.0618453548166557,0.00708161135393656,0.0180954764204936,0.0149306729350966,-0.00440590844987372,0.057439446366782
"2022-06-01",12,"2023-06-01","2023-08-01",1389,85,0.0611951043916487,0.0615107913669065,-2.72505872863407,-3.80673473380674,1.08167600517267,0.294297372332265,0.787378632840407,0.5060968714491,0.281281761391307,0.239383581080561,0.0418981803107457,-2.76695690894481,0.0591361011003334,0.0615107913669065,0.0217375941071289,0.0289604143169464,0.0471402515771414,0.0591361011003334,0.00722282020981744,0.018179837260195,0.011995849523192,0.00205900329131528,0.0611951043916487
"2022-06-01",13,"2023-07-01","2023-09-01",1342,72,0.0536512667660209,0.0539836187639613,-2.86357924089959,-3.80673473380674,0.943155492907152,0.303514845354915,0.639640647552237,0.5060968714491,0.133543776103137,0.191184517457473,-0.0576407413543365,-2.80593849954525,0.0570041129108095,0.0539836187639613,0.0217375941071289,0.0292207539062206,0.0475560150206559,0.0570041129108095,0.0074831597990917,0.0183352611144353,0.00944809789015354,-0.00335284614478858,0.0536512667660209
"2022-06-01",14,"2023-08-01","2023-10-01",1297,73,0.056283731688512,0.0566255778120185,-2.81300247017343,-3.80673473380674,0.99373226363331,0.282992614882479,0.710739648750831,0.5060968714491,0.204642777301731,0.0714730267921096,0.133169750509621,-2.94617222068305,0.0499177352116913,0.0566255778120185,0.0217375941071289,0.028644192466134,0.046635055651873,0.0499177352116913,0.0069065983590051,0.017990863185739,0.00328267955981826,0.00636599647682066,0.056283731688512
"2022-06-01",15,"2023-09-01","2023-11-01",1244,50,0.0401929260450161,0.0405622489959839,-3.16350963048455,-3.80673473380674,0.643225103322191,0.290285959980498,0.352939143341693,0.5060968714491,-0.153157728107407,0.0139751005053017,-0.167132828612708,-2.99637680187184,0.0475898258311246,0.0405622489959839,0.0217375941071289,0.0288478194500509,0.0469603937357687,0.0475898258311246,0.00711022534292199,0.0181125742857178,0.000629432095355868,-0.00739689978610848,0.0401929260450161
"2022-06-01",16,"2023-10-01","2023-12-01",1206,42,0.0348258706467662,0.0352112676056338,-3.31054301339402,-3.80673473380674,0.496191720412717,0.255943184868061,0.240248535544656,0.5060968714491,-0.265848335904444,-0.0250776381505152,-0.240770697753929,-3.0697723156401,0.044371481008508,0.0352112676056338,0.0217375941071289,0.02790109687394,0.0454470728266075,0.044371481008508,0.00616350276681102,0.0175459759526676,-0.00107559181809958,-0.00954561036174179,0.0348258706467662
"2022-06-01",17,"2023-11-01","2024-01-01",1161,31,0.0267011197243755,0.0271084337349398,-3.58042774588644,-3.80673473380674,0.226306987920304,0.264080020949498,-0.0377730330291942,0.5060968714491,-0.543869904478294,-0.0172058636289703,-0.526664040849324,-3.05376370503711,0.0450552614413501,0.0271084337349398,0.0217375941071289,0.028122639040942,0.0458013705497306,0.0450552614413501,0.00638504493381307,0.0176787315087886,-0.000746109108380452,-0.0183541417169746,0.0267011197243755
"2022-06-01",18,"2023-12-01","2024-02-01",1138,36,0.031634446397188,0.0320456540825285,-3.40802334673256,-3.80673473380674,0.398711387074186,0.253616829857505,0.145094557216681,0.5060968714491,-0.361002314232419,0.0189999931988004,-0.380002307431219,-3.02802103930134,0.0461759095413287,0.0320456540825285,0.0217375941071289,0.0278380692675519,0.0453462583912472,0.0461759095413287,0.00610047516042296,0.0175081891236953,0.00082965115008149,-0.0145414631441407,0.031634446397188
"2022-06-01",19,"2024-01-01","2024-03-01",1114,44,0.0394973070017953,0.0399103139013453,-3.18039191885754,-3.80673473380674,0.626342814949198,0.241048700025503,0.385294114923695,0.5060968714491,-0.120802756525405,0.0600410097677618,-0.180843766293166,-2.99954815256438,0.0474462903102593,0.0399103139013453,0.0217375941071289,0.0274999475031061,0.0448052826976949,0.0474462903102593,0.00576235339597715,0.0173053351945888,0.00264100761256444,-0.007948983308464,0.0394973070017953
"2022-06-01",20,"2024-02-01","2024-04-01",1094,45,0.0411334552102377,0.0415525114155251,-3.13835681330378,-3.80673473380674,0.668377920502958,0.19016434378928,0.478213576713679,0.5060968714491,-0.0278832947354214,0.0401744278599255,-0.0680577225953469,-3.07029909070844,0.0443491497085791,0.0415525114155251,0.0217375941071289,0.0261713416691865,0.0426772939809364,0.0443491497085791,0.00443374756205756,0.0165059523117499,0.00167185572764265,-0.00321569449834141,0.0411334552102377
"2022-06-01",21,"2024-03-01","2024-05-01",1066,39,0.0365853658536585,0.0370196813495783,-3.25858327446331,-3.80673473380674,0.548151459343428,0.159736706239509,0.388414753103918,0.5060968714491,-0.117682118345181,-0.0867707337031682,-0.0309113846420132,-3.2276718898213,0.0381375575627981,0.0370196813495782,0.0217375941071289,0.0254069305137959,0.0414512987863266,0.0381375575627981,0.00366933640666691,0.0160443682725307,-0.00331374122352843,-0.00155219170913958,0.0365853658536585
"2022-06-01",22,"2024-04-01","2024-06-01",1032,34,0.0329457364341085,0.0333978702807357,-3.36529482881856,-3.80673473380674,0.441439904988185,0.116545108534489,0.324894796453696,0.5060968714491,-0.181202074995404,-0.166238059830077,-0.0149640151653278,-3.35033081365323,0.0338843329122085,0.0333978702807357,0.0217375941071289,0.0243590873272493,0.0397687484361655,0.0338843329122085,0.00262149322012033,0.0154096611089162,-0.00588441552395697,-0.000938596478100011,0.0329457364341085
"2022-06-01",23,"2024-05-01","2024-07-01",1000,33,0.033,0.0334665334665335,-3.36316998607292,-3.80673473380674,0.443564747733825,0.134096448024832,0.309468299708993,0.5060968714491,-0.196628571740107,-0.137386364523851,-0.0592422072162553,-3.30392777885666,0.0354366888884057,0.0334665334665334,0.0217375941071289,0.0247797081878399,0.0404444254151948,0.0354366888884057,0.00304211408071098,0.0156647172273549,-0.00500773652678908,-0.0024366888884057,0.033
"2022-06-01",24,"2024-06-01","2024-08-01",984,39,0.0396341463414634,0.0401015228426396,-3.17541321619144,-3.80673473380674,0.631321517615305,0.136933913842919,0.494387603772386,0.5060968714491,-0.0117092676767141,-0.0436523443082237,0.0319430766315096,-3.20735629282295,0.0388898290177629,0.0401015228426396,0.0217375941071289,0.024848370001482,0.0405546874054461,0.0388898290177629,0.00311077589435308,0.0157063174039641,-0.0016648583876832,0.000744317323700491,0.0396341463414634
"2022-06-01",25,"2024-07-01","2024-09-01",959,43,0.0448383733055266,0.0453125,-3.04780112918512,-3.80673473380674,0.75893360462162,0.153144376103385,0.605789228518235,0.5060968714491,0.0996923570691352,0.012370769741451,0.0873215873276841,-3.13512271651281,0.0416815033708332,0.0453125,0.0217375941071289,0.025244204774237,0.0411901555057719,0.0416815033708332,0.00350661066710802,0.015945950731535,0.00049134786506131,0.00315686993469336,0.0448383733055266
"2022-06-01",26,"2024-08-01","2024-10-01",933,37,0.0396570203644159,0.0401498929336188,-3.17415736006882,-3.80673473380674,0.632577373737919,0.150824454081345,0.481752919656574,0.5060968714491,-0.0243439517925265,-0.0445556309177286,0.0202116791252021,-3.19436903919402,0.0393781765561446,0.0401498929336188,0.0217375941071289,0.0251871814349458,0.0410986310636412,0.0393781765561446,0.00344958732781681,0.0159114496286955,-0.00172045450749666,0.000278843808271298,0.0396570203644159
"2022-06-01",27,"2024-09-01","2024-11-01",907,33,0.0363836824696803,0.0368942731277533,-3.26210685562764,-3.80673473380674,0.544627878179105,0.182987039848669,0.361640838330436,0.5060968714491,-0.144456033118664,-0.120872882653184,-0.0235831504654798,-3.23852370516216,0.0377414686092497,0.0368942731277533,0.0217375941071289,0.0259890387722965,0.0423850190649209,0.0377414686092497,0.00425144466516755,0.0163959802926244,-0.00464355045567114,-0.00135778613956948,0.0363836824696803
"2022-06-01",28,"2024-10-01","2024-12-01",888,26,0.0292792792792793,0.0298087739032621,-3.48269041591334,-3.80673473380674,0.324044317893403,0.161161887237147,0.162882430656256,0.5060968714491,-0.343214440792844,-0.216270605622804,-0.12694383517004,-3.3557465807433,0.033707488213783,0.0298087739032621,0.0217375941071289,0.0254422438960924,0.0415079626502866,0.033707488213783,0.00370464978896346,0.0160657187541942,-0.00780047443650363,-0.00442820893450367,0.0292792792792793
"2022-06-01",29,"2024-11-01","2025-01-01",872,24,0.0275229357798165,0.0280641466208477,-3.5447969671236,-3.80673473380674,0.261937766683142,0.142171123824215,0.119766642858926,0.5060968714491,-0.386330228590174,-0.27190253939058,-0.114427689199593,-3.43036927792401,0.0313597130165975,0.0280641466208476,0.0217375941071289,0.024975588751243,0.0407589583227608,0.0313597130165975,0.00323799464411409,0.0157833695715178,-0.0093992453061633,-0.00383677723678097,0.0275229357798165
"2022-06-01",30,"2024-12-01","2025-02-01",852,23,0.0269953051643192,0.0275498241500586,-3.56382268848039,-3.80673473380674,0.242912045326355,0.125435575789942,0.117476469536413,0.5060968714491,-0.388620401912687,-0.280973561858756,-0.107646840053931,-3.45617584842646,0.0305852151278233,0.0275498241500586,0.0217375941071289,0.0245712715617039,0.0401096430267363,0.0305852151278233,0.00283367745457492,0.0155383714650324,-0.00952442789891292,-0.0035899099635041,0.0269953051643192
"2022-06-01",31,"2025-01-01","2025-03-01",835,24,0.0287425149700599,0.0293062200956938,-3.50021126940396,-3.80673473380674,0.306523464402777,0.116476719657313,0.190046744745463,0.5060968714491,-0.316050126703637,-0.220096899446803,-0.0959532272568341,-3.40425804214713,0.0321626550657531,0.0293062200956938,0.0217375941071289,0.0243574620690612,0.0397661369389683,0.0321626550657531,0.00261986796193227,0.0154086748699071,-0.00760348187321518,-0.00342014009569326,0.0287425149700599
"2022-06-01",32,"2025-02-01","2025-04-01",825,31,0.0375757575757576,0.038135593220339,-3.22772544014518,-3.80673473380674,0.579009293661558,0.132416258675008,0.44659303498655,0.5060968714491,-0.0595038364625501,-0.119114391369798,0.0596105549072475,-3.28733599505243,0.0360082035753446,0.038135593220339,0.0217375941071289,0.0247391376828066,0.0403792698192757,0.0360082035753446,0.00300154357567763,0.0156401321364691,-0.0043710662439311,0.00156755400041297,0.0375757575757576
"2022-06-01",33,"2025-03-01","2025-05-01",811,27,0.0332922318125771,0.0338669950738916,-3.35086056750056,-3.80673473380674,0.45587416630618,0.139526428591446,0.316347737714734,0.5060968714491,-0.189749133734366,-0.107925127268065,-0.081824006466301,-3.26903656103426,0.036648827972824,0.0338669950738916,0.0217375941071289,0.0249112664840387,0.0406556824070598,0.036648827972824,0.0031736723769098,0.0157444159230211,-0.00400685443423586,-0.0033565961602469,0.0332922318125771
"2022-06-01",34,"2025-04-01","2025-06-01",793,22,0.0277427490542245,0.0283375314861461,-3.53482136259284,-3.80673473380674,0.2719133712139,0.131428628410337,0.140484742803564,0.5060968714491,-0.365612128645536,-0.235086272945408,-0.130525855700128,-3.40429550689271,0.0321614888754001,0.0283375314861461,0.0217375941071289,0.0247153201974912,0.0403410177141865,0.0321614888754001,0.00297772609036222,0.0156256975166954,-0.0081795288387864,-0.00441873982117566,0.0277427490542245
"2022-07-01",1,"2022-08-01","2022-10-01",1785,4,0.00224089635854342,0.00251959686450168,-5.98113358826962,-3.80673473380674,-2.17439885446288,-1.7073653881347,-0.467033466328177,0.419987672680638,-0.887021139008815,0.288943584343451,-1.17596472335227,-4.80516886491735,0.00812083052207475,0.00251959686450168,0.0217375941071289,0.00401337969127483,0.00609536600479903,0.00812083052207475,-0.0177242144158541,0.0020819863135242,0.00202546451727572,-0.00587993416353133,0.00224089635854342
"2022-07-01",2,"2022-09-01","2022-11-01",1749,18,0.0102915951972556,0.0105714285714286,-4.5389726317582,-3.80673473380674,-0.732237897951456,-0.802500335743768,0.0702624377923118,0.419987672680638,-0.349725234888326,0.299585493365441,-0.649310728253768,-3.88966190350443,0.0200423483920205,0.0105714285714286,0.0217375941071289,0.00986122148763851,0.0149313633533637,0.0200423483920205,-0.0118763726194904,0.00507014186572518,0.00511098503865683,-0.00975075319476494,0.0102915951972556
"2022-07-01",3,"2022-10-01","2022-12-01",1727,45,0.0260567458019687,0.0263310185185185,-3.61032373556198,-3.80673473380674,0.196410998244763,-0.337459829206784,0.533870827451547,0.419987672680638,0.113883154770909,0.328594061749957,-0.214710906979048,-3.39561282858293,0.0324328563247802,0.0263310185185185,0.0217375941071289,0.0156087071675435,0.0235635903094739,0.0324328563247802,-0.00612888693958539,0.00795488314193032,0.00886926601530633,-0.00637611052281147,0.0260567458019687
"2022-07-01",4,"2022-11-01","2023-01-01",1702,60,0.0352526439482961,0.0355255431591309,-3.30133138532197,-3.80673473380674,0.505403348484771,-0.182480278425218,0.687883626909989,0.419987672680638,0.267895954229351,0.422005802626359,-0.154109848397008,-3.14722153692496,0.041200897084034,0.035525543159131,0.0217375941071289,0.0181776956171205,0.0274053981876755,0.041200897084034,-0.00355989849000843,0.00922770257055499,0.0137954988963585,-0.0059482531357379,0.0352526439482961
"2022-07-01",5,"2022-12-01","2023-02-01",1650,73,0.0442424242424242,0.0445184736523319,-3.06631118819658,-3.80673473380674,0.740423545610164,-0.110329660461367,0.850753206071531,0.419987672680638,0.430765533390893,0.487599424379471,-0.0568338909885778,-3.009477297208,0.0469995523041637,0.0445184736523319,0.0217375941071289,0.019511164970081,0.0293955214064144,0.0469995523041637,-0.00222642913704798,0.00988435643633344,0.0176040308977494,-0.00275712806173951,0.0442424242424242
"2022-07-01",6,"2023-01-01","2023-03-01",1587,69,0.0434782608695652,0.0437657430730479,-3.08415153191506,-3.80673473380674,0.722583201891684,-0.00462210480800024,0.727205306699685,0.419987672680638,0.307217634019047,0.426373509370134,-0.119155875351087,-2.96499565656397,0.0490325413728918,0.0437657430730479,0.0217375941071289,0.0216395216911312,0.0325662911194384,0.0490325413728918,-9.8072415997727e-05,0.0109267694283072,0.0164662502534533,-0.00555428050332656,0.0434782608695652
"2022-07-01",7,"2023-02-01","2023-04-01",1530,78,0.0509803921568627,0.0512736773350751,-2.9179428639377,-3.80673473380674,0.888791869869038,0.0795860484344686,0.809205821434569,0.419987672680638,0.389218148753931,0.39168808486067,-0.00246993610673951,-2.91547292783096,0.051393959855773,0.0512736773350751,0.0217375941071289,0.0234959992497771,0.0353263397942034,0.051393959855773,0.00175840514264819,0.0118303405444263,0.0160676200615696,-0.000413567698910232,0.0509803921568627
"2022-07-01",8,"2023-03-01","2023-05-01",1485,69,0.0464646464646465,0.0467698519515478,-3.01461756669982,-3.80673473380674,0.792117167106916,0.14017796756865,0.651939199538266,0.419987672680638,0.231951526857628,0.346482791206875,-0.114531264349247,-2.90008630235058,0.0521492970101081,0.0467698519515478,0.0217375941071289,0.0249270977186229,0.0374503680230385,0.0521492970101081,0.00318950361149392,0.0125232703044157,0.0146989289870695,-0.00568465054546163,0.0464646464646465
"2022-07-01",9,"2023-04-01","2023-06-01",1439,69,0.0479499652536484,0.0482638888888889,-2.98160416317209,-3.80673473380674,0.825130570634647,0.188722894148899,0.636407676485748,0.419987672680638,0.21642000380511,0.319348850535649,-0.102928846730539,-2.87867531644156,0.0532178420216792,0.0482638888888889,0.0217375941071289,0.026134629384257,0.0392401446277872,0.0532178420216792,0.00439703527712805,0.0131055152435303,0.013977697393892,-0.00526787676803084,0.0479499652536484
"2022-07-01",10,"2023-05-01","2023-07-01",1382,70,0.0506512301013025,0.0509761388286334,-2.92407628464756,-3.80673473380674,0.882658449159185,0.249100324734697,0.633558124424488,0.419987672680638,0.21357045174385,0.292095942153473,-0.0785254904096229,-2.84555079423793,0.0549117585121999,0.0509761388286334,0.0217375941071289,0.0277160988991316,0.0415808000754824,0.0549117585121999,0.00597850479200264,0.0138647011763508,0.0133309584367175,-0.00426052841089743,0.0506512301013025
"2022-07-01",11,"2023-06-01","2023-08-01",1338,79,0.0590433482810164,0.0593726661687827,-2.76271307413238,-3.80673473380674,1.04402165967436,0.289264109856582,0.754757549817781,0.419987672680638,0.334769877137142,0.239383581080561,0.095386296056581,-2.85809937018896,0.0542641573714415,0.0593726661687827,0.0217375941071289,0.0288192054610655,0.0432112002176871,0.0542641573714415,0.00708161135393656,0.0143919947566216,0.0110529571537544,0.00477919090957494,0.0590433482810164
"2022-07-01",12,"2023-07-01","2023-09-01",1296,70,0.0540123456790123,0.0543562066306862,-2.85630715388032,-3.80673473380674,0.95042757992642,0.294297372332265,0.656130207594155,0.419987672680638,0.236142534913517,0.191184517457473,0.0449580174560434,-2.90126517133636,0.0520910565686257,0.0543562066306862,0.0217375941071289,0.0289604143169464,0.0434197744838713,0.0520910565686257,0.00722282020981744,0.014459360166925,0.00867128208475435,0.00192128911038664,0.0540123456790123
"2022-07-01",13,"2023-08-01","2023-10-01",1254,58,0.0462519936204147,0.0466135458167331,-3.01812915311062,-3.80673473380674,0.788605580696124,0.303514845354915,0.485090735341209,0.419987672680638,0.0651030626605714,0.0714730267921096,-0.00636996413153819,-3.01175918897908,0.046897450602038,0.0466135458167331,0.0217375941071289,0.0292207539062206,0.04380423287286,0.046897450602038,0.0074831597990917,0.0145834789666393,0.00309321772917803,-0.000645456981623313,0.0462519936204147
"2022-07-01",14,"2023-09-01","2023-11-01",1211,44,0.0363336085879438,0.0367161716171617,-3.26713080037086,-3.80673473380674,0.539603933435883,0.282992614882479,0.256611318553404,0.419987672680638,-0.163376354127234,0.0139751005053017,-0.177351454632536,-3.08977934573832,0.0435308211662795,0.0367161716171617,0.0217375941071289,0.028644192466134,0.0429526530971232,0.0435308211662795,0.0069065983590051,0.0143084606309892,0.000578168069156268,-0.00719721257833562,0.0363336085879438
"2022-07-01",15,"2023-10-01","2023-12-01",1179,47,0.0398642917726887,0.0402542372881356,-3.17145314631659,-3.80673473380674,0.635281587490148,0.290285959980498,0.34499562750965,0.419987672680638,-0.0749920451709881,-0.0250776381505152,-0.0499144070204729,-3.12153873929612,0.0422274947016714,0.0402542372881356,0.0217375941071289,0.0288478194500509,0.0432534673067558,0.0422274947016714,0.00711022534292199,0.0144056478567048,-0.00102597260508436,-0.00236320292898268,0.0398642917726887
"2022-07-01",16,"2023-11-01","2024-01-01",1150,47,0.0408695652173913,0.0412684622067767,-3.1455125146562,-3.80673473380674,0.661222219150546,0.255943184868061,0.405279034282485,0.419987672680638,-0.0147086383981533,-0.0172058636289703,0.002497225230817,-3.14800973988701,0.0411697716578136,0.0412684622067767,0.0217375941071289,0.02790109687394,0.0418543576780795,0.0411697716578136,0.00616350276681102,0.0139532608041396,-0.000684586020265915,-0.000300206440422321,0.0408695652173913
"2022-07-01",17,"2023-12-01","2024-02-01",1114,51,0.0457809694793537,0.0461883408071749,-3.0277388269706,-3.80673473380674,0.77899590683614,0.264080020949498,0.514915885886642,0.419987672680638,0.0949282132060039,0.0189999931988004,0.0759282200072035,-3.1036670469778,0.0429562460254251,0.0461883408071749,0.0217375941071289,0.028122639040942,0.042181884887235,0.0429562460254251,0.00638504493381307,0.014059245846293,0.000774361138190155,0.00282472345392853,0.0457809694793537
"2022-07-01",18,"2024-01-01","2024-03-01",1082,55,0.0508317929759704,0.0512465373961219,-2.918500925618,-3.80673473380674,0.88823380818874,0.253616829857505,0.634616978331235,0.419987672680638,0.214629305650597,0.0600410097677618,0.154588295882835,-3.07308922150084,0.0442310477635893,0.0512465373961219,0.0217375941071289,0.0278380692675519,0.0417611642309261,0.0442310477635893,0.00610047516042296,0.0139230949633742,0.00246988353266323,0.00660074521238108,0.0508317929759704
"2022-07-01",19,"2024-02-01","2024-04-01",1054,49,0.0464895635673624,0.0469194312796209,-3.01126753963806,-3.80673473380674,0.795467194168679,0.241048700025503,0.554418494143177,0.419987672680638,0.134430821462539,0.0401744278599255,0.0942563936026131,-3.10552393324067,0.0428799723151182,0.0469194312796209,0.0217375941071289,0.0274999475031061,0.0412611097491269,0.0428799723151182,0.00576235339597715,0.0137611622460209,0.00161886256599126,0.00360959125224422,0.0464895635673624
"2022-07-01",20,"2024-03-01","2024-05-01",1032,40,0.0387596899224806,0.0392061955469506,-3.19892503844885,-3.80673473380674,0.607809695357889,0.19016434378928,0.417645351568609,0.419987672680638,-0.0023423211120287,-0.0867707337031682,0.0844284125911395,-3.28335345103999,0.0361466998409944,0.0392061955469506,0.0217375941071289,0.0261713416691865,0.0392945238991575,0.0361466998409944,0.00443374756205756,0.013123182229971,-0.00314782405816313,0.00261299008148621,0.0387596899224806
"2022-07-01",21,"2024-04-01","2024-06-01",1007,32,0.0317775571002979,0.0322420634920635,-3.40171007072747,-3.80673473380674,0.405024663079267,0.159736706239509,0.245287956839758,0.419987672680638,-0.17469971584088,-0.166238059830077,-0.00846165601080351,-3.39324841471667,0.0325071359995222,0.0322420634920635,0.0217375941071289,0.0254069305137959,0.0381618321204708,0.0325071359995222,0.00366933640666691,0.0127549016066749,-0.00565469612094863,-0.000729578899224238,0.0317775571002979
"2022-07-01",22,"2024-05-01","2024-07-01",983,30,0.0305188199389624,0.0309959349593496,-3.44241274142711,-3.80673473380674,0.364321992379633,0.116545108534489,0.247776883845144,0.419987672680638,-0.172210788835494,-0.137386364523851,-0.0348244243116428,-3.40758831711547,0.0320591508962101,0.0309959349593496,0.0217375941071289,0.0243590873272493,0.0366077052285037,0.0320591508962101,0.00262149322012033,0.0122486179012544,-0.00454855433229353,-0.00154033095724777,0.0305188199389624
"2022-07-01",23,"2024-06-01","2024-08-01",961,34,0.0353798126951093,0.0358627858627859,-3.29153347044428,-3.80673473380674,0.515201263362465,0.134096448024832,0.381104815337633,0.419987672680638,-0.0388828573430047,-0.0436523443082237,0.00476948696521898,-3.2963029574095,0.0356982375701182,0.0358627858627859,0.0217375941071289,0.0247797081878399,0.0372317580167156,0.0356982375701182,0.00304211408071098,0.0124520498288757,-0.00153352044659744,-0.000318424875008903,0.0353798126951093
"2022-07-01",24,"2024-07-01","2024-09-01",939,33,0.0351437699680511,0.0356382978723404,-3.29804559136389,-3.80673473380674,0.508689142442856,0.136933913842919,0.371755228599937,0.419987672680638,-0.0482324440807012,0.012370769741451,-0.0606032138221522,-3.23744237754173,0.0377807588742014,0.0356382978723404,0.0217375941071289,0.024848370001482,0.0373336022136927,0.0377807588742014,0.00311077589435308,0.0124852322122106,0.000447156660508742,-0.0026369889061503,0.0351437699680511
"2022-07-01",25,"2024-08-01","2024-10-01",924,33,0.0357142857142857,0.0362162162162162,-3.28135999847217,-3.80673473380674,0.525374735334567,0.153144376103385,0.372230359231182,0.419987672680638,-0.0477573134494559,-0.0445556309177286,-0.00320168253172732,-3.27815831594045,0.0363281357628295,0.0362162162162162,0.0217375941071289,0.025244204774237,0.0379205926514192,0.0363281357628295,0.00350661066710802,0.0126763878771822,-0.00159245688858967,-0.000613850048543807,0.0357142857142857
"2022-07-01",26,"2024-09-01","2024-11-01",903,32,0.035437430786268,0.0359513274336283,-3.28897577562438,-3.80673473380674,0.517758958182358,0.150824454081345,0.366934504101012,0.419987672680638,-0.0530531685796257,-0.120872882653184,0.0678197140735584,-3.35679548969794,0.0336733405970919,0.0359513274336283,0.0217375941071289,0.0251871814349458,0.0378360464852445,0.0336733405970919,0.00344958732781681,0.0126488650502988,-0.00416270588815264,0.00176409018917609,0.035437430786268
"2022-07-01",27,"2024-10-01","2024-12-01",888,26,0.0292792792792793,0.0298087739032621,-3.48269041591334,-3.80673473380674,0.324044317893403,0.182987039848669,0.141057278044734,0.419987672680638,-0.278930394635904,-0.216270605622804,-0.0626597890130998,-3.42003062690024,0.0316752889783687,0.0298087739032621,0.0217375941071289,0.0259890387722965,0.0390244714639814,0.0316752889783687,0.00425144466516755,0.0130354326916849,-0.00734918248561271,-0.00239600969908946,0.0292792792792793
"2022-07-01",28,"2024-11-01","2025-01-01",874,24,0.0274599542334096,0.028,-3.54715129428524,-3.80673473380674,0.259583439521506,0.161161887237147,0.0984215522843588,0.419987672680638,-0.321566120396279,-0.27190253939058,-0.0496635810056989,-3.49748771327954,0.0293837974956283,0.028,0.0217375941071289,0.0254422438960924,0.0382141785568338,0.0293837974956283,0.00370464978896346,0.0127719346607414,-0.00883038106120552,-0.00192384326221866,0.0274599542334096
"2022-07-01",29,"2024-12-01","2025-02-01",851,22,0.0258519388954172,0.0264084507042254,-3.60730780042012,-3.80673473380674,0.199426933386616,0.142171123824215,0.0572558095624009,0.419987672680638,-0.362731863118237,-0.280973561858756,-0.081758301259481,-3.52554949916064,0.0285939472742835,0.0264084507042253,0.0217375941071289,0.024975588751243,0.037522283274049,0.0285939472742835,0.00323799464411409,0.012546694522806,-0.00892833599976546,-0.00274200837886639,0.0258519388954172
"2022-07-01",30,"2025-01-01","2025-03-01",837,22,0.026284348864994,0.0268496420047733,-3.59028611285069,-3.80673473380674,0.216448620956047,0.125435575789942,0.0910130451661051,0.419987672680638,-0.328974627514533,-0.220096899446803,-0.10887772806773,-3.48140838478296,0.0298458728721043,0.0268496420047733,0.0217375941071289,0.0245712715617039,0.0369225455008845,0.0298458728721043,0.00283367745457492,0.0123512739391806,-0.00707667262878022,-0.00356152400711025,0.026284348864994
"2022-07-01",31,"2025-02-01","2025-04-01",823,23,0.0279465370595383,0.0285194174757282,-3.52823611128666,-3.80673473380674,0.278498622520085,0.116476719657313,0.162021902862772,0.419987672680638,-0.257965769817866,-0.119114391369798,-0.138851378448069,-3.38938473283859,0.032628870155597,0.0285194174757282,0.0217375941071289,0.0243574620690612,0.0366052933946624,0.032628870155597,0.00261986796193227,0.0122478313256012,-0.00397642323906542,-0.00468233309605872,0.0279465370595383
"2022-07-01",32,"2025-03-01","2025-05-01",808,25,0.0309405940594059,0.0315203955500618,-3.4250926096317,-3.80673473380674,0.381642124175046,0.132416258675008,0.249225865500038,0.419987672680638,-0.1707618071806,-0.107925127268065,-0.0628366799125349,-3.36225592971916,0.0334961126244838,0.0315203955500618,0.0217375941071289,0.0247391376828066,0.0371715775050992,0.0334961126244838,0.00300154357567763,0.0124324398222926,-0.00367546488061536,-0.00255551856507791,0.0309405940594059
"2022-07-01",33,"2025-04-01","2025-06-01",794,26,0.0327455919395466,0.0333333333333333,-3.36729582998647,-3.80673473380674,0.439438903820267,0.139526428591446,0.299912475228821,0.419987672680638,-0.120075197451817,-0.235086272945408,0.115011075493591,-3.48230690548007,0.0298198671061016,0.0333333333333333,0.0217375941071289,0.0249112664840387,0.03742688852839,0.0298198671061016,0.0031736723769098,0.0125156220443513,-0.0076070214222884,0.00292572483344496,0.0327455919395466
"2022-07-01",34,"2025-05-01","2025-07-01",778,24,0.0308483290488432,0.0314505776636714,-3.42738216065722,-3.80673473380674,0.379352573149519,0.131428628410337,0.247923944739182,0.419987672680638,-0.172063727941456,-0.250974436629057,0.0789107086876011,-3.50629286934482,0.0291337089561267,0.0314505776636714,0.0217375941071289,0.0247153201974912,0.0371362465175416,0.0291337089561267,0.00297772609036222,0.0124209263200505,-0.00800253756141491,0.00171462009271645,0.0308483290488432
"2022-08-01",1,"2022-09-01","2022-11-01",1824,6,0.00328947368421053,0.00356164383561644,-5.63396508752545,-3.80673473380674,-1.82723035371871,-1.7073653881347,-0.119864965584013,0.441026636492923,-0.560891602076936,0.299585493365441,-0.860477095442378,-4.77348799208308,0.00838003376105467,0.00356164383561643,0.0217375941071289,0.00401337969127483,0.00622415807764073,0.00838003376105467,-0.0177242144158541,0.0022107783863659,0.00215587568341395,-0.00509056007684415,0.00328947368421053
"2022-08-01",2,"2022-10-01","2022-12-01",1792,21,0.01171875,0.0119910764082543,-4.41152898917191,-3.80673473380674,-0.604794255365168,-0.802500335743768,0.197706080378599,0.441026636492923,-0.243320556114324,0.328594061749957,-0.571914617864281,-3.83961437130763,0.0210492919023426,0.0119910764082543,0.0217375941071289,0.00986122148763851,0.0152439921741476,0.0210492919023426,-0.0118763726194904,0.00538277068650906,0.00580529972819506,-0.00933054190234262,0.01171875
"2022-08-01",3,"2022-11-01","2023-01-01",1771,36,0.0203274985883682,0.0205981941309255,-3.8617385747134,-3.80673473380674,-0.0550038409066542,-0.337459829206784,0.28245598830013,0.441026636492923,-0.158570648192794,0.422005802626359,-0.580576450819153,-3.28116212389424,0.0362231235834585,0.0205981941309255,0.0217375941071289,0.0156087071675435,0.0240525452158233,0.0362231235834585,-0.00612888693958539,0.00844383804827978,0.0121705783676352,-0.0158956249950903,0.0203274985883682
"2022-08-01",4,"2022-12-01","2023-02-01",1727,63,0.0364794441227562,0.0367476851851852,-3.26624015111643,-3.80673473380674,0.540494582690307,-0.182480278425218,0.722974861115526,0.441026636492923,0.281948224622602,0.487599424379471,-0.205651199756869,-3.06058895135956,0.0447625134253125,0.0367476851851852,0.0217375941071289,0.0181776956171205,0.0279717886032296,0.0447625134253125,-0.00355989849000843,0.0097940929861091,0.0167907248220829,-0.00828306930255632,0.0364794441227562
"2022-08-01",5,"2023-01-01","2023-03-01",1680,76,0.0452380952380952,0.0455086258179655,-3.04327671971742,-3.80673473380674,0.76345801408932,-0.110329660461367,0.873787674550687,0.441026636492923,0.432761038057764,0.426373509370134,0.00638752868763026,-3.04966424840505,0.0452319710512886,0.0455086258179655,0.0217375941071289,0.019511164970081,0.0300017731737283,0.0452319710512886,-0.00222642913704798,0.0104906082036473,0.0152301978775604,6.12418680658727e-06,0.0452380952380952
"2022-08-01",6,"2023-02-01","2023-04-01",1632,88,0.053921568627451,0.0541947336191059,-2.85945296034475,-3.80673473380674,0.947281773461988,-0.00462210480800024,0.951903878269989,0.441026636492923,0.510877241777065,0.39168808486067,0.119189156916395,-2.97864211726115,0.048400131146199,0.0541947336191059,0.0217375941071289,0.0216395216911312,0.0332356974513444,0.048400131146199,-9.8072415997727e-05,0.0115961757602131,0.0151644336948547,0.00552143748125195,0.053921568627451
"2022-08-01",7,"2023-03-01","2023-05-01",1572,73,0.0464376590330789,0.0467260012714558,-3.01560159197027,-3.80673473380674,0.791133141836469,0.0795860484344686,0.711547093402,0.441026636492923,0.270520456909077,0.346482791206875,-0.0759623342977979,-2.93963925767248,0.0502284798201098,0.0467260012714558,0.0217375941071289,0.0234959992497771,0.0360503653478333,0.0502284798201098,0.00175840514264819,0.0125543660980562,0.0141781144722765,-0.00379082078703088,0.0464376590330789
"2022-08-01",8,"2023-04-01","2023-06-01",1523,76,0.0499015101772817,0.0501968503937008,-2.94030246861466,-3.80673473380674,0.866432265192081,0.14017796756865,0.726254297623431,0.441026636492923,0.285227661130508,0.319348850535649,-0.0341211894051416,-2.90618127920952,0.0518488448970567,0.0501968503937008,0.0217375941071289,0.0249270977186229,0.0382162016927442,0.0518488448970567,0.00318950361149392,0.0132891039741214,0.0136326432043125,-0.00194733471977503,0.0499015101772817
"2022-08-01",9,"2023-05-01","2023-07-01",1476,69,0.0467479674796748,0.0470548408937035,-3.0082436074431,-3.80673473380674,0.798491126363643,0.188722894148899,0.609768232214744,0.441026636492923,0.16874159572182,0.292095942153473,-0.123354346431652,-2.88488926101145,0.0529056158858901,0.0470548408937035,0.0217375941071289,0.026134629384257,0.040041055461493,0.0529056158858901,0.00439703527712805,0.013906426077236,0.012864560424397,-0.00615764840621527,0.0467479674796748
"2022-08-01",10,"2023-06-01","2023-08-01",1431,71,0.0496156533892383,0.0499301675977654,-2.94591010852334,-3.80673473380674,0.860824625283402,0.249100324734697,0.611724300548705,0.441026636492923,0.170697664055782,0.239383581080561,-0.0686859170247796,-2.87722419149856,0.0532910053941892,0.0499301675977654,0.0217375941071289,0.0277160988991316,0.0424273751408424,0.0532910053941892,0.00597850479200264,0.0147112762417108,0.0108636302533468,-0.00367535200495091,0.0496156533892383
"2022-08-01",11,"2023-07-01","2023-09-01",1375,57,0.0414545454545455,0.0417877906976744,-3.13246505799004,-3.80673473380674,0.674269675816705,0.289264109856582,0.385005565960123,0.441026636492923,-0.0560210705328008,0.191184517457473,-0.247205587990274,-2.88525946999976,0.0528870690379227,0.0417877906976744,0.0217375941071289,0.0288192054610655,0.0440894428126159,0.0528870690379227,0.00708161135393656,0.0152702373515504,0.00879762622530679,-0.0114325235833773,0.0414545454545455
"2022-08-01",12,"2023-08-01","2023-10-01",1337,51,0.0381451009723261,0.0384902840059791,-3.21809882405211,-3.80673473380674,0.588635909754633,0.294297372332265,0.294338537422367,0.441026636492923,-0.146688099070556,0.0714730267921096,-0.218161125862666,-2.99993769818944,0.0474286878446249,0.0384902840059791,0.0217375941071289,0.0289604143169464,0.0443020599450232,0.0474286878446249,0.00722282020981744,0.0153416456280768,0.00312662789960173,-0.00928358687229879,0.0381451009723261
"2022-08-01",13,"2023-09-01","2023-11-01",1295,50,0.0386100386100386,0.038966049382716,-3.20531899842092,-3.80673473380674,0.60141573538582,0.303514845354915,0.297900890030905,0.441026636492923,-0.143125746462018,0.0139751005053017,-0.15710084696732,-3.0482181514536,0.0452944633383089,0.038966049382716,0.0217375941071289,0.0292207539062206,0.0446939654852577,0.0452944633383089,0.0074831597990917,0.015473211579037,0.000600497853051232,-0.00668442472827031,0.0386100386100386
"2022-08-01",14,"2023-10-01","2023-12-01",1259,48,0.0381254964257347,0.0384920634920635,-3.21805074231314,-3.80673473380674,0.588683991493598,0.282992614882479,0.305691376611119,0.441026636492923,-0.135335259881804,-0.0250776381505152,-0.110257621731289,-3.10779312058185,0.0427869385044733,0.0384920634920635,0.0217375941071289,0.028644192466134,0.043825881569689,0.0427869385044733,0.0069065983590051,0.0151816891035549,-0.0010389430652157,-0.00466144207873857,0.0381254964257347
"2022-08-01",15,"2023-11-01","2024-01-01",1232,51,0.0413961038961039,0.0417680454176805,-3.13295828895727,-3.80673473380674,0.673776444849469,0.290285959980498,0.383490484868972,0.441026636492923,-0.0575361516239516,-0.0172058636289703,-0.0403302879949813,-3.09262800096229,0.0434123689804565,0.0417680454176805,0.0217375941071289,0.0288478194500509,0.0441325293313182,0.0434123689804565,0.00711022534292199,0.0152847098812672,-0.000720160350861671,-0.0020162650843526,0.0413961038961039
"2022-08-01",16,"2023-12-01","2024-02-01",1187,52,0.0438079191238416,0.0441919191919192,-3.07401519194803,-3.80673473380674,0.732719541858706,0.255943184868061,0.476776356990645,0.441026636492923,0.035749720497722,0.0189999931988004,0.0167497272989216,-3.09076491924696,0.0434898043934017,0.0441919191919192,0.0217375941071289,0.02790109687394,0.0427062541356431,0.0434898043934017,0.00616350276681102,0.0148051572617031,0.000783550257758572,0.000318114730439946,0.0438079191238416
"2022-08-01",17,"2024-01-01","2024-03-01",1156,56,0.0484429065743945,0.0488331892826275,-2.96927926281412,-3.80673473380674,0.83745547099262,0.264080020949498,0.573375450043122,0.441026636492923,0.132348813550198,0.0600410097677618,0.0723078037824366,-3.04158706659656,0.0455820766666524,0.0488331892826275,0.0217375941071289,0.028122639040942,0.0430401483198709,0.0455820766666524,0.00638504493381307,0.0149175092789289,0.00254192834678155,0.00286082990774203,0.0484429065743945
"2022-08-01",18,"2024-02-01","2024-04-01",1120,48,0.0428571428571429,0.0432649420160571,-3.09618385285873,-3.80673473380674,0.710550880948007,0.253616829857505,0.456934051090501,0.441026636492923,0.0159074145975781,0.0401744278599255,-0.0242670132623474,-3.07191683959639,0.044280636303769,0.0432649420160571,0.0217375941071289,0.0278380692675519,0.042611248202565,0.044280636303769,0.00610047516042296,0.0147731789350131,0.00166938810120402,-0.00142349344662612,0.0428571428571429
"2022-08-01",19,"2024-03-01","2024-05-01",1082,37,0.0341959334565619,0.0346260387811634,-3.32790958589232,-3.80673473380674,0.478825147914418,0.241048700025503,0.237776447888915,0.441026636492923,-0.203250188604008,-0.0867707337031682,-0.11647945490084,-3.21143013099148,0.038737845207373,0.0346260387811634,0.0217375941071289,0.0274999475031061,0.0421014619160266,0.038737845207373,0.00576235339597715,0.0146015144129205,-0.00336361670865355,-0.00454191175081112,0.0341959334565619
"2022-08-01",20,"2024-04-01","2024-06-01",1053,32,0.0303893637226971,0.0308349146110057,-3.44778732492198,-3.80673473380674,0.358947408884756,0.19016434378928,0.168783065095477,0.441026636492923,-0.272243571397447,-0.166238059830077,-0.10600551156737,-3.34178181335461,0.0341653125093184,0.0308349146110057,0.0217375941071289,0.0261713416691865,0.0400964983197234,0.0341653125093184,0.00443374756205756,0.0139251566505369,-0.00593118581040502,-0.00377594878662132,0.0303893637226971
"2022-08-01",21,"2024-05-01","2024-07-01",1033,36,0.0348499515972895,0.0352998065764023,-3.30793988817557,-3.80673473380674,0.498794845631168,0.159736706239509,0.339058139391659,0.441026636492923,-0.101968497101264,-0.137386364523851,0.0354178674225873,-3.34335775559816,0.0341133476575709,0.0352998065764023,0.0217375941071289,0.0254069305137959,0.0389416261274874,0.0341133476575709,0.00366933640666691,0.0135346956136915,-0.00482827846991652,0.000736603939718569,0.0348499515972895
"2022-08-01",22,"2024-06-01","2024-08-01",1012,46,0.0454545454545455,0.0459032576505429,-3.03422898605508,-3.80673473380674,0.772505747751666,0.116545108534489,0.655960639217177,0.441026636492923,0.214934002724253,-0.0436523443082237,0.258586347032477,-3.29281533308755,0.0358184897118784,0.0459032576505429,0.0217375941071289,0.0243590873272493,0.037356975813231,0.0358184897118784,0.00262149322012033,0.0129978884859817,-0.00153848610135257,0.00963605574266702,0.0454545454545455
"2022-08-01",23,"2024-07-01","2024-09-01",980,39,0.0397959183673469,0.0402650356778797,-3.17117367619013,-3.80673473380674,0.63556105761661,0.134096448024832,0.501464609591779,0.441026636492923,0.0604379730988552,0.012370769741451,0.0480672033574042,-3.21924087954754,0.0384480401930933,0.0402650356778797,0.0217375941071289,0.0247797081878399,0.037993297719949,0.0384480401930933,0.00304211408071098,0.0132135895321091,0.000454742473144309,0.00134787817425365,0.0397959183673469
"2022-08-01",24,"2024-08-01","2024-10-01",957,37,0.038662486938349,0.0391440501043841,-3.20057606769677,-3.80673473380674,0.606158666109974,0.136933913842919,0.469224752267054,0.441026636492923,0.0281981157741311,-0.0445556309177286,0.0727537466918596,-3.27332981438863,0.0364975528563976,0.0391440501043841,0.0217375941071289,0.024848370001482,0.0380971426116327,0.0364975528563976,0.00311077589435308,0.0132487726101507,-0.00159958975523514,0.00216493408195141,0.038662486938349
"2022-08-01",25,"2024-09-01","2024-11-01",926,29,0.031317494600432,0.0318230852211435,-3.41522285701666,-3.80673473380674,0.391511876790081,0.153144376103385,0.238367500686697,0.441026636492923,-0.202659135806227,-0.120872882653184,-0.0817862531530425,-3.33343660386362,0.0344417611852568,0.0318230852211435,0.0217375941071289,0.025244204774237,0.0386956555185935,0.0344417611852568,0.00350661066710802,0.0134514507443565,-0.00425389433333673,-0.00312426658482479,0.031317494600432
"2022-08-01",26,"2024-10-01","2024-12-01",908,31,0.0341409691629956,0.0346534653465347,-3.32708940950843,-3.80673473380674,0.479645324298308,0.150824454081345,0.328820870216963,0.441026636492923,-0.112205766275961,-0.216270605622804,0.104064839346844,-3.43115424885528,0.0313358772883352,0.0346534653465346,0.0217375941071289,0.0251871814349458,0.0386094506534091,0.0313358772883352,0.00344958732781681,0.0134222692184634,-0.00727357336507387,0.00280509187466036,0.0341409691629956
"2022-08-01",27,"2024-11-01","2025-01-01",893,29,0.032474804031355,0.0329977628635347,-3.37776104177757,-3.80673473380674,0.42897369202917,0.182987039848669,0.245986652180501,0.441026636492923,-0.195039984312422,-0.27190253939058,0.076862555078158,-3.45462359685573,0.0306312725644525,0.0329977628635347,0.0217375941071289,0.0259890387722965,0.0398211627533953,0.0306312725644525,0.00425144466516755,0.0138321239810988,-0.0091898901889428,0.00184353146690248,0.032474804031355
"2022-08-01",28,"2024-12-01","2025-02-01",872,30,0.0344036697247706,0.0349369988545246,-3.31864697861315,-3.80673473380674,0.48808775519359,0.161161887237147,0.326925867956443,0.441026636492923,-0.11410076853648,-0.280973561858756,0.166872793322276,-3.48551977193543,0.029727057095906,0.0349369988545246,0.0217375941071289,0.0254422438960924,0.0389949988387158,0.029727057095906,0.00370464978896346,0.0135527549426234,-0.00926794174280979,0.00467661262886466,0.0344036697247706
"2022-08-01",29,"2025-01-01","2025-03-01",856,31,0.036214953271028,0.0367561260210035,-3.2660017175286,-3.80673473380674,0.540733016278146,0.142171123824215,0.39856189245393,0.441026636492923,-0.0424647440389929,-0.220096899446803,0.17763215540781,-3.44363387293641,0.0309592790441174,0.0367561260210035,0.0217375941071289,0.024975588751243,0.0382895290599733,0.0309592790441174,0.00323799464411409,0.0133139403087302,-0.00733025001585589,0.00525567422691067,0.036214953271028
"2022-08-01",30,"2025-02-01","2025-04-01",838,35,0.0417661097852029,0.0423122765196663,-3.1194444886962,-3.80673473380674,0.687290245110544,0.125435575789942,0.561854669320602,0.441026636492923,0.120828032827679,-0.119114391369798,0.239942424197476,-3.35938691289367,0.0335891189448238,0.0423122765196663,0.0217375941071289,0.0245712715617039,0.0376780080757311,0.0335891189448238,0.00283367745457492,0.0131067365140272,-0.00408888913090723,0.00817699084037904,0.0417661097852029
"2022-08-01",31,"2025-03-01","2025-05-01",819,31,0.0378510378510378,0.0384146341463415,-3.22014486057151,-3.80673473380674,0.586589873235236,0.116476719657313,0.470113153577922,0.441026636492923,0.0290865170849989,-0.107925127268065,0.137011644353064,-3.35715650492457,0.0336615953388101,0.0384146341463415,0.0217375941071289,0.0243574620690612,0.037354516529075,0.0336615953388101,0.00261986796193227,0.0129970544600138,-0.00369292119026488,0.00418944251222773,0.0378510378510378
"2022-08-01",32,"2025-04-01","2025-06-01",798,26,0.0325814536340852,0.0331664580725907,-3.37248727577972,-3.80673473380674,0.434247458027017,0.132416258675008,0.301831199352009,0.441026636492923,-0.139195437140914,-0.235086272945408,0.095890835804494,-3.46837811158422,0.0302254859214552,0.0331664580725907,0.0217375941071289,0.0247391376828066,0.0379319347713693,0.0302254859214552,0.00300154357567763,0.0131927970885627,-0.00770644884991409,0.00235596771263,0.0325814536340852
"2022-08-01",33,"2025-05-01","2025-07-01",773,22,0.0284605433376455,0.0290697674418605,-3.50855589998265,-3.80673473380674,0.298178833824086,0.139526428591446,0.158652405232641,0.441026636492923,-0.282374231260283,-0.250974436629057,-0.0313997946312258,-3.47715610535143,0.0299692444963785,0.0290697674418604,0.0217375941071289,0.0249112664840387,0.0381922611100233,0.0299692444963785,0.0031736723769098,0.0132809946259846,-0.00822301661364477,-0.00150870115873299,0.0284605433376455
"2022-08-01",34,"2025-06-01","2025-08-01",756,26,0.0343915343915344,0.0350066050198151,-3.31658449819858,-3.80673473380674,0.490150235608164,0.131428628410337,0.358721607197827,0.441026636492923,-0.0823050292950965,-0.223272625389369,0.140967596094272,-3.45755209429285,0.0305444361194426,0.0350066050198151,0.0217375941071289,0.0247153201974912,0.0378959095214378,0.0305444361194426,0.00297772609036222,0.0131805893239467,-0.00735147340199527,0.00384709827209184,0.0343915343915344
"2022-09-01",1,"2022-10-01","2022-12-01",1543,15,0.00972132209980557,0.0100388601036269,-4.59120211740569,-3.80673473380674,-0.784467383598948,-1.7073653881347,0.922898004535751,0.605455691316152,0.317442313219599,0.328594061749957,-0.0111517485303581,-4.58005036887533,0.0101502948040015,0.0100388601036269,0.0217375941071289,0.00401337969127483,0.00732838728880351,0.0101502948040015,-0.0177242144158541,0.00331500759752868,0.00282190751519801,-0.000428972704195944,0.00972132209980557
"2022-09-01",2,"2022-11-01","2023-01-01",1526,31,0.0203145478374836,0.0206286836935167,-3.86022833223842,-3.80673473380674,-0.053493598431674,-0.802500335743768,0.749006737312094,0.605455691316152,0.143551045995941,0.422005802626359,-0.278454756630417,-3.581773575608,0.0270729619858993,0.0206286836935167,0.0217375941071289,0.00986122148763851,0.0179195773793864,0.0270729619858993,-0.0118763726194904,0.00805835589174793,0.0091533846065129,-0.00675841414841572,0.0203145478374836
"2022-09-01",3,"2022-12-01","2023-02-01",1495,57,0.0381270903010033,0.0384358288770053,-3.2195712351883,-3.80673473380674,0.587163498618443,-0.337459829206784,0.924623327825227,0.605455691316152,0.319167636509075,0.487599424379471,-0.168431787870396,-3.0511394473179,0.0451683057751372,0.0384358288770053,0.0217375941071289,0.0156087071675435,0.0282298638495412,0.0451683057751372,-0.00612888693958539,0.0126211566819977,0.0169384419255959,-0.00704121547413382,0.0381270903010033
"2022-09-01",4,"2023-01-01","2023-03-01",1453,58,0.0399174122505162,0.0402338376891334,-3.17198129873857,-3.80673473380674,0.634753435068175,-0.182480278425218,0.817233713493393,0.605455691316152,0.211778022177241,0.426373509370134,-0.214595487192893,-2.95738581154567,0.0493885960870696,0.0402338376891334,0.0217375941071289,0.0181776956171205,0.0328068995317936,0.0493885960870696,-0.00355989849000843,0.0146292039146731,0.0165816965552761,-0.00947118383655347,0.0399174122505162
"2022-09-01",5,"2023-02-01","2023-04-01",1408,70,0.0497159090909091,0.0500354861603974,-2.94369215314218,-3.80673473380674,0.863042580664557,-0.110329660461367,0.973372241125924,0.605455691316152,0.367916549809772,0.39168808486067,-0.0237715350508981,-2.91992061809129,0.0511775554392878,0.0500354861603974,0.0217375941071289,0.019511164970081,0.0351750825295316,0.0511775554392878,-0.00222642913704798,0.0156639175594506,0.0160024729097562,-0.00146164634837872,0.0497159090909091
"2022-09-01",6,"2023-03-01","2023-05-01",1366,68,0.0497803806734993,0.0501097293343087,-2.94213128583462,-3.80673473380674,0.864603447972117,-0.00462210480800024,0.869225552780118,0.605455691316152,0.263769861463965,0.346482791206875,-0.0827129297429092,-2.85941835609171,0.0541965073796605,0.0501097293343087,0.0217375941071289,0.0216395216911312,0.0389442550982904,0.0541965073796605,-9.8072415997727e-05,0.0173047334071591,0.0152522522813701,-0.00441612670616123,0.0497803806734993
"2022-09-01",7,"2023-04-01","2023-06-01",1336,75,0.0561377245508982,0.056469708302169,-2.81592411182613,-3.80673473380674,0.990810621980608,0.0795860484344686,0.911224573546139,0.605455691316152,0.305768882229987,0.319348850535649,-0.0135799683056622,-2.80234414352047,0.0571976341720511,0.056469708302169,0.0217375941071289,0.0234959992497771,0.042221256411251,0.0571976341720511,0.00175840514264819,0.0187252571614738,0.0149763777608001,-0.00105990962115287,0.0561377245508982
"2022-09-01",8,"2023-05-01","2023-07-01",1289,74,0.0574088440651668,0.0577519379844961,-2.79211166837066,-3.80673473380674,1.01462306543608,0.14017796756865,0.874445097867427,0.605455691316152,0.268989406551275,0.292095942153473,-0.0231065356021981,-2.76900513276847,0.0590222427811174,0.0577519379844961,0.0217375941071289,0.0249270977186229,0.0447406207250469,0.0590222427811174,0.00318950361149392,0.019813523006424,0.0142816220560705,-0.00161339871595061,0.0574088440651668
"2022-09-01",9,"2023-06-01","2023-08-01",1245,72,0.0578313253012048,0.0581861958266453,-2.78415945343045,-3.80673473380674,1.02257528037629,0.188722894148899,0.833852386227393,0.605455691316152,0.228396694911241,0.239383581080561,-0.0109868861693202,-2.77317256726113,0.058791214136611,0.0581861958266453,0.0217375941071289,0.026134629384257,0.0468618409096057,0.058791214136611,0.00439703527712805,0.0207272115253487,0.0119293732270053,-0.000959888835406181,0.0578313253012048
"2022-09-01",10,"2023-07-01","2023-09-01",1199,64,0.0533778148457048,0.05375,-2.86816313774389,-3.80673473380674,0.938571596062855,0.249100324734697,0.689471271328157,0.605455691316152,0.0840155800120053,0.191184517457473,-0.107168937445468,-2.76099420029842,0.0594687338020961,0.05375,0.0217375941071289,0.0277160988991316,0.0496336402338225,0.0594687338020961,0.00597850479200264,0.0219175413346909,0.00983509356827363,-0.00609091895639138,0.0533778148457048
"2022-09-01",11,"2023-08-01","2023-10-01",1149,53,0.0461270670147955,0.0465217391304348,-3.02019691395598,-3.80673473380674,0.786537819850759,0.289264109856582,0.497273709994177,0.605455691316152,-0.108181981321975,0.0714730267921096,-0.179655008114084,-2.8405419058419,0.055172282341351,0.0465217391304348,0.0217375941071289,0.0288192054610655,0.0515628079461478,0.055172282341351,0.00708161135393656,0.0227436024850823,0.00360947439520325,-0.00904521532655558,0.0461270670147955
"2022-09-01",12,"2023-09-01","2023-11-01",1117,45,0.0402864816472695,0.0406976744186047,-3.16003532484527,-3.80673473380674,0.646699408961474,0.294297372332265,0.352402036629209,0.605455691316152,-0.253053654686944,0.0139751005053017,-0.267028755192245,-2.89300656965302,0.0525003580420402,0.0406976744186047,0.0217375941071289,0.0289604143169464,0.0518095113549467,0.0525003580420402,0.00722282020981744,0.0228490970380003,0.000690846687093495,-0.0122138763947707,0.0402864816472695
"2022-09-01",13,"2023-10-01","2023-12-01",1086,49,0.0451197053406998,0.0455381784728611,-3.04259658253021,-3.80673473380674,0.764138151276533,0.303514845354915,0.460623305921618,0.605455691316152,-0.144832385394534,-0.0250776381505152,-0.119754747244019,-2.92284183528619,0.0510358916048249,0.0455381784728611,0.0217375941071289,0.0292207539062206,0.0522641975252207,0.0510358916048249,0.0074831597990917,0.0230434436190001,-0.00122830592039586,-0.00591618626412507,0.0451197053406998
"2022-09-01",14,"2023-11-01","2024-01-01",1059,51,0.0481586402266289,0.0485849056603774,-2.97463754972458,-3.80673473380674,0.832097184082165,0.282992614882479,0.549104569199686,0.605455691316152,-0.0563511221164661,-0.0172058636289703,-0.0391452584874958,-2.93549229123708,0.0504266826590282,0.0485849056603774,0.0217375941071289,0.028644192466134,0.051256967364019,0.0504266826590282,0.0069065983590051,0.022612774897885,-0.000830284704990761,-0.00226804243239935,0.0481586402266289
"2022-09-01",15,"2023-12-01","2024-02-01",1031,56,0.0543161978661494,0.0547480620155039,-2.84870952191077,-3.80673473380674,0.958025211895971,0.290285959980498,0.667739251915473,0.605455691316152,0.0622835605993208,0.0189999931988004,0.0432835674005205,-2.89199308931129,0.0525507955502677,0.0547480620155039,0.0217375941071289,0.0288478194500509,0.0516128034966338,0.0525507955502677,0.00711022534292199,0.0227649840465829,0.000937992053633846,0.00176540231588169,0.0543161978661494
"2022-09-01",16,"2024-01-01","2024-03-01",993,52,0.0523665659617321,0.0528169014084507,-2.88666117849963,-3.80673473380674,0.920073555307112,0.255943184868061,0.664130370439051,0.605455691316152,0.0586746791228991,0.0600410097677618,-0.00136633064486263,-2.88529484785477,0.0528852969882419,0.0528169014084507,0.0217375941071289,0.02790109687394,0.0499574154631096,0.0528852969882419,0.00616350276681102,0.0220563185891696,0.00292788152513228,-0.000518731026509726,0.0523665659617321
"2022-09-01",17,"2024-02-01","2024-04-01",965,43,0.044559585492228,0.0450310559006211,-3.05432643782004,-3.80673473380674,0.752408295986697,0.264080020949498,0.488328275037199,0.605455691316152,-0.117127416278953,0.0401744278599255,-0.157301844138878,-2.89702459368117,0.0523008441789031,0.0450310559006211,0.0217375941071289,0.028122639040942,0.0503450205505018,0.0523008441789031,0.00638504493381307,0.0222223815095597,0.00195582362840131,-0.00774125868667509,0.044559585492228
"2022-09-01",18,"2024-03-01","2024-05-01",935,33,0.0352941176470588,0.0357905982905983,-3.29362325137602,-3.80673473380674,0.513111482430726,0.253616829857505,0.259494652573221,0.605455691316152,-0.345961038742931,-0.0867707337031682,-0.259190305039763,-3.03443294633625,0.0458943258030407,0.0357905982905983,0.0217375941071289,0.0278380692675519,0.0498471182907435,0.0458943258030407,0.00610047516042296,0.0220090490231916,-0.00395279248770285,-0.0106002081559818,0.0352941176470588
"2022-09-01",19,"2024-04-01","2024-06-01",913,33,0.036144578313253,0.0366520787746171,-3.26894448910524,-3.80673473380674,0.537790244701501,0.241048700025503,0.296741544675998,0.605455691316152,-0.308714146640154,-0.166238059830077,-0.142476086810077,-3.12646840229516,0.0420285670835085,0.0366520787746171,0.0217375941071289,0.0274999475031061,0.0492552182240801,0.0420285670835085,0.00576235339597715,0.021755270720974,-0.00722665114057161,-0.00588398877025552,0.036144578313253
"2022-09-01",20,"2024-05-01","2024-07-01",893,41,0.0459126539753639,0.046420581655481,-3.02247978192102,-3.80673473380674,0.784254951885722,0.19016434378928,0.594090608096442,0.605455691316152,-0.0113650832197099,-0.137386364523851,0.126021281304141,-3.14850106322516,0.0411503811283869,0.046420581655481,0.0217375941071289,0.0261713416691865,0.046926266493683,0.0411503811283869,0.00443374756205756,0.0207549248244965,-0.00577588536529611,0.00476227284697706,0.0459126539753639
"2022-09-01",21,"2024-06-01","2024-08-01",875,46,0.0525714285714286,0.0530821917808219,-2.88137079703719,-3.80673473380674,0.925363936769553,0.159736706239509,0.765627230530043,0.605455691316152,0.160171539213891,-0.0436523443082237,0.203823883522115,-3.0851946805593,0.0437221077572969,0.0530821917808219,0.0217375941071289,0.0254069305137959,0.0455840226708551,0.0437221077572969,0.00366933640666691,0.0201770921570592,-0.00186191491355821,0.00884932081413171,0.0525714285714286
"2022-09-01",22,"2024-07-01","2024-09-01",841,41,0.0487514863258026,0.0492874109263658,-2.95954310520012,-3.80673473380674,0.847191628606625,0.116545108534489,0.730646520072135,0.605455691316152,0.125190828755983,0.012370769741451,0.112820059014532,-3.07236316421465,0.0442617517491255,0.0492874109263658,0.0217375941071289,0.0243590873272493,0.0437413758466226,0.0442617517491255,0.00262149322012033,0.0193822885193734,0.000520375902502833,0.00448973457667715,0.0487514863258026
"2022-09-01",23,"2024-08-01","2024-10-01",810,31,0.0382716049382716,0.0388409371146732,-3.20866514266624,-3.80673473380674,0.598069591140498,0.134096448024832,0.463973143115666,0.605455691316152,-0.141482548200486,-0.0445556309177286,-0.0969269172827576,-3.11173822538349,0.0426256530668541,0.0388409371146732,0.0217375941071289,0.0247797081878399,0.0444814217191932,0.0426256530668541,0.00304211408071098,0.0197017135313533,-0.00185576865233911,-0.00435404812858249,0.0382716049382716
"2022-09-01",24,"2024-09-01","2024-11-01",775,24,0.0309677419354839,0.0315721649484536,-3.42339809164235,-3.80673473380674,0.383336642164394,0.136933913842919,0.246402728321474,0.605455691316152,-0.359052962994678,-0.120872882653184,-0.238180080341494,-3.18521801130085,0.0397258002558225,0.0315721649484536,0.0217375941071289,0.024848370001482,0.0446021780305861,0.0397258002558225,0.00311077589435308,0.0197538080291041,-0.00487637777476356,-0.00875805832033865,0.0309677419354839
"2022-09-01",25,"2024-10-01","2024-12-01",757,23,0.0303830911492734,0.0310026385224274,-3.44218957446382,-3.80673473380674,0.364545159342923,0.153144376103385,0.211400783239538,0.605455691316152,-0.394054908076614,-0.216270605622804,-0.17778430245381,-3.26440527201001,0.0368126901749851,0.0310026385224274,0.0217375941071289,0.025244204774237,0.0452980736096414,0.0368126901749851,0.00350661066710802,0.0200538688354045,-0.00848538343465636,-0.00642959902571164,0.0303830911492734
"2022-09-01",26,"2024-11-01","2025-01-01",742,25,0.0336927223719677,0.0343203230148048,-3.3370944954694,-3.80673473380674,0.469640238337345,0.150824454081345,0.318815784256,0.605455691316152,-0.286639907060152,-0.27190253939058,-0.0147373676695716,-3.32235712779982,0.0348121215752015,0.0343203230148048,0.0217375941071289,0.0251871814349458,0.0451978516613894,0.0348121215752015,0.00344958732781681,0.0200106702264436,-0.0103857300861879,-0.00111939920323385,0.0336927223719677
"2022-09-01",27,"2024-12-01","2025-02-01",732,25,0.0341530054644809,0.0347885402455662,-3.32305917735301,-3.80673473380674,0.483675556453729,0.182987039848669,0.30068851660506,0.605455691316152,-0.304767174711093,-0.280973561858756,-0.0237936128523364,-3.29926556450068,0.035596393324365,0.0347885402455661,0.0217375941071289,0.0259890387722965,0.0466063092001179,0.035596393324365,0.00425144466516755,0.0206172704278214,-0.0110099158757529,-0.00144338785988408,0.0341530054644809
"2022-09-01",28,"2025-01-01","2025-03-01",719,22,0.0305980528511822,0.03125,-3.43398720448515,-3.80673473380674,0.372747529321595,0.161161887237147,0.211585642084448,0.605455691316152,-0.393870049231704,-0.220096899446803,-0.173773149784902,-3.26021405470024,0.0369615891723136,0.03125,0.0217375941071289,0.0254422438960924,0.0456460669366327,0.0369615891723136,0.00370464978896346,0.0202038230405403,-0.00868447776431915,-0.00636353632113141,0.0305980528511822
"2022-09-01",29,"2025-02-01","2025-04-01",702,19,0.0270655270655271,0.0277382645803698,-3.5568121905943,-3.80673473380674,0.249922543212438,0.142171123824215,0.107751419388223,0.605455691316152,-0.497704271927929,-0.119114391369798,-0.378589880558132,-3.17822231003617,0.0399935308813484,0.0277382645803698,0.0217375941071289,0.024975588751243,0.0448258833654746,0.0399935308813484,0.00323799464411409,0.0198502946142315,-0.00483235248412622,-0.0129280038158213,0.0270655270655271
"2022-09-01",30,"2025-03-01","2025-05-01",689,21,0.0304789550072569,0.0311594202898551,-3.43698346140838,-3.80673473380674,0.369751272398361,0.125435575789942,0.244315696608419,0.605455691316152,-0.361139994707734,-0.107925127268065,-0.253214867439669,-3.18376859396871,0.0397811290387005,0.0311594202898551,0.0217375941071289,0.0245712715617039,0.0441147590289109,0.0397811290387005,0.00283367745457492,0.0195434874672071,-0.00433362999021049,-0.00930217403144356,0.0304789550072569
"2022-09-01",31,"2025-04-01","2025-06-01",674,23,0.0341246290801187,0.0348148148148148,-3.32227697541479,-3.80673473380674,0.484457758391954,0.116476719657313,0.367981038734641,0.605455691316152,-0.237474652581511,-0.235086272945408,-0.00238837963610306,-3.31988859577868,0.034895160151665,0.0348148148148148,0.0217375941071289,0.0243574620690612,0.0437385153612824,0.034895160151665,0.00261986796193227,0.0193810532922212,-0.00884335520961736,-0.000770531071546343,0.0341246290801187
"2022-09-01",32,"2025-05-01","2025-07-01",663,25,0.0377073906485671,0.0384036144578313,-3.22044322330821,-3.80673473380674,0.586291510498528,0.132416258675008,0.45387525182352,0.605455691316152,-0.151580439492633,-0.250974436629057,0.0993939971364244,-3.31983722044464,0.0348968903852017,0.0384036144578313,0.0217375941071289,0.0247391376828066,0.0444100635568472,0.0348968903852017,0.00300154357567763,0.0196709258740407,-0.00951317317164557,0.00281050026336545,0.0377073906485671
"2022-09-01",33,"2025-06-01","2025-08-01",645,22,0.0341085271317829,0.0348297213622291,-3.32183345590972,-3.80673473380674,0.484901277897024,0.139526428591446,0.345374849305579,0.605455691316152,-0.260080842010574,-0.223272625389369,-0.0368082166212046,-3.28502523928851,0.0360884996903086,0.0348297213622291,0.0217375941071289,0.0249112664840387,0.0447127829256408,0.0360884996903086,0.0031736723769098,0.019801516441602,-0.00862428323533217,-0.00197997255852565,0.0341085271317829
"2022-09-01",34,"2025-07-01","2025-09-01",633,24,0.037914691943128,0.0386435331230284,-3.21396583137064,-3.80673473380674,0.592768902436096,0.131428628410337,0.46134027402576,0.605455691316152,-0.144115417290392,-0.0940398023223301,-0.0500756149680623,-3.16389021640258,0.0405474403412716,0.0386435331230284,0.0217375941071289,0.0247153201974912,0.0443681695453114,0.0405474403412716,0.00297772609036222,0.0196528493478202,-0.00382072920403981,-0.00263274839814361,0.037914691943128
"2022-10-01",1,"2022-11-01","2023-01-01",1730,10,0.00578034682080925,0.00606585788561525,-5.09899496807406,-3.80673473380674,-1.29226023426732,-1.7073653881347,0.415105153867382,0.556741496668297,-0.141636342800915,0.422005802626359,-0.563642145427274,-4.53535282264678,0.0106093577481107,0.00606585788561525,0.0217375941071289,0.00401337969127483,0.00698237965301534,0.0106093577481107,-0.0177242144158541,0.00296899996174051,0.00362697809509538,-0.00482901092730148,0.00578034682080925
"2022-10-01",2,"2022-12-01","2023-02-01",1705,31,0.0181818181818182,0.0184642438452521,-3.97328234640267,-3.80673473380674,-0.166547612595931,-0.802500335743768,0.635952723147837,0.556741496668297,0.0792112264795395,0.487599424379471,-0.408388197899932,-3.56489414850274,0.0275211333716589,0.0184642438452521,0.0217375941071289,0.00986122148763851,0.0170821149822863,0.0275211333716589,-0.0118763726194904,0.00722089349464783,0.0104390183893726,-0.00933931518984076,0.0181818181818182
"2022-10-01",3,"2023-01-01","2023-03-01",1666,47,0.0282112845138055,0.028494301139772,-3.52914302757079,-3.80673473380674,0.277591706235953,-0.337459829206784,0.615051535442736,0.556741496668297,0.0583100387744391,0.426373509370134,-0.368063470595695,-3.16107955697509,0.0406569257093056,0.028494301139772,0.0217375941071289,0.0156087071675435,0.0269237652461601,0.0406569257093056,-0.00612888693958539,0.0113150580786165,0.0137331604631455,-0.0124456411955,0.0282112845138055
"2022-10-01",4,"2023-02-01","2023-04-01",1623,55,0.0338878619839803,0.0341748768472906,-3.34149200687834,-3.80673473380674,0.465242726928397,-0.182480278425218,0.647723005353615,0.556741496668297,0.0909815086853178,0.39168808486067,-0.300706576175353,-3.04078543070299,0.0456169640227212,0.0341748768472906,0.0217375941071289,0.0181776956171205,0.031295857095724,0.0456169640227212,-0.00355989849000843,0.0131181614786035,0.0143211069269972,-0.0117291020387409,0.0338878619839803
"2022-10-01",5,"2023-03-01","2023-05-01",1569,63,0.0401529636711281,0.0404458598726115,-3.16650445267171,-3.80673473380674,0.640230281135031,-0.110329660461367,0.750559941596399,0.556741496668297,0.193818444928101,0.346482791206875,-0.152664346278773,-3.01384010639294,0.0468045252395382,0.0404458598726115,0.0217375941071289,0.019511164970081,0.0335587493083917,0.0468045252395382,-0.00222642913704798,0.0140475843383108,0.0132457759311465,-0.00665156156841015,0.0401529636711281
"2022-10-01",6,"2023-04-01","2023-06-01",1530,80,0.0522875816993464,0.0525800130633573,-2.89140641913694,-3.80673473380674,0.9153283146698,-0.00462210480800024,0.9199504194778,0.556741496668297,0.363208922809503,0.319348850535649,0.0438600722738539,-2.9352664914108,0.050437495917698,0.0525800130633573,0.0217375941071289,0.0216395216911312,0.0371613952198669,0.050437495917698,-9.8072415997727e-05,0.0155218735287357,0.013276100697831,0.00185008578164842,0.0522875816993464
"2022-10-01",7,"2023-05-01","2023-07-01",1490,90,0.0604026845637584,0.0606975184439973,-2.73923474399428,-3.80673473380674,1.06749998981246,0.0795860484344686,0.98791394137799,0.556741496668297,0.431172444709693,0.292095942153473,0.13907650255622,-2.8783112465505,0.0532361889232978,0.0606975184439973,0.0217375941071289,0.0234959992497771,0.0402946660780573,0.0532361889232978,0.00175840514264819,0.0167986668282802,0.0129415228452405,0.00716649564046059,0.0604026845637584
"2022-10-01",8,"2023-06-01","2023-08-01",1421,84,0.0591133004926108,0.0594233473980309,-2.76180594440703,-3.80673473380674,1.04492878939971,0.14017796756865,0.904750821831057,0.556741496668297,0.34800932516276,0.239383581080561,0.108625744082198,-2.87043168848923,0.0536347361180845,0.0594233473980309,0.0217375941071289,0.0249270977186229,0.0427041954614526,0.0536347361180845,0.00318950361149392,0.0177770977428297,0.0109305406566319,0.00547856437452635,0.0591133004926108
"2022-10-01",9,"2023-07-01","2023-09-01",1362,71,0.052129221732746,0.0524578136463683,-2.89386216283593,-3.80673473380674,0.912872570970808,0.188722894148899,0.724149676821909,0.556741496668297,0.167408180153612,0.191184517457473,-0.0237763373038614,-2.87008582553207,0.0536522941582285,0.0524578136463683,0.0217375941071289,0.026134629384257,0.0447333869518997,0.0536522941582285,0.00439703527712805,0.0185987575676427,0.00891890720632882,-0.00152307242548257,0.052129221732746
"2022-10-01",10,"2023-08-01","2023-10-01",1312,58,0.0442073170731707,0.0445544554455446,-3.06546561156867,-3.80673473380674,0.741269122238075,0.249100324734697,0.492168797503378,0.556741496668297,-0.0645726991649194,0.0714730267921096,-0.136045725957029,-2.92941988561164,0.0507182477862652,0.0445544554455446,0.0217375941071289,0.0277160988991316,0.0473855506751005,0.0507182477862652,0.00597850479200264,0.0196694517759689,0.0033326971111647,-0.00651093071309446,0.0442073170731707
"2022-10-01",11,"2023-09-01","2023-11-01",1267,49,0.0386740331491713,0.0390378548895899,-3.20340320349062,-3.80673473380674,0.603331530316125,0.289264109856582,0.314067420459543,0.556741496668297,-0.242674076208754,0.0139751005053017,-0.256649176714056,-2.94675402677656,0.0498901497264567,0.0390378548895899,0.0217375941071289,0.0288192054610655,0.0492318658098993,0.0498901497264567,0.00708161135393656,0.0204126603488338,0.000658283916557395,-0.0112161165772854,0.0386740331491713
"2022-10-01",12,"2023-10-01","2023-12-01",1229,47,0.0382424735557364,0.0386178861788618,-3.21465640932549,-3.80673473380674,0.592078324481248,0.294297372332265,0.297780952148983,0.556741496668297,-0.258960544519314,-0.0250776381505152,-0.233882906368799,-2.98077350295669,0.0483020591596437,0.0386178861788618,0.0217375941071289,0.0289604143169464,0.0494679984561675,0.0483020591596437,0.00722282020981744,0.0205075841392211,-0.00116593929652382,-0.0100595856039073,0.0382424735557364
"2022-10-01",13,"2023-11-01","2024-01-01",1197,62,0.051796157059315,0.0521702838063439,-2.89966180480326,-3.80673473380674,0.907072929003484,0.303514845354915,0.603558083648569,0.556741496668297,0.0468165869802719,-0.0172058636289703,0.0640224506092422,-2.9636842554125,0.0490937260222113,0.0521702838063439,0.0217375941071289,0.0292207539062206,0.0499032167556697,0.0490937260222113,0.0074831597990917,0.0206824628494491,-0.000809490733458457,0.00270243103710369,0.051796157059315
"2022-10-01",14,"2023-12-01","2024-02-01",1172,63,0.0537542662116041,0.0541346973572037,-2.860624836474,-3.80673473380674,0.946109897332739,0.282992614882479,0.66311728245026,0.556741496668297,0.106375785781962,0.0189999931988004,0.0873757925831619,-2.94800062905716,0.0498310925239269,0.0541346973572038,0.0217375941071289,0.028644192466134,0.0489391376129094,0.0498310925239269,0.0069065983590051,0.0202949451467754,0.000891954911017519,0.00392317368767717,0.0537542662116041
"2022-10-01",15,"2024-01-01","2024-03-01",1138,59,0.0518453427065026,0.0522388059701493,-2.89827693740328,-3.80673473380674,0.908457796403463,0.290285959980498,0.618171836422965,0.556741496668297,0.0614303397546681,0.0600410097677618,0.00138932998690628,-2.89966626739018,0.0521700631383531,0.0522388059701492,0.0217375941071289,0.0288478194500509,0.0492797186993604,0.0521700631383531,0.00711022534292199,0.0204318992493095,0.00289034443899269,-0.00032472043185048,0.0518453427065026
"2022-10-01",16,"2024-02-01","2024-04-01",1095,42,0.0383561643835616,0.0387773722627737,-3.21036915731387,-3.80673473380674,0.596365576492869,0.255943184868061,0.340422391624808,0.556741496668297,-0.21631910504349,0.0401744278599255,-0.256493532903415,-2.95387562441046,0.0495536580499318,0.0387773722627737,0.0217375941071289,0.02790109687394,0.0476953969179068,0.0495536580499318,0.00616350276681102,0.0197943000439669,0.001858261132025,-0.0111974936663702,0.0383561643835616
"2022-10-01",17,"2024-03-01","2024-05-01",1066,48,0.0450281425891182,0.0454545454545455,-3.04452243772342,-3.80673473380674,0.762212296083318,0.264080020949498,0.49813227513382,0.556741496668297,-0.0586092215344772,-0.0867707337031682,0.028161512168691,-3.07268394989211,0.0442481836488767,0.0454545454545454,0.0217375941071289,0.028122639040942,0.0480663395999659,0.0442481836488767,0.00638504493381307,0.0199437005590239,-0.00381815595108925,0.000779958940241535,0.0450281425891182
"2022-10-01",18,"2024-04-01","2024-06-01",1039,45,0.0433108758421559,0.04375,-3.08452777233712,-3.80673473380674,0.722206961469619,0.253616829857505,0.468590131612114,0.556741496668297,-0.0881513650561835,-0.166238059830077,0.078086694773893,-3.16261446711102,0.0405971003579332,0.04375,0.0217375941071289,0.0278380692675519,0.047589843715974,0.0405971003579332,0.00610047516042296,0.0197517744484221,-0.00699274335804073,0.00271377548422269,0.0433108758421559
"2022-10-01",19,"2024-05-01","2024-07-01",1015,46,0.045320197044335,0.0457677165354331,-3.0373281620894,-3.80673473380674,0.769406571717345,0.241048700025503,0.528357871691843,0.556741496668297,-0.0283836249764544,-0.137386364523851,0.109002739547397,-3.14633090163679,0.0412360945712461,0.0457677165354331,0.0217375941071289,0.0274999475031061,0.047023420705336,0.0412360945712461,0.00576235339597715,0.01952347320223,-0.00578732613408994,0.00408410247308886,0.045320197044335
"2022-10-01",20,"2024-06-01","2024-08-01",980,35,0.0357142857142857,0.0361875637104995,-3.28218119161714,-3.80673473380674,0.524553542189599,0.19016434378928,0.334389198400319,0.556741496668297,-0.222352298267978,-0.0436523443082237,-0.178699953959754,-3.10348123765739,0.0429638854824322,0.0361875637104995,0.0217375941071289,0.0261713416691865,0.0447950238644616,0.0429638854824322,0.00443374756205756,0.0186236821952751,-0.00183113838202937,-0.00724959976814653,0.0357142857142857
"2022-10-01",21,"2024-07-01","2024-09-01",954,43,0.0450733752620545,0.0455497382198953,-3.04233065602408,-3.80673473380674,0.764404077782662,0.159736706239509,0.604667371543153,0.556741496668297,0.0479258748748556,0.012370769741451,0.0355551051334045,-3.07788576115748,0.0440287183729806,0.0455497382198953,0.0217375941071289,0.0254069305137959,0.0435109574651018,0.0440287183729806,0.00366933640666691,0.018104026951306,0.000517760907878792,0.00104465688907387,0.0450733752620545
"2022-10-01",22,"2024-08-01","2024-10-01",927,37,0.0399137001078749,0.0404094827586207,-3.16744216975335,-3.80673473380674,0.63929256405339,0.116545108534489,0.5227474555189,0.556741496668297,-0.0339940411493969,-0.0445556309177286,0.0105615897683317,-3.17800375952168,0.0400019227640143,0.0404094827586207,0.0217375941071289,0.0243590873272493,0.041748444732401,0.0400019227640143,0.00262149322012033,0.0173893574051517,-0.00174652196838668,-8.82226561394264e-05,0.0399137001078749
"2022-10-01",23,"2024-09-01","2024-11-01",900,38,0.0422222222222222,0.0427302996670366,-3.10917690761178,-3.80673473380674,0.697557826194965,0.134096448024832,0.563461378170133,0.556741496668297,0.00671988150183611,-0.120872882653184,0.12759276415502,-3.2367696717668,0.0378052216037052,0.0427302996670366,0.0217375941071289,0.0247797081878399,0.0424562698734062,0.0378052216037052,0.00304211408071098,0.0176765616855663,-0.00465104826970106,0.00441700061851704,0.0422222222222222
"2022-10-01",24,"2024-10-01","2024-12-01",871,34,0.0390355912743972,0.0395642201834862,-3.18946193966191,-3.80673473380674,0.617272794144834,0.136933913842919,0.480338880301915,0.556741496668297,-0.0764026163663828,-0.216270605622804,0.139867989256422,-3.32932992891833,0.0345785922362748,0.0395642201834862,0.0217375941071289,0.024848370001482,0.0425717733334774,0.0345785922362748,0.00311077589435308,0.0177234033319954,-0.0079931810972026,0.00445699903812245,0.0390355912743972
"2022-10-01",25,"2024-11-01","2025-01-01",859,35,0.0407450523864959,0.0412790697674419,-3.14524444551828,-3.80673473380674,0.661490288288458,0.153144376103385,0.508345912185073,0.556741496668297,-0.0483955844832242,-0.27190253939058,0.223506954907356,-3.36875140042564,0.0332864634645755,0.0412790697674419,0.0217375941071289,0.025244204774237,0.0432374236341286,0.0332864634645755,0.00350661066710802,0.0179932188598916,-0.00995096016955305,0.0074585889219204,0.0407450523864959
"2022-10-01",26,"2024-12-01","2025-02-01",842,35,0.0415676959619952,0.0421115065243179,-3.12441035861544,-3.80673473380674,0.6823243751913,0.150824454081345,0.531499921109954,0.556741496668297,-0.0252415755583428,-0.280973561858756,0.255731986300413,-3.38014234491586,0.0329218625174592,0.0421115065243179,0.0217375941071289,0.0251871814349458,0.043141554849324,0.0329218625174592,0.00344958732781681,0.0179543734143783,-0.0102196923318649,0.00864583344453609,0.0415676959619952
"2022-10-01",27,"2025-01-01","2025-03-01",818,30,0.0366748166259169,0.0372405372405372,-3.25240572278973,-3.80673473380674,0.554329011017014,0.182987039848669,0.371341971168345,0.556741496668297,-0.185399525499952,-0.220096899446803,0.0346973739468504,-3.28710309673658,0.0360162887251863,0.0372405372405372,0.0217375941071289,0.0259890387722965,0.0444889196999262,0.0360162887251863,0.00425144466516755,0.0184998809276297,-0.00847263097473984,0.000658527900730538,0.0366748166259169
"2022-10-01",28,"2025-02-01","2025-04-01",795,32,0.040251572327044,0.0408291457286432,-3.156673035323,-3.80673473380674,0.650061698483746,0.161161887237147,0.488899811246599,0.556741496668297,-0.0678416854216985,-0.119114391369798,0.051272705948099,-3.20794574127109,0.0388678029486531,0.0408291457286432,0.0217375941071289,0.0254422438960924,0.0435703089001135,0.0388678029486531,0.00370464978896346,0.0181280650040211,-0.00470250595146043,0.00138376937839097,0.040251572327044
"2022-10-01",29,"2025-03-01","2025-05-01",778,31,0.0398457583547558,0.0404364569961489,-3.16674675943325,-3.80673473380674,0.639987974373487,0.142171123824215,0.497816850549272,0.556741496668297,-0.0589246461190254,-0.107925127268065,0.0490004811490397,-3.21574724058229,0.0385774077594674,0.0404364569961489,0.0217375941071289,0.024975588751243,0.0427857510875925,0.0385774077594674,0.00323799464411409,0.0178101623363495,-0.0042083433281251,0.00126835059528838,0.0398457583547558
"2022-10-01",30,"2025-04-01","2025-06-01",760,27,0.0355263157894737,0.0361366622864652,-3.28364159291051,-3.80673473380674,0.52309314089623,0.125435575789942,0.397657565106288,0.556741496668297,-0.159083931562009,-0.235086272945408,0.0760023413833991,-3.35964393429391,0.0335807768014964,0.0361366622864652,0.0217375941071289,0.0245712715617039,0.0421055650086398,0.0335807768014964,0.00283367745457492,0.0175342934469359,-0.0085247882071434,0.00194553898797728,0.0355263157894737
"2022-10-01",31,"2025-05-01","2025-07-01",743,24,0.0323014804845222,0.0329301075268817,-3.37988340877674,-3.80673473380674,0.42685132503,0.116476719657313,0.310374605372686,0.556741496668297,-0.246366891295611,-0.250974436629057,0.00460754533344609,-3.38449095411019,0.0327836923001175,0.0329301075268817,0.0217375941071289,0.0243574620690612,0.0417457088860886,0.0327836923001175,0.00261986796193227,0.0173882468170273,-0.00896201658597106,-0.000482211815595296,0.0323014804845222
"2022-10-01",32,"2025-06-01","2025-08-01",726,21,0.0289256198347107,0.0295735900962861,-3.49085383615925,-3.80673473380674,0.31588089764749,0.132416258675008,0.183464638972482,0.556741496668297,-0.373276857695816,-0.223272625389369,-0.150004232306447,-3.34084960385281,0.0341960869611585,0.0295735900962861,0.0217375941071289,0.0247391376828066,0.0423880163874057,0.0341960869611585,0.00300154357567763,0.0176488787045991,-0.0081919294262472,-0.00527046712644777,0.0289256198347107
"2022-10-01",33,"2025-07-01","2025-09-01",712,24,0.0337078651685393,0.0343618513323983,-3.33584220061803,-3.80673473380674,0.470892533188713,0.139526428591446,0.331366104597267,0.556741496668297,-0.22537539207103,-0.0940398023223301,-0.1313355897487,-3.20450661086933,0.0389964828219026,0.0343618513323983,0.0217375941071289,0.0249112664840387,0.0426775681260251,0.0389964828219026,0.0031736723769098,0.0177663016419863,-0.00368108530412249,-0.00528861765336326,0.0337078651685393
"2022-10-01",34,"2025-08-01","2025-10-01",697,23,0.0329985652797704,0.0336676217765043,-3.3569712544977,-3.80673473380674,0.449763479309044,0.131428628410337,0.318334850898707,0.556741496668297,-0.23840664576959,-0.107057910710504,-0.131348735059086,-3.22562251943861,0.0382128059875836,0.0336676217765043,0.0217375941071289,0.0247153201974912,0.0423479453316772,0.0382128059875836,0.00297772609036222,0.017632625134186,-0.00413513934409357,-0.00521424070781316,0.0329985652797704
"2022-11-01",1,"2022-12-01","2023-02-01",1657,13,0.00784550392275196,0.00814234016887817,-4.80250198018473,-3.80673473380674,-0.995767246377986,-1.7073653881347,0.711598141756712,0.519398945900685,0.192199195856028,0.487599424379471,-0.295400228523444,-4.50710175166128,0.0109100407574384,0.00814234016887817,0.0217375941071289,0.00401337969127483,0.00672817004595329,0.0109100407574384,-0.0177242144158541,0.00271479035467846,0.00418187071148507,-0.0030645368346864,0.00784550392275196
"2022-11-01",2,"2023-01-01","2023-03-01",1618,33,0.0203955500618047,0.0206917850525015,-3.85710965514738,-3.80673473380674,-0.0503749213406399,-0.802500335743768,0.752125414403128,0.519398945900685,0.232726468502443,0.426373509370134,-0.193647040867691,-3.66346261427969,0.0250024140148963,0.0206917850525015,0.0217375941071289,0.00986122148763851,0.0164662985570051,0.0250024140148963,-0.0118763726194904,0.0066050770693666,0.00853611545789117,-0.00460686395309157,0.0203955500618047
"2022-11-01",3,"2023-02-01","2023-04-01",1583,48,0.0303221730890714,0.0306186868686869,-3.45504754193744,-3.80673473380674,0.351687191869301,-0.337459829206784,0.689147021076085,0.519398945900685,0.1697480751754,0.39168808486067,-0.22194000968527,-3.23310753225217,0.0379386612561607,0.0306186868686868,0.0217375941071289,0.0156087071675435,0.0259625252280973,0.0379386612561607,-0.00612888693958539,0.0103538180605538,0.0119761360280634,-0.0076164881670893,0.0303221730890714
"2022-11-01",4,"2023-03-01","2023-05-01",1547,64,0.0413703943115708,0.0416666666666667,-3.13549421592915,-3.80673473380674,0.671240517877592,-0.182480278425218,0.85372079630281,0.519398945900685,0.334321850402125,0.346482791206875,-0.0121609408047497,-3.1233332751244,0.0421549754895553,0.0416666666666667,0.0217375941071289,0.0181776956171205,0.030183365187613,0.0421549754895553,-0.00355989849000843,0.0120056695704925,0.0119716103019423,-0.000784581177984481,0.0413703943115708
"2022-11-01",5,"2023-04-01","2023-06-01",1504,62,0.0412234042553191,0.0415282392026578,-3.1389664416399,-3.80673473380674,0.667768292166842,-0.110329660461367,0.77809795262821,0.519398945900685,0.258699006727525,0.319348850535649,-0.060649843808124,-3.07831659783177,0.0440105879373471,0.0415282392026578,0.0217375941071289,0.019511164970081,0.0323685049158519,0.0440105879373471,-0.00222642913704798,0.012857339945771,0.0116420830214952,-0.00278718368202795,0.0412234042553191
"2022-11-01",6,"2023-05-01","2023-07-01",1462,75,0.0512995896032832,0.0516062884483937,-2.91112618936561,-3.80673473380674,0.895608544441131,-0.00462210480800024,0.900230649249131,0.519398945900685,0.380831703348446,0.292095942153473,0.0887357611949732,-2.99986195056058,0.0474321101797804,0.0516062884483937,0.0217375941071289,0.0216395216911312,0.0358481136545179,0.0474321101797804,-9.8072415997727e-05,0.0142085919633867,0.0115839965252624,0.0038674794235028,0.0512995896032832
"2022-11-01",7,"2023-06-01","2023-08-01",1402,64,0.0456490727532097,0.0459729151817534,-3.03263963915868,-3.80673473380674,0.774095094648061,0.0795860484344686,0.694509046213592,0.519398945900685,0.175110100312908,0.239383581080561,-0.0642734807676539,-2.96836615839103,0.0488756190980977,0.0459729151817534,0.0217375941071289,0.0234959992497771,0.0388751256686826,0.0488756190980977,0.00175840514264819,0.0153791264189055,0.0100004934294152,-0.00322654634488805,0.0456490727532097
"2022-11-01",8,"2023-07-01","2023-09-01",1352,62,0.0458579881656805,0.0461936437546194,-3.02761846241631,-3.80673473380674,0.779116271390428,0.14017796756865,0.638938303821778,0.519398945900685,0.119539357921093,0.191184517457473,-0.0716451595363801,-2.95597330287993,0.0494549546944066,0.0461936437546194,0.0217375941071289,0.0249270977186229,0.0412034141783878,0.0494549546944066,0.00318950361149392,0.0162763164597649,0.00825154051601886,-0.00359696652872616,0.0458579881656805
"2022-11-01",9,"2023-08-01","2023-10-01",1298,50,0.0385208012326656,0.0388760585065435,-3.20772477343851,-3.80673473380674,0.599009960368227,0.188722894148899,0.410287066219329,0.519398945900685,-0.109111879681356,0.0714730267921096,-0.180584906473466,-3.02713986696505,0.0462147351506211,0.0388760585065435,0.0217375941071289,0.026134629384257,0.0431645079890049,0.0462147351506211,0.00439703527712805,0.017029878604748,0.00305022716161615,-0.00769393391795545,0.0385208012326656
"2022-11-01",10,"2023-09-01","2023-11-01",1253,49,0.0391061452513966,0.0394736842105263,-3.19184715248028,-3.80673473380674,0.61488758132646,0.249100324734697,0.365787256591763,0.519398945900685,-0.153611689308922,0.0139751005053017,-0.167586789814224,-3.02426036266606,0.0463418266084787,0.0394736842105263,0.0217375941071289,0.0277160988991316,0.0457281082719396,0.0463418266084787,0.00597850479200264,0.018012009372808,0.000613718336539171,-0.00723568135708207,0.0391061452513966
"2022-11-01",11,"2023-10-01","2023-12-01",1217,42,0.0345110928512736,0.0348932676518883,-3.31994479204975,-3.80673473380674,0.486789941756988,0.289264109856582,0.197525831900406,0.519398945900685,-0.321873114000279,-0.0250776381505152,-0.296795475849763,-3.02314931619999,0.0463909532432828,0.0348932676518883,0.0217375941071289,0.0288192054610655,0.0475130643876804,0.0463909532432828,0.00708161135393656,0.0186938589266149,-0.00112211114439765,-0.0118798603920091,0.0345110928512736
"2022-11-01",12,"2023-11-01","2024-01-01",1184,45,0.0380067567567568,0.0383966244725738,-3.22063252272883,-3.80673473380674,0.586102211077907,0.294297372332265,0.291804838745642,0.519398945900685,-0.227594107155043,-0.0172058636289703,-0.210388243526073,-3.01024427920276,0.0469652106581883,0.0383966244725738,0.0217375941071289,0.0289604143169464,0.0477413670395839,0.0469652106581883,0.00722282020981744,0.0187809527226375,-0.000776156381395526,-0.00895845390143159,0.0380067567567568
"2022-11-01",13,"2023-12-01","2024-02-01",1157,46,0.0397579948141746,0.0401554404145078,-3.17401342081094,-3.80673473380674,0.6327213129958,0.303514845354915,0.329206467640886,0.519398945900685,-0.190192478259799,0.0189999931988004,-0.209192471458599,-2.96482094935234,0.0490406883239784,0.0401554404145078,0.0217375941071289,0.0292207539062206,0.0481621641764309,0.0490406883239784,0.0074831597990917,0.0189414102702102,0.000878524147547542,-0.00928269350980383,0.0397579948141746
"2022-11-01",14,"2024-01-01","2024-03-01",1130,52,0.0460176991150442,0.0464190981432361,-3.02251329623163,-3.80673473380674,0.784221437575108,0.282992614882479,0.501228822692629,0.519398945900685,-0.0181701232080557,0.0600410097677618,-0.0782111329758174,-2.94430216325582,0.0500064991558791,0.0464190981432361,0.0217375941071289,0.028644192466134,0.0472300483503467,0.0500064991558791,0.0069065983590051,0.0185858558842126,0.00277645080553244,-0.00398880004083485,0.0460176991150442
"2022-11-01",15,"2024-02-01","2024-04-01",1095,51,0.0465753424657534,0.0469890510948905,-3.00971177332693,-3.80673473380674,0.797022960479811,0.290285959980498,0.506737000499313,0.519398945900685,-0.0126619454013716,0.0401744278599255,-0.0528363732612971,-2.95687540006563,0.0494125650930384,0.0469890510948905,0.0217375941071289,0.0288478194500509,0.0475593301887306,0.0494125650930384,0.00711022534292199,0.0187115107386796,0.00185323490430785,-0.00283722262728499,0.0465753424657534
"2022-11-01",16,"2024-03-01","2024-05-01",1058,44,0.0415879017013233,0.0420207743153919,-3.12666197009368,-3.80673473380674,0.680072763713066,0.255943184868061,0.424129578845005,0.519398945900685,-0.0952693670556796,-0.0867707337031682,-0.00849863335251137,-3.11816333674116,0.042364221744168,0.0420207743153919,0.0217375941071289,0.02790109687394,0.0460276404232734,0.042364221744168,0.00616350276681102,0.0181265435493334,-0.00366341867910541,-0.000776320042844746,0.0415879017013233
"2022-11-01",17,"2024-04-01","2024-06-01",1031,41,0.0397672162948594,0.0402131782945736,-3.17251643890195,-3.80673473380674,0.634218294904788,0.264080020949498,0.37013827395529,0.519398945900685,-0.149260671945395,-0.166238059830077,0.0169773878846819,-3.18949382678663,0.039563008525846,0.0402131782945737,0.0217375941071289,0.028122639040942,0.0463862442134616,0.039563008525846,0.00638504493381307,0.0182636051725196,-0.00682323568761561,0.000204207769013399,0.0397672162948594
"2022-11-01",18,"2024-05-01","2024-07-01",1004,37,0.0368525896414343,0.0373134328358209,-3.25037449192757,-3.80673473380674,0.556360241879169,0.253616829857505,0.302743412021664,0.519398945900685,-0.216655533879021,-0.137386364523851,-0.0792691693551693,-3.1711053225724,0.0402676772018623,0.0373134328358209,0.0217375941071289,0.0278380692675519,0.0459256000869704,0.0402676772018623,0.00610047516042296,0.0180875308194185,-0.00565792288510805,-0.00341508756042806,0.0368525896414343
"2022-11-01",19,"2024-06-01","2024-08-01",979,42,0.0429009193054137,0.0433673469387755,-3.09371268191419,-3.80673473380674,0.713022051892547,0.241048700025503,0.471973351867044,0.519398945900685,-0.0474255940336407,-0.0436523443082237,-0.00377324972541695,-3.08993943218878,0.0435241563116793,0.0433673469387755,0.0217375941071289,0.0274999475031061,0.0453780414399374,0.0435241563116793,0.00576235339597715,0.0178780939368313,-0.00185388512825803,-0.000623237006265633,0.0429009193054137
"2022-11-01",20,"2024-07-01","2024-09-01",957,47,0.0491118077324974,0.0495824634655532,-2.95326418812707,-3.80673473380674,0.853470545679674,0.19016434378928,0.663306201890394,0.519398945900685,0.14390725598971,0.012370769741451,0.131536486248259,-3.08480067437533,0.0437385843088424,0.0495824634655532,0.0217375941071289,0.0261713416691865,0.0432240809997813,0.0437385843088424,0.00443374756205756,0.0170527393305948,0.000514503309061054,0.00537322342365499,0.0491118077324974
"2022-11-01",21,"2024-08-01","2024-10-01",931,38,0.0408163265306122,0.0413090128755365,-3.14448809330574,-3.80673473380674,0.662246640500997,0.159736706239509,0.502509934261488,0.519398945900685,-0.0168890116391966,-0.0445556309177286,0.0276666192785319,-3.17215471258428,0.040227141834179,0.0413090128755365,0.0217375941071289,0.0254069305137959,0.0419830670478736,0.040227141834179,0.00366933640666691,0.0165761365340778,-0.00175592521369462,0.000589184696433223,0.0408163265306122
"2022-11-01",22,"2024-09-01","2024-11-01",894,38,0.0425055928411633,0.0430167597765363,-3.10219607647044,-3.80673473380674,0.704538657336305,0.116545108534489,0.587993548801816,0.519398945900685,0.068594602901131,-0.120872882653184,0.189467485554315,-3.29166356202475,0.0358582880037899,0.0430167597765363,0.0217375941071289,0.0243590873272493,0.0402798387223002,0.0358582880037899,0.00262149322012033,0.0159207513950509,-0.00442155071851033,0.00664730483737343,0.0425055928411633
"2022-11-01",23,"2024-10-01","2024-12-01",864,30,0.0347222222222222,0.0352601156069364,-3.30910605948852,-3.80673473380674,0.497628674318217,0.134096448024832,0.363532226293386,0.519398945900685,-0.155866719607299,-0.216270605622804,0.0604038860155054,-3.36950994550403,0.0332620632802775,0.0352601156069364,0.0217375941071289,0.0247797081878399,0.0409638287602567,0.0332620632802775,0.00304211408071098,0.0161841205724168,-0.00770176547997922,0.00146015894194474,0.0347222222222222
"2022-11-01",24,"2024-11-01","2025-01-01",852,31,0.0363849765258216,0.0369284876905041,-3.26114439164574,-3.80673473380674,0.545590342161006,0.136933913842919,0.408656428318086,0.519398945900685,-0.110742517582598,-0.27190253939058,0.161160021807982,-3.42230441345372,0.0316056216933246,0.0369284876905041,0.0217375941071289,0.024848370001482,0.0410754461631485,0.0316056216933246,0.00311077589435308,0.0162270761616665,-0.00946982446982389,0.00477935483249697,0.0363849765258216
"2022-11-01",25,"2024-12-01","2025-02-01",826,28,0.0338983050847458,0.0344619105199516,-3.33283088038046,-3.80673473380674,0.473903853426279,0.153144376103385,0.320759477322894,0.519398945900685,-0.19863946857779,-0.280973561858756,0.0823340932809656,-3.41516497366143,0.03182486867744,0.0344619105199516,0.0217375941071289,0.025244204774237,0.0417187194335277,0.03182486867744,0.00350661066710802,0.0164745146592907,-0.0098938507560877,0.00207343640730581,0.0338983050847458
"2022-11-01",26,"2025-01-01","2025-03-01",812,34,0.041871921182266,0.0424354243542435,-3.11640966723674,-3.80673473380674,0.690325066570002,0.150824454081345,0.539500612488657,0.519398945900685,0.0201016665879724,-0.220096899446803,0.240198566034775,-3.35660823327151,0.0336794343497094,0.0424354243542436,0.0217375941071289,0.0251871814349458,0.0416260715121411,0.0336794343497094,0.00344958732781681,0.0164388900771954,-0.00794663716243167,0.00819248683255657,0.041871921182266
"2022-11-01",27,"2025-02-01","2025-04-01",796,35,0.0439698492462312,0.0445420326223337,-3.06575747585385,-3.80673473380674,0.740977257952895,0.182987039848669,0.557990218104226,0.519398945900685,0.0385912722035412,-0.119114391369798,0.157705663573339,-3.22346313942719,0.0382922479769028,0.0445420326223338,0.0217375941071289,0.0259890387722965,0.0429282293377691,0.0382922479769028,0.00425144466516755,0.0169391905654727,-0.00463598136086633,0.00567760126932835,0.0439698492462312
"2022-11-01",28,"2025-03-01","2025-05-01",773,31,0.0401034928848642,0.0406976744186047,-3.16003532484527,-3.80673473380674,0.646699408961474,0.161161887237147,0.485537521724327,0.519398945900685,-0.0338614241763581,-0.107925127268065,0.074063703091707,-3.23409902793697,0.0379024889133024,0.0406976744186046,0.0217375941071289,0.0254422438960924,0.0420404259564183,0.0379024889133024,0.00370464978896346,0.0165981820603259,-0.00413793704311589,0.0022010039715618,0.0401034928848642
"2022-11-01",29,"2025-04-01","2025-06-01",745,23,0.0308724832214765,0.0315013404825737,-3.42571699883647,-3.80673473380674,0.381017734970267,0.142171123824215,0.238846611146052,0.519398945900685,-0.280552334754633,-0.235086272945408,-0.0454660618092249,-3.38025093702725,0.0329184053357073,0.0315013404825737,0.0217375941071289,0.024975588751243,0.0412822272419725,0.0329184053357073,0.00323799464411409,0.0163066384907294,-0.00836382190626522,-0.00204592211423074,0.0308724832214765
"2022-11-01",30,"2025-05-01","2025-07-01",725,23,0.0317241379310345,0.0323691460055096,-3.39764498005779,-3.80673473380674,0.409089753748954,0.125435575789942,0.283654177959012,0.519398945900685,-0.235744767941673,-0.250974436629057,0.0152296686873837,-3.41287464874517,0.0318955139952536,0.0323691460055097,0.0217375941071289,0.0245712715617039,0.0406249289886932,0.0318955139952536,0.00283367745457492,0.0160536574269894,-0.00872941499343963,-0.000171376064219103,0.0317241379310345
"2022-11-01",31,"2025-06-01","2025-08-01",710,22,0.0309859154929577,0.0316455696202532,-3.42100000895834,-3.80673473380674,0.385734724848406,0.116476719657313,0.269258005191093,0.519398945900685,-0.250140940709592,-0.223272625389369,-0.0268683153202234,-3.39413169363811,0.0324793679725652,0.0316455696202531,0.0217375941071289,0.0243574620690612,0.0402771950710614,0.0324793679725652,0.00261986796193227,0.0159197330020002,-0.00779782709849615,-0.0014934524796075,0.0309859154929577
"2022-11-01",32,"2025-07-01","2025-09-01",700,26,0.0371428571428571,0.0378031383737518,-3.23682694265563,-3.80673473380674,0.569907791151107,0.132416258675008,0.4374915324761,0.519398945900685,-0.0819074134245853,-0.0940398023223301,0.0121323888977448,-3.24895933155338,0.0373643003088412,0.0378031383737518,0.0217375941071289,0.0247391376828066,0.0408978720742066,0.0373643003088412,0.00300154357567763,0.0161587343914,-0.00353357176536535,-0.000221443165984089,0.0371428571428571
"2022-11-01",33,"2025-08-01","2025-10-01",691,25,0.0361794500723589,0.036849710982659,-3.26336168745438,-3.80673473380674,0.543373046352358,0.139526428591446,0.403846617760913,0.519398945900685,-0.115552328139772,-0.107057910710504,-0.00849441742926807,-3.25486727002512,0.0371523821768965,0.0368497109826589,0.0217375941071289,0.0249112664840387,0.041177682372443,0.0371523821768965,0.0031736723769098,0.0162664158884043,-0.00402530019554657,-0.000972932104537562,0.0361794500723589
"2022-11-01",34,"2025-09-01","2025-11-01",680,21,0.0308823529411765,0.0315712187958884,-3.42342903702375,-3.80673473380674,0.383305696782989,0.131428628410337,0.251877068372652,0.519398945900685,-0.267521877528032,-0.297348527808966,0.0298266502809332,-3.45325568730469,0.0306719159885471,0.0315712187958884,0.0217375941071289,0.0247153201974912,0.0408591496046737,0.0306719159885471,0.00297772609036222,0.0161438294071825,-0.0101872336161266,0.000210436952629411,0.0308823529411765
"2022-12-01",1,"2023-01-01","2023-03-01",1723,6,0.00348229831688915,0.00377030162412993,-5.57682284719491,-3.80673473380674,-1.77008811338817,-1.7073653881347,-0.0627227252534734,0.382530832333077,-0.445253557586551,0.426373509370134,-0.871627066956685,-4.70519578023823,0.00896700783144403,0.00377030162412993,0.0217375941071289,0.00401337969127483,0.00587259189624192,0.00896700783144403,-0.0177242144158541,0.00185921220496709,0.00309441593520211,-0.00548470951455489,0.00348229831688915
"2022-12-01",2,"2023-02-01","2023-04-01",1691,33,0.0195150798344175,0.0197990543735225,-3.90212341955609,-3.80673473380674,-0.0953886857493451,-0.802500335743768,0.707111649994423,0.382530832333077,0.324580817661345,0.39168808486067,-0.0671072671993254,-3.83501615235676,0.021144252776969,0.0197990543735224,0.0217375941071289,0.00986122148763851,0.0143903259374609,0.021144252776969,-0.0118763726194904,0.00452910444982236,0.00675392683950811,-0.00162917294255148,0.0195150798344175
"2022-12-01",3,"2023-03-01","2023-05-01",1658,45,0.0271411338962606,0.0274261603375527,-3.56844868553511,-3.80673473380674,0.238286048271629,-0.337459829206784,0.575745877478413,0.382530832333077,0.193215045145336,0.346482791206875,-0.153267746061539,-3.41518093947357,0.0318243767417723,0.0274261603375527,0.0217375941071289,0.0156087071675435,0.0227169777717337,0.0318243767417723,-0.00612888693958539,0.0071082706041902,0.00910739897003853,-0.00468324284551172,0.0271411338962606
"2022-12-01",4,"2023-04-01","2023-06-01",1625,55,0.0338461538461538,0.0341328413284133,-3.34276629822631,-3.80673473380674,0.463968435580429,-0.182480278425218,0.646448714005647,0.382530832333077,0.26391788167257,0.319348850535649,-0.0554309688630794,-3.28733532936323,0.0360082266824975,0.0341328413284133,0.0217375941071289,0.0181776956171205,0.026424489375522,0.0360082266824975,-0.00355989849000843,0.00824679375840148,0.0095837373069755,-0.00216207283634365,0.0338461538461538
"2022-12-01",5,"2023-05-01","2023-07-01",1567,43,0.0274409700063816,0.0277423469387755,-3.55666082833367,-3.80673473380674,0.25007390547307,-0.110329660461367,0.360403565934438,0.382530832333077,-0.0221272663986397,0.292095942153473,-0.314223208552112,-3.24243761978156,0.0375995836608178,0.0277423469387755,0.0217375941071289,0.019511164970081,0.0283454570136987,0.0375995836608178,-0.00222642913704798,0.00883429204361773,0.00925412664711906,-0.0101586136544361,0.0274409700063816
"2022-12-01",6,"2023-06-01","2023-08-01",1516,59,0.0389182058047493,0.0392221489782465,-3.19850160567306,-3.80673473380674,0.608233128133678,-0.00462210480800024,0.612855232941678,0.382530832333077,0.2303244006086,0.239383581080561,-0.00905918047196108,-3.1894424252011,0.0395649617180506,0.0392221489782465,0.0217375941071289,0.0216395216911312,0.0314066257901557,0.0395649617180506,-9.8072415997727e-05,0.0097671040990245,0.00815833592789483,-0.000646755913301211,0.0389182058047493
"2022-12-01",7,"2023-07-01","2023-09-01",1459,60,0.0411240575736806,0.0414383561643836,-3.14122694391871,-3.80673473380674,0.665507789888029,0.0795860484344686,0.58592174145356,0.382530832333077,0.203390909120483,0.191184517457473,0.0122063916630095,-3.15343333558172,0.0409562081638743,0.0414383561643836,0.0217375941071289,0.0234959992497771,0.0340718522825645,0.0409562081638743,0.00175840514264819,0.0105758530327874,0.00688435588130981,0.000167849409806298,0.0411240575736806
"2022-12-01",8,"2023-08-01","2023-10-01",1417,55,0.0388143966125618,0.0391396332863188,-3.20069350578501,-3.80673473380674,0.606041228021731,0.14017796756865,0.465863260453081,0.382530832333077,0.0833324281200032,0.0714730267921096,0.0118594013278936,-3.2125529071129,0.0386960577866634,0.0391396332863188,0.0217375941071289,0.0249270977186229,0.0361232777670248,0.0386960577866634,0.00318950361149392,0.011196180048402,0.00257278001963861,0.000118338825898318,0.0388143966125618
"2022-12-01",9,"2023-09-01","2023-11-01",1366,42,0.0307467057101025,0.0310899780541331,-3.43928623278175,-3.80673473380674,0.367448501024988,0.188722894148899,0.178725606876089,0.382530832333077,-0.203805225456988,0.0139751005053017,-0.21778032596229,-3.22150590681946,0.0383643901000271,0.0310899780541331,0.0217375941071289,0.026134629384257,0.0378521259748761,0.0383643901000271,0.00439703527712805,0.0117174965906191,0.000512264125151062,-0.00761768438992464,0.0307467057101025
"2022-12-01",10,"2023-10-01","2023-12-01",1314,41,0.0312024353120244,0.0315589353612167,-3.42383086718286,-3.80673473380674,0.382903866623882,0.249100324734697,0.133803541889185,0.382530832333077,-0.248727290443893,-0.0250776381505152,-0.223649652293377,-3.20018121488948,0.0391589039293748,0.0315589353612167,0.0217375941071289,0.0277160988991316,0.040113443612517,0.0391589039293748,0.00597850479200264,0.0123973447133854,-0.000954539683142193,-0.00795646861735041,0.0312024353120244
"2022-12-01",11,"2023-11-01","2024-01-01",1272,49,0.0385220125786164,0.0388845247446976,-3.20749821330808,-3.80673473380674,0.59923652049866,0.289264109856582,0.309972410642078,0.382530832333077,-0.072558421691,-0.0172058636289703,-0.0553525580620296,-3.15214565524605,0.0410068166063492,0.0388845247446976,0.0217375941071289,0.0288192054610655,0.0416888107639557,0.0410068166063492,0.00708161135393656,0.0128696053028902,-0.000681994157606523,-0.00248480402773283,0.0385220125786164
"2022-12-01",12,"2023-12-01","2024-02-01",1242,49,0.0394524959742351,0.0398230088495575,-3.18267277620424,-3.80673473380674,0.624061957602501,0.294297372332265,0.329764585270236,0.382530832333077,-0.0527662470628417,0.0189999931988004,-0.0717662402616421,-3.1109065359426,0.0426596061509414,0.0398230088495575,0.0217375941071289,0.0289604143169464,0.0418903584020633,0.0426596061509414,0.00722282020981744,0.0129299440851169,0.00076924774887812,-0.00320711017670627,0.0394524959742351
"2022-12-01",13,"2024-01-01","2024-03-01",1203,53,0.0440565253532835,0.0444352159468439,-3.06827025557346,-3.80673473380674,0.738464478233281,0.303514845354915,0.434949632878367,0.382530832333077,0.0524188005452893,0.0600410097677618,-0.00762220922247247,-3.06064804635099,0.0447599866605486,0.0444352159468439,0.0217375941071289,0.0292207539062206,0.042261872941122,0.0447599866605486,0.0074831597990917,0.0130411190349013,0.00249811371942661,-0.000703461307265112,0.0440565253532835
"2022-12-01",14,"2024-02-01","2024-04-01",1168,47,0.0402397260273973,0.0406330196749358,-3.16169264291967,-3.80673473380674,0.645042090887074,0.282992614882479,0.362049476004595,0.382530832333077,-0.020481356328483,0.0401744278599255,-0.0606557841884085,-3.10103685873126,0.0430645057905718,0.0406330196749358,0.0217375941071289,0.028644192466134,0.0414389780969815,0.0430645057905718,0.0069065983590051,0.0127947856308475,0.00162552769359028,-0.00282477976317454,0.0402397260273973
"2022-12-01",15,"2024-03-01","2024-05-01",1141,47,0.0411919368974584,0.0415936952714536,-3.13732320592232,-3.80673473380674,0.669411527884419,0.290285959980498,0.379125567903921,0.382530832333077,-0.00340526442915612,-0.0867707337031682,0.0833654692740121,-3.22068867519633,0.0383945512467311,0.0415936952714536,0.0217375941071289,0.0288478194500509,0.0417296536730989,0.0383945512467311,0.00711022534292199,0.0128818342230479,-0.0033351024263678,0.00279738565072731,0.0411919368974584
"2022-12-01",16,"2024-04-01","2024-06-01",1103,46,0.0417044424297371,0.0421195652173913,-3.12421059832712,-3.80673473380674,0.682524135479619,0.255943184868061,0.426580950611558,0.382530832333077,0.0440501182784805,-0.166238059830077,0.210288178108557,-3.33449877643568,0.0344064555394554,0.0421195652173913,0.0217375941071289,0.02790109687394,0.0403777542683022,0.0344064555394554,0.00616350276681102,0.0124766573943623,-0.00597129872884685,0.00729798689028171,0.0417044424297371
"2022-12-01",17,"2024-05-01","2024-07-01",1066,44,0.0412757973733583,0.0417057169634489,-3.13451669874476,-3.80673473380674,0.672218035061979,0.264080020949498,0.408138014112481,0.382530832333077,0.0256071817794035,-0.137386364523851,0.162993546303255,-3.29751024504802,0.0356567013412897,0.0417057169634489,0.0217375941071289,0.028122639040942,0.0406942172238698,0.0356567013412897,0.00638504493381307,0.0125715781829277,-0.00503751588258011,0.00561909603206869,0.0412757973733583
"2022-12-01",18,"2024-06-01","2024-08-01",1031,49,0.0475266731328807,0.0479651162790698,-2.98812767416877,-3.80673473380674,0.818607059637969,0.253616829857505,0.564990229780464,0.382530832333077,0.182459397447387,-0.0436523443082237,0.22611174175561,-3.21423941592438,0.0386333706820422,0.0479651162790698,0.0217375941071289,0.0278380692675519,0.0402877104000931,0.0386333706820422,0.00610047516042296,0.0124496411325412,-0.00165433971805085,0.00889330245083848,0.0475266731328807
"2022-12-01",19,"2024-07-01","2024-09-01",1001,44,0.043956043956044,0.0444111776447106,-3.06883653188261,-3.80673473380674,0.737898201924135,0.241048700025503,0.496849501898632,0.382530832333077,0.114318669565555,0.012370769741451,0.101947899824104,-3.17078443170671,0.0402800802413066,0.0444111776447106,0.0217375941071289,0.0274999475031061,0.0398045663841058,0.0402800802413066,0.00576235339597715,0.0123046188809997,0.00047551385720087,0.00367596371473732,0.043956043956044
"2022-12-01",20,"2024-08-01","2024-10-01",978,44,0.0449897750511247,0.0454545454545455,-3.04452243772342,-3.80673473380674,0.762212296083318,0.19016434378928,0.572047952294038,0.382530832333077,0.189517119960961,-0.0445556309177286,0.23407275087869,-3.27859518860211,0.0363128446466263,0.0454545454545455,0.0217375941071289,0.0261713416691865,0.0379046576086037,0.0363128446466263,0.00443374756205756,0.0117333159394172,-0.00159181296197739,0.00867693040449843,0.0449897750511247
"2022-12-01",21,"2024-09-01","2024-11-01",945,30,0.0317460317460317,0.0322410147991543,-3.4017436805012,-3.80673473380674,0.404991053305542,0.159736706239509,0.245254347066033,0.382530832333077,-0.137276485267045,-0.120872882653184,-0.0164036026138608,-3.38534007788734,0.0327567781797603,0.0322410147991543,0.0217375941071289,0.0254069305137959,0.0368104945942476,0.0327567781797603,0.00366933640666691,0.0114035640804517,-0.00405371641448724,-0.00101074643372859,0.0317460317460317
"2022-12-01",22,"2024-10-01","2024-12-01",920,22,0.0239130434782609,0.0244299674267101,-3.68721139701324,-3.80673473380674,0.119523336793502,0.116545108534489,0.00297822825901253,0.382530832333077,-0.379552604074065,-0.216270605622804,-0.163281998451261,-3.52392939856198,0.0286389821131326,0.0244299674267101,0.0217375941071289,0.0243590873272493,0.0353093801682397,0.0286389821131326,0.00262149322012033,0.0109502928409904,-0.00667039805510703,-0.00472593863487175,0.0239130434782609
"2022-12-01",23,"2024-11-01","2025-01-01",888,23,0.0259009009009009,0.0264341957255343,-3.60630695346615,-3.80673473380674,0.20042778034059,0.134096448024832,0.0663313323157587,0.382530832333077,-0.316199500017319,-0.27190253939058,-0.0442969606267384,-3.56200999283941,0.0275984293858673,0.0264341957255343,0.0217375941071289,0.0247797081878399,0.0359121253961485,0.0275984293858673,0.00304211408071098,0.0111324172083085,-0.00831369601028115,-0.00169752848496642,0.0259009009009009
"2022-12-01",24,"2024-12-01","2025-02-01",864,39,0.0451388888888889,0.0456647398843931,-3.03968859145311,-3.80673473380674,0.767046142353634,0.136933913842919,0.630112228510715,0.382530832333077,0.247581396177638,-0.280973561858756,0.528554958036394,-3.5682435494895,0.0274316326599507,0.045664739884393,0.0217375941071289,0.024848370001482,0.0360104948695859,0.0274316326599507,0.00311077589435308,0.0111621248681038,-0.00857886220963515,0.0177072562289382,0.0451388888888889
"2022-12-01",25,"2025-01-01","2025-03-01",849,43,0.0506478209658422,0.0511764705882353,-2.91994295947062,-3.80673473380674,0.886791774336116,0.153144376103385,0.733647398232732,0.382530832333077,0.351116565899654,-0.220096899446803,0.571213465346457,-3.49115642481708,0.0295649073425728,0.0511764705882353,0.0217375941071289,0.025244204774237,0.0365774727269689,0.0295649073425728,0.00350661066710802,0.0113332679527319,-0.00701256538439604,0.0210829136232693,0.0506478209658422
"2022-12-01",26,"2025-02-01","2025-04-01",826,41,0.049636803874092,0.0501813784764208,-2.94062703045902,-3.80673473380674,0.866107703347718,0.150824454081345,0.715283249266373,0.382530832333077,0.332752416933295,-0.119114391369798,0.451866808303093,-3.39249383876212,0.0325308761052124,0.0501813784764208,0.0217375941071289,0.0251871814349458,0.0364958075280766,0.0325308761052124,0.00344958732781681,0.0113086260931308,-0.00396493142286417,0.0171059277688796,0.049636803874092
"2022-12-01",27,"2025-03-01","2025-05-01",793,27,0.0340479192938209,0.0346347607052897,-3.32764869363934,-3.80673473380674,0.479086040167398,0.182987039848669,0.296099000318729,0.382530832333077,-0.0864318320143486,-0.107925127268065,0.0214932952537164,-3.34914198889306,0.0339232720721302,0.0346347607052897,0.0217375941071289,0.0259890387722965,0.0376437827824143,0.0339232720721302,0.00425144466516755,0.0116547440101178,-0.00372051071028417,0.000124647221690775,0.0340479192938209
"2022-12-01",28,"2025-04-01","2025-06-01",777,20,0.0257400257400257,0.0263496143958869,-3.60959865123916,-3.80673473380674,0.197136082567579,0.161161887237147,0.0359741953304323,0.382530832333077,-0.346556637002645,-0.235086272945408,-0.111470364057237,-3.49812828718192,0.0293655335846911,0.0263496143958869,0.0217375941071289,0.0254422438960924,0.0368610584436717,0.0293655335846911,0.00370464978896346,0.0114188145475793,-0.00749552485898066,-0.00362550784466533,0.0257400257400257
"2022-12-01",29,"2025-05-01","2025-07-01",757,18,0.023778071334214,0.0244063324538259,-3.68820355006658,-3.80673473380674,0.118531183740166,0.142171123824215,-0.0236399400840497,0.382530832333077,-0.406170772417127,-0.250974436629057,-0.15519633578807,-3.53300721427851,0.0283875259463943,0.0244063324538258,0.0217375941071289,0.024975588751243,0.0361927404527562,0.0283875259463943,0.00323799464411409,0.0112171517015132,-0.00780521450636192,-0.00460945461218029,0.023778071334214
"2022-12-01",30,"2025-06-01","2025-08-01",738,22,0.029810298102981,0.030446549391069,-3.46086293805785,-3.80673473380674,0.345871795748889,0.125435575789942,0.220436219958947,0.382530832333077,-0.16209461237413,-0.223272625389369,0.0611780130152385,-3.52204095107309,0.0286915632277491,0.030446549391069,0.0217375941071289,0.0245712715617039,0.0356134671222856,0.0286915632277491,0.00283367745457492,0.0110421955605817,-0.00692190389453645,0.00111873487523188,0.029810298102981
"2022-12-01",31,"2025-07-01","2025-09-01",730,27,0.036986301369863,0.0376196990424077,-3.24188187188192,-3.80673473380674,0.564852861924823,0.116476719657313,0.44837614226751,0.382530832333077,0.0658453099344323,-0.0940398023223301,0.159885112256762,-3.40176698413868,0.0322402876978951,0.0376196990424077,0.0217375941071289,0.0243574620690612,0.0353070507373974,0.0322402876978951,0.00261986796193227,0.0109495886683362,-0.00306676303950238,0.00474601367196796,0.036986301369863
"2022-12-01",32,"2025-08-01","2025-10-01",718,26,0.0362116991643454,0.0368567454798331,-3.26316350506932,-3.80673473380674,0.543571228737424,0.132416258675008,0.411154970062416,0.382530832333077,0.0286241377293387,-0.107057910710504,0.135682048439843,-3.39884555350916,0.0323315634872345,0.0368567454798331,0.0217375941071289,0.0247391376828066,0.0358539984718536,0.0323315634872345,0.00300154357567763,0.0111148607890471,-0.0035224349846191,0.00388013567711087,0.0362116991643454
"2022-12-01",33,"2025-09-01","2025-11-01",702,18,0.0256410256410256,0.0263157894736842,-3.61091791264422,-3.80673473380674,0.195816821162517,0.139526428591446,0.0562903925710712,0.382530832333077,-0.326240439762006,-0.297348527808966,-0.0288919119530407,-3.58202600069118,0.0270663138986639,0.0263157894736842,0.0217375941071289,0.0249112664840387,0.0361005990861162,0.0270663138986639,0.0031736723769098,0.0111893326020775,-0.00903428518745235,-0.00142528825763822,0.0256410256410256
"2022-12-01",34,"2025-10-01","2025-12-01",683,18,0.0263543191800878,0.027046783625731,-3.58276790575089,-3.80673473380674,0.223966828055854,0.131428628410337,0.0925381996455174,0.382530832333077,-0.28999263268756,-0.28999263268756,0,-3.58276790575089,0.027046783625731,0.027046783625731,0.0217375941071289,0.0247153201974912,0.0358198732315934,0.027046783625731,0.00297772609036222,0.0111045530341022,-0.00877308960586241,-0.000692464445643144,0.0263543191800878
